t,screen,left_node,left_raw_cm,left_filtered_cm,left_rejected,centre_node,centre_raw_cm,centre_filtered_cm,centre_rejected,right_node,right_raw_cm,right_filtered_cm,right_rejected,active_sensor,active_cm,status,held,bad_readings,grid_x,grid_y,raw_grid_x,raw_grid_y,calibrated,alert_cm,max_cm
56,game,3,,,0,1,,,0,2,,,0,,,no-signal,0,0,,,,,1,10,150
56,game,3,,,0,1,,,0,2,,,0,,,no-signal,0,0,,,,,1,10,150
159,game,3,,,0,1,,,0,2,,,0,,,no-signal,0,1,,,,,1,10,150
160,game,3,,,0,1,,,0,2,,,0,,,no-signal,0,1,,,,,1,10,150
185,game,3,,,0,1,,,0,2,,,0,,,no-signal,0,1,,,,,1,10,150
186,game,3,,,0,1,,,0,2,,,0,,,no-signal,0,1,,,,,1,10,150
187,game,3,,,0,1,,,0,2,103.52,,0,,,no-signal,0,2,,,,,1,10,150
187,game,3,,,0,1,,,0,2,103.52,,0,,,no-signal,0,2,,,,,1,10,150
260,game,3,,,0,1,,,0,2,103.52,103.52,0,right,103.52,ok,0,0,2,2,2,2,1,10,150
364,game,3,,,0,1,,,0,2,103.52,103.52,0,right,103.52,ok,0,0,2,2,2,2,1,10,150
365,game,3,,,0,1,,,0,2,103.52,103.52,0,right,103.52,ok,0,0,2,2,2,2,1,10,150
388,game,3,,,0,1,,,0,2,103.52,103.52,0,right,103.52,ok,0,0,2,2,2,2,1,10,150
389,game,3,,,0,1,,,0,2,103.52,103.52,0,right,103.52,ok,0,0,2,2,2,2,1,10,150
390,game,3,,,0,1,,,0,2,,103.52,0,right,103.52,ok,0,0,2,2,2,2,1,10,150
403,game,3,,,0,1,,,0,2,,103.52,0,right,103.52,ok,0,0,2,2,2,2,1,10,150
467,game,3,,,0,1,,,0,2,,103.52,0,right,103.52,ok,0,0,2,2,2,2,1,10,150
467,game,3,,,0,1,,,0,2,,103.52,0,right,103.52,ok,0,0,2,2,2,2,1,10,150
480,game,3,,,0,1,,,0,2,,103.52,0,right,103.52,ok,0,0,2,2,2,2,1,10,150
568,game,3,,,0,1,,,0,2,220.93,103.52,0,right,103.52,ok,0,0,2,2,2,2,1,10,150
569,game,3,,,0,1,,,0,2,220.93,103.52,0,right,103.52,ok,0,0,2,2,2,2,1,10,150
582,game,3,,,0,1,,,0,2,220.93,103.52,0,right,103.52,ok,0,0,2,2,2,2,1,10,150
596,game,3,,,0,1,,,0,2,220.93,103.52,1,right,103.52,ok,0,0,2,2,2,2,1,10,150
597,game,3,,,0,1,,,0,2,,103.52,2,right,103.52,ok,0,0,2,2,2,2,1,10,150
672,game,3,,,0,1,,,0,2,,103.52,2,right,103.52,ok,0,0,2,2,2,2,1,10,150
673,game,3,,,0,1,,,0,2,,103.52,2,right,103.52,ok,0,0,2,2,2,2,1,10,150
775,game,3,,,0,1,51.95,,0,2,,,2,,,ok,1,0,2,2,,,1,10,150
776,game,3,,,0,1,51.95,,0,2,,,2,,,ok,1,0,2,2,,,1,10,150
786,game,3,,,0,1,51.95,,0,2,,,2,,,ok,1,0,2,2,,,1,10,150
799,game,3,,,0,1,51.95,,0,2,,,2,,,ok,1,0,2,2,,,1,10,150
880,game,3,,,0,1,60.08,51.95,0,2,,,2,centre,51.95,ok,0,0,2,2,1,0,1,10,150
881,game,3,,,0,1,60.08,51.95,0,2,,,2,centre,51.95,ok,0,0,2,2,1,0,1,10,150
894,game,3,,,0,1,60.08,51.95,0,2,,,2,centre,51.95,ok,0,0,2,2,1,0,1,10,150
907,game,3,,,0,1,60.08,51.95,0,2,,,2,centre,51.95,ok,0,0,2,2,1,0,1,10,150
984,game,3,,,0,1,,60.08,0,2,,,2,centre,60.08,ok,0,0,2,2,1,1,1,10,150
985,game,3,,,0,1,,60.08,0,2,,,2,centre,60.08,ok,0,0,2,2,1,1,1,10,150
1009,game,3,,,0,1,,60.08,0,2,,,2,centre,60.08,ok,0,0,2,2,1,1,1,10,150
1009,game,3,,,0,1,,60.08,0,2,,,2,centre,60.08,ok,0,0,2,2,1,1,1,10,150
1009,game,3,,,0,1,,60.08,0,2,,,2,centre,60.08,ok,0,0,2,2,1,1,1,10,150
1021,game,3,,,0,1,,60.08,0,2,,,2,centre,60.08,ok,0,0,2,2,1,1,1,10,150
1080,game,3,,,0,1,,60.08,0,2,,,2,centre,60.08,ok,0,0,2,2,1,1,1,10,150
1092,game,3,,,0,1,,60.08,0,2,,,2,centre,60.08,ok,0,0,2,2,1,1,1,10,150
1097,game,3,,,0,1,,60.08,0,2,,,2,centre,60.08,ok,0,0,2,2,1,1,1,10,150
1190,game,3,,,0,1,,60.08,0,2,,,2,centre,60.08,ok,0,0,2,2,1,1,1,10,150
1197,game,3,,,0,1,,60.08,0,2,,,2,centre,60.08,ok,0,0,2,2,1,1,1,10,150
1202,game,3,,,0,1,100.24,60.08,0,2,,,2,centre,60.08,ok,0,0,2,2,1,1,1,10,150
1291,game,3,,,0,1,100.24,100.24,7,2,187.59,,2,centre,100.24,ok,0,0,2,2,1,1,1,10,150
1294,game,3,,,0,1,100.24,100.24,7,2,,,3,centre,100.24,ok,0,0,2,2,1,1,1,10,150
1300,game,3,,,0,1,72.05,100.24,7,2,,,3,centre,100.24,ok,0,0,2,2,1,1,1,10,150
1300,game,3,,,0,1,72.05,100.24,7,2,,,3,centre,100.24,ok,0,0,2,2,1,1,1,10,150
1333,game,3,,,0,1,72.05,100.24,7,2,,,3,centre,100.24,ok,0,0,2,2,1,1,1,10,150
1391,game,3,247.22,,0,1,72.05,72.05,14,2,,,3,centre,72.05,ok,0,0,2,2,1,1,1,10,150
1391,game,3,247.22,,0,1,72.05,72.05,14,2,,,3,centre,72.05,ok,0,0,2,2,1,1,1,10,150
1403,game,3,247.22,247.22,0,1,71.52,72.05,14,2,,,3,centre,72.05,ok,0,0,2,2,1,1,1,10,150
1437,game,3,247.22,247.22,0,1,,71.52,14,2,,,3,centre,71.52,ok,0,0,2,2,1,1,1,10,150
1438,game,3,247.22,247.22,0,1,,71.52,14,2,,,3,centre,71.52,ok,0,0,2,2,1,1,1,10,150
1511,game,3,247.22,247.22,0,1,55.07,71.52,14,2,,,3,centre,71.52,ok,0,0,1,1,1,1,1,10,150
1513,game,3,247.22,247.22,0,1,55.07,71.52,14,2,133.53,,3,centre,71.52,ok,0,0,1,1,1,1,1,10,150
1516,game,3,,247.22,0,1,55.07,71.52,14,2,133.53,,3,centre,71.52,ok,0,0,1,1,1,1,1,10,150
1602,game,3,,247.22,0,1,61.31,55.07,14,2,133.53,133.53,3,centre,55.07,ok,0,0,1,1,1,1,1,10,150
1602,game,3,,247.22,0,1,61.31,55.07,14,2,133.53,133.53,3,centre,55.07,ok,0,0,1,1,1,1,1,10,150
1610,game,3,,247.22,0,1,61.31,55.07,14,2,133.53,133.53,3,centre,55.07,ok,0,0,1,1,1,1,1,10,150
1611,game,3,,247.22,0,1,61.31,55.07,14,2,232.85,133.53,3,centre,55.07,ok,0,0,1,1,1,1,1,10,150
1697,game,3,,247.22,0,1,,61.31,14,2,,232.85,10,centre,61.31,ok,0,0,1,1,1,1,1,10,150
1698,game,3,,247.22,0,1,,61.31,14,2,,232.85,10,centre,61.31,ok,0,0,1,1,1,1,1,10,150
1710,game,3,,247.22,0,1,,61.31,14,2,,232.85,10,centre,61.31,ok,0,0,1,1,1,1,1,10,150
1724,game,3,,247.22,0,1,,61.31,14,2,,232.85,10,centre,61.31,ok,0,0,1,1,1,1,1,10,150
1798,game,3,,247.22,0,1,,61.31,14,2,,232.85,10,centre,61.31,ok,0,0,1,1,1,1,1,10,150
1798,game,3,,247.22,0,1,,61.31,14,2,,232.85,10,centre,61.31,ok,0,0,1,1,1,1,1,10,150
1811,game,3,,247.22,0,1,,61.31,14,2,,232.85,10,centre,61.31,ok,0,0,1,1,1,1,1,10,150
1899,game,3,,,0,1,,61.31,14,2,,232.85,10,centre,61.31,ok,0,0,1,1,1,1,1,10,150
1900,game,3,,,0,1,,61.31,14,2,,232.85,10,centre,61.31,ok,0,0,1,1,1,1,1,10,150
1900,game,3,,,0,1,,61.31,14,2,,232.85,10,centre,61.31,ok,0,0,1,1,1,1,1,10,150
1912,game,3,,,0,1,227.89,61.31,14,2,,232.85,10,centre,61.31,ok,0,0,1,1,1,1,1,10,150
2000,game,3,,,0,1,227.89,227.89,21,2,,232.85,10,centre,227.89,ok,1,0,1,1,,,1,10,150
2005,game,3,,,0,1,227.89,227.89,21,2,47.47,232.85,10,centre,227.89,ok,1,1,1,1,,,1,10,150
2008,game,3,,,0,1,227.89,227.89,21,2,47.47,232.85,11,centre,227.89,ok,1,2,1,1,,,1,10,150
2015,game,3,,,0,1,,227.89,21,2,47.47,232.85,12,centre,227.89,ok,1,3,1,1,,,1,10,150
2110,game,3,,,0,1,,227.89,21,2,47.47,47.47,17,right,47.47,ok,0,0,1,1,2,0,1,10,150
2115,game,3,,,0,1,,227.89,21,2,47.47,47.47,17,right,47.47,ok,0,0,1,1,2,0,1,10,150
2116,game,3,,,0,1,,227.89,21,2,47.47,47.47,17,right,47.47,ok,0,0,1,1,2,0,1,10,150
2130,game,3,,,0,1,,227.89,21,2,,47.47,17,right,47.47,ok,0,0,1,1,2,0,1,10,150
2218,game,3,,,0,1,80.78,227.89,21,2,,47.47,17,right,47.47,ok,0,0,1,1,2,0,1,10,150
2218,game,3,,,0,1,77.96,227.89,21,2,,47.47,17,right,47.47,ok,0,0,1,1,2,0,1,10,150
2229,game,3,,,0,1,77.96,227.89,21,2,,47.47,17,right,47.47,ok,0,0,1,1,2,0,1,10,150
2243,game,3,,,0,1,77.96,227.89,22,2,,47.47,17,right,47.47,ok,0,0,1,1,2,0,1,10,150
2311,game,3,,,0,1,77.96,77.96,28,2,,47.47,17,right,47.47,ok,0,0,1,1,2,0,1,10,150
2312,game,3,,,0,1,77.96,77.96,28,2,,47.47,17,right,47.47,ok,0,0,1,1,2,0,1,10,150
2334,game,3,,,0,1,77.96,77.96,28,2,,47.47,17,right,47.47,ok,0,0,1,1,2,0,1,10,150
2335,game,3,,,0,1,77.96,77.96,28,2,,47.47,17,right,47.47,ok,0,0,1,1,2,0,1,10,150
2347,game,3,,,0,1,245.24,77.96,28,2,,47.47,17,right,47.47,ok,0,0,1,1,2,0,1,10,150
2415,game,3,,,0,1,77.52,245.24,35,2,,47.47,17,right,47.47,ok,0,0,1,1,2,0,1,10,150
2416,game,3,,,0,1,77.52,245.24,35,2,,47.47,17,right,47.47,ok,0,0,1,1,2,0,1,10,150
2460,game,3,,,0,1,77.52,77.52,42,2,,47.47,17,right,47.47,ok,0,0,1,1,2,0,1,10,150
2466,game,3,,,0,1,77.52,77.52,42,2,52.48,47.47,17,right,47.47,ok,0,0,1,1,2,0,1,10,150
2467,game,3,,,0,1,77.52,77.52,42,2,52.48,47.47,17,right,47.47,ok,0,0,1,1,2,0,1,10,150
2615,game,3,,,0,1,78.36,77.52,42,2,,52.48,17,right,52.48,ok,0,0,1,1,2,0,1,10,150
2616,game,3,,,0,1,78.36,77.52,42,2,,52.48,17,right,52.48,ok,0,0,1,1,2,0,1,10,150
2638,game,3,,,0,1,78.36,77.52,42,2,,52.48,17,right,52.48,ok,0,0,1,1,2,0,1,10,150
2641,game,3,,,0,1,78.36,77.52,42,2,,52.48,17,right,52.48,ok,0,0,2,0,2,0,1,10,150
2641,game,3,,,0,1,78.36,77.52,42,2,,52.48,17,right,52.48,ok,0,0,2,0,2,0,1,10,150
2654,game,3,,,0,1,78.36,77.52,42,2,,52.48,17,right,52.48,ok,0,0,2,0,2,0,1,10,150
2654,game,3,,,0,1,78.36,78.36,42,2,,52.48,17,right,52.48,ok,0,0,2,0,2,0,1,10,150
2719,game,3,,,0,1,78.32,78.36,42,2,,52.48,17,right,52.48,ok,0,0,2,0,2,0,1,10,150
2720,game,3,,,0,1,78.32,78.36,42,2,,52.48,17,right,52.48,ok,0,0,2,0,2,0,1,10,150
2732,game,3,,,0,1,78.32,78.36,42,2,,52.48,17,right,52.48,ok,0,0,2,0,2,0,1,10,150
2733,game,3,,,0,1,78.32,78.36,42,2,,52.48,17,right,52.48,ok,0,0,2,0,2,0,1,10,150
2754,game,3,,,0,1,78.32,78.36,42,2,,52.48,17,right,52.48,ok,0,0,2,0,2,0,1,10,150
2822,game,3,,,0,1,78.74,78.32,42,2,,52.48,17,right,52.48,ok,0,0,2,0,2,0,1,10,150
2823,game,3,,,0,1,78.74,78.32,42,2,,52.48,17,right,52.48,ok,0,0,2,0,2,0,1,10,150
2833,game,3,,,0,1,78.74,78.32,42,2,,52.48,17,right,52.48,ok,0,0,2,0,2,0,1,10,150
2927,game,3,,,0,1,78.74,78.74,42,2,,52.48,17,right,52.48,ok,0,0,2,0,2,0,1,10,150
2928,game,3,,,0,1,78.74,78.74,42,2,,52.48,17,right,52.48,ok,0,0,2,0,2,0,1,10,150
2942,game,3,,,0,1,78.36,78.74,42,2,,52.48,17,right,52.48,ok,0,0,2,0,2,0,1,10,150
2943,game,3,,,0,1,78.36,78.74,42,2,,52.48,17,right,52.48,ok,0,0,2,0,2,0,1,10,150
3027,game,3,,,0,1,77.93,78.36,42,2,,,17,centre,78.36,ok,0,0,2,0,1,1,1,10,150
3029,game,3,,,0,1,77.93,78.36,42,2,,,17,centre,78.36,ok,0,0,2,0,1,1,1,10,150
3030,game,3,,,0,1,77.93,78.36,42,2,,,17,centre,78.36,ok,0,0,2,0,1,1,1,10,150
3046,game,3,,,0,1,77.93,78.36,42,2,,,17,centre,78.36,ok,0,0,2,0,1,1,1,10,150
3060,game,3,,,0,1,77.93,78.36,42,2,,,17,centre,78.36,ok,0,0,2,0,1,1,1,10,150
3129,game,3,,,0,1,77.93,77.93,42,2,,,17,centre,77.93,ok,0,0,2,0,1,1,1,10,150
3130,game,3,,,0,1,77.93,77.93,42,2,,,17,centre,77.93,ok,0,0,2,0,1,1,1,10,150
3143,game,3,,,0,1,77.93,77.93,42,2,,,17,centre,77.93,ok,0,0,2,0,1,1,1,10,150
3157,game,3,,,0,1,78.39,77.93,42,2,,,17,centre,77.93,ok,0,0,2,0,1,1,1,10,150
3232,game,3,,,0,1,78.39,78.39,42,2,,,17,centre,78.39,ok,0,0,2,0,1,1,1,10,150
3237,game,3,,,0,1,78,78.39,42,2,,,17,centre,78.39,ok,0,0,2,0,1,1,1,10,150
3238,game,3,,,0,1,78.43,78.39,42,2,,,17,centre,78.39,ok,0,0,2,0,1,1,1,10,150
3335,game,3,,,0,1,78.44,78.43,42,2,,,17,centre,78.43,ok,0,0,2,0,1,1,1,10,150
3336,game,3,,,0,1,78.87,78.43,42,2,,,17,centre,78.43,ok,0,0,2,0,1,1,1,10,150
3346,game,3,,,0,1,78.87,78.43,42,2,,,17,centre,78.43,ok,0,0,2,0,1,1,1,10,150
3361,game,3,,,0,1,78.87,78.43,42,2,,,17,centre,78.43,ok,0,0,2,0,1,1,1,10,150
3361,game,3,,,0,1,78.87,78.43,42,2,,,17,centre,78.43,ok,0,0,2,0,1,1,1,10,150
3434,game,3,,,0,1,78.05,78.87,42,2,,,17,centre,78.87,ok,0,0,2,0,1,1,1,10,150
3442,game,3,,,0,1,78.05,78.87,42,2,,,17,centre,78.87,ok,0,0,2,0,1,1,1,10,150
3442,game,3,,,0,1,78.05,78.87,42,2,,,17,centre,78.87,ok,0,0,2,0,1,1,1,10,150
3471,game,3,,,0,1,78.05,78.87,42,2,,,17,centre,78.87,ok,0,0,2,0,1,1,1,10,150
3539,game,3,,,0,1,78.05,78.05,42,2,,,17,centre,78.05,ok,0,0,2,0,1,1,1,10,150
3539,game,3,,,0,1,78.05,78.05,42,2,,,17,centre,78.05,ok,0,0,2,0,1,1,1,10,150
3551,game,3,,,0,1,78.05,78.05,42,2,,,17,centre,78.05,ok,0,0,2,0,1,1,1,10,150
3564,game,3,,,0,1,78.92,78.05,42,2,,,17,centre,78.05,ok,0,0,2,0,1,1,1,10,150
3564,game,3,,,0,1,78.92,78.05,42,2,,,17,centre,78.05,ok,0,0,2,0,1,1,1,10,150
3640,game,3,,,0,1,78.92,78.92,42,2,,,17,centre,78.92,ok,0,0,1,1,1,1,1,10,150
3647,game,3,,,0,1,,78.92,42,2,,,17,centre,78.92,ok,0,0,1,1,1,1,1,10,150
3749,game,3,,,0,1,,78.92,42,2,,,17,centre,78.92,ok,0,0,1,1,1,1,1,10,150
3749,game,3,,,0,1,,78.92,42,2,,,17,centre,78.92,ok,0,0,1,1,1,1,1,10,150
3773,game,3,,,0,1,,78.92,42,2,,,17,centre,78.92,ok,0,0,1,1,1,1,1,10,150
3774,game,3,,,0,1,,78.92,42,2,,,17,centre,78.92,ok,0,0,1,1,1,1,1,10,150
3774,game,3,,,0,1,,78.92,42,2,,,17,centre,78.92,ok,0,0,1,1,1,1,1,10,150
3850,game,3,,,0,1,,78.92,42,2,,,17,centre,78.92,ok,0,0,1,1,1,1,1,10,150
3851,game,3,,,0,1,,78.92,42,2,,,17,centre,78.92,ok,0,0,1,1,1,1,1,10,150
3852,game,3,,,0,1,,78.92,42,2,,,17,centre,78.92,ok,0,0,1,1,1,1,1,10,150
3870,game,3,,,0,1,,78.92,42,2,,,17,centre,78.92,ok,0,0,1,1,1,1,1,10,150
3952,game,3,,,0,1,,78.92,42,2,,,17,centre,78.92,ok,0,0,1,1,1,1,1,10,150
3952,game,3,,,0,1,,78.92,42,2,,,17,centre,78.92,ok,0,0,1,1,1,1,1,10,150
3969,game,3,,,0,1,,78.92,42,2,,,17,centre,78.92,ok,0,0,1,1,1,1,1,10,150
4055,game,3,,,0,1,,,42,2,,,17,,,ok,1,0,1,1,,,1,10,150
4055,game,3,,,0,1,,,42,2,,,17,,,ok,1,0,1,1,,,1,10,150
4069,game,3,,,0,1,,,42,2,,,17,,,ok,1,0,1,1,,,1,10,150
4069,game,3,,,0,1,,,42,2,,,17,,,ok,1,0,1,1,,,1,10,150
4155,game,3,,,0,1,162.84,,42,2,,,17,,,ok,1,1,1,1,,,1,10,150
4156,game,3,,,0,1,162.84,,42,2,,,17,,,ok,1,1,1,1,,,1,10,150
4169,game,3,,,0,1,162.84,,42,2,,,17,,,ok,1,1,1,1,,,1,10,150
4170,game,3,,,0,1,162.84,,42,2,,,17,,,ok,1,1,1,1,,,1,10,150
4208,game,3,,,0,1,162.84,162.84,49,2,187.84,,17,centre,162.84,ok,1,2,1,1,,,1,10,150
4209,game,3,,,0,1,162.84,162.84,49,2,187.84,,18,centre,162.84,ok,1,3,1,1,,,1,10,150
4210,game,3,,,0,1,,162.84,49,2,187.84,,18,centre,162.84,ok,1,3,1,1,,,1,10,150
4313,game,3,,,0,1,,162.84,49,2,,187.84,24,centre,162.84,ok,1,4,1,1,,,1,10,150
4314,game,3,,,0,1,,162.84,49,2,,187.84,24,centre,162.84,ok,1,4,1,1,,,1,10,150
4360,game,3,,,0,1,,162.84,49,2,191.21,187.84,24,centre,162.84,ok,1,5,1,1,,,1,10,150
4360,game,3,,,0,1,,162.84,49,2,191.21,187.84,24,centre,162.84,ok,1,5,1,1,,,1,10,150
4374,game,3,,,0,1,247.83,162.84,49,2,191.21,187.84,24,centre,162.84,ok,1,6,1,1,,,1,10,150
4463,game,3,,,0,1,247.83,247.83,56,2,,191.21,24,right,191.21,ok,1,7,1,1,,,1,10,150
4474,game,3,,,0,1,,247.83,56,2,,191.21,24,right,191.21,ok,1,8,1,1,,,1,10,150
4476,game,3,,,0,1,,247.83,56,2,,191.21,24,right,191.21,ok,1,9,1,1,,,1,10,150
4492,game,3,,,0,1,,247.83,56,2,67.49,191.21,24,right,191.21,ok,1,10,1,1,,,1,10,150
4569,game,3,,,0,1,,247.83,56,2,,67.49,31,right,67.49,ok,0,0,1,1,2,1,1,10,150
4571,game,3,,,0,1,,247.83,56,2,,67.49,31,right,67.49,ok,0,0,1,1,2,1,1,10,150
4588,game,3,,,0,1,,247.83,56,2,,67.49,31,right,67.49,ok,0,0,1,1,2,1,1,10,150
4589,game,3,,,0,1,,247.83,56,2,,67.49,31,right,67.49,ok,0,0,1,1,2,1,1,10,150
4667,game,3,,,0,1,,247.83,56,2,,67.49,31,right,67.49,ok,0,0,1,1,2,1,1,10,150
4668,game,3,,,0,1,,247.83,56,2,,67.49,31,right,67.49,ok,0,0,1,1,2,1,1,10,150
4770,game,3,,,0,1,,247.83,56,2,,67.49,31,right,67.49,ok,0,0,1,1,2,1,1,10,150
4771,game,3,,,0,1,,247.83,56,2,,67.49,31,right,67.49,ok,0,0,1,1,2,1,1,10,150
4772,game,3,,,0,1,,247.83,56,2,,67.49,31,right,67.49,ok,0,0,1,1,2,1,1,10,150
4787,game,3,,,0,1,,247.83,56,2,,67.49,31,right,67.49,ok,0,0,1,1,2,1,1,10,150
4794,game,3,,,0,1,,247.83,56,2,,67.49,31,right,67.49,ok,0,0,1,1,2,1,1,10,150
4826,game,3,,,0,1,,,56,2,61.36,67.49,31,right,67.49,ok,0,0,1,1,2,1,1,10,150
4826,game,3,,,0,1,,,56,2,61.36,67.49,31,right,67.49,ok,0,0,1,1,2,1,1,10,150
4921,game,3,,,0,1,,,56,2,61.36,61.36,31,right,61.36,ok,0,0,1,1,2,1,1,10,150
4927,game,3,,,0,1,,,56,2,61.36,61.36,31,right,61.36,ok,0,0,1,1,2,1,1,10,150
4978,game,3,,,0,1,,,56,2,,61.36,31,right,61.36,ok,0,0,1,1,2,1,1,10,150
5015,game,3,,,0,1,,,56,2,178.53,61.36,31,right,61.36,ok,0,0,1,1,2,1,1,10,150
5017,game,3,,,0,1,,,56,2,178.53,61.36,32,right,61.36,ok,0,0,1,1,2,1,1,10,150
5017,game,3,,,0,1,,,56,2,178.53,61.36,32,right,61.36,ok,0,0,1,1,2,1,1,10,150
5033,game,3,,,0,1,,,56,2,,61.36,32,right,61.36,ok,0,0,1,1,2,1,1,10,150
5045,game,3,,,0,1,,,56,2,,61.36,32,right,61.36,ok,0,0,1,1,2,1,1,10,150
5132,game,3,,,0,1,,,56,2,,61.36,32,right,61.36,ok,0,0,1,1,2,1,1,10,150
5135,game,3,,,0,1,,,56,2,,61.36,32,right,61.36,ok,0,0,2,1,2,1,1,10,150
5135,game,3,,,0,1,,,56,2,,61.36,32,right,61.36,ok,0,0,2,1,2,1,1,10,150
5155,game,3,,,0,1,,,56,2,,61.36,32,right,61.36,ok,0,0,2,1,2,1,1,10,150
5220,game,3,,,0,1,,,56,2,,61.36,32,right,61.36,ok,0,0,2,1,2,1,1,10,150
5221,game,3,,,0,1,,,56,2,,61.36,32,right,61.36,ok,0,0,2,1,2,1,1,10,150
5221,game,3,,,0,1,,,56,2,,61.36,32,right,61.36,ok,0,0,2,1,2,1,1,10,150
5314,game,3,,,0,1,,,56,2,,61.36,32,right,61.36,ok,0,0,2,1,2,1,1,10,150
5315,game,3,,,0,1,,,56,2,,61.36,32,right,61.36,ok,0,0,2,1,2,1,1,10,150
5330,game,3,,,0,1,,,56,2,,,32,,,ok,1,1,2,1,,,1,10,150
5389,game,3,169.92,,0,1,,,56,2,,,32,,,ok,1,2,2,1,,,1,10,150
5390,game,3,169.92,,0,1,,,56,2,,,32,,,ok,1,2,2,1,,,1,10,150
5489,game,3,,169.92,0,1,,,56,2,,,32,left,169.92,ok,1,3,2,1,,,1,10,150
5490,game,3,,169.92,0,1,,,56,2,,,32,left,169.92,ok,1,3,2,1,,,1,10,150
5504,game,3,,169.92,0,1,,,56,2,,,32,left,169.92,ok,1,3,2,1,,,1,10,150
5505,game,3,,169.92,0,1,,,56,2,,,32,left,169.92,ok,1,3,2,1,,,1,10,150
5589,game,3,,169.92,0,1,,,56,2,,,32,left,169.92,ok,1,4,2,1,,,1,10,150
5590,game,3,,169.92,0,1,,,56,2,,,32,left,169.92,ok,1,4,2,1,,,1,10,150
5607,game,3,,169.92,0,1,,,56,2,,,32,left,169.92,ok,1,4,2,1,,,1,10,150
5608,game,3,,169.92,0,1,,,56,2,,,32,left,169.92,ok,1,5,2,1,,,1,10,150
5609,game,3,,169.92,0,1,,,56,2,,,32,left,169.92,ok,1,5,2,1,,,1,10,150
5694,game,3,,169.92,0,1,,,56,2,,,32,left,169.92,ok,1,6,2,1,,,1,10,150
5700,game,3,,169.92,0,1,,,56,2,,,32,left,169.92,ok,1,7,2,1,,,1,10,150
5701,game,3,,169.92,0,1,,,56,2,,,32,left,169.92,ok,1,7,2,1,,,1,10,150
5714,game,3,,169.92,0,1,,,56,2,,,32,left,169.92,ok,1,8,2,1,,,1,10,150
5794,game,3,,169.92,0,1,,,56,2,,,32,left,169.92,ok,1,9,2,1,,,1,10,150
5795,game,3,,169.92,0,1,,,56,2,,,32,left,169.92,ok,1,9,2,1,,,1,10,150
5818,game,3,,169.92,0,1,,,56,2,,,32,left,169.92,ok,1,9,2,1,,,1,10,150
5896,game,3,,,0,1,,,56,2,,,32,,,ok,1,10,2,1,,,1,10,150
5896,game,3,,,0,1,,,56,2,,,32,,,ok,1,10,2,1,,,1,10,150
5919,game,3,,,0,1,,,56,2,,,32,,,ok,1,10,2,1,,,1,10,150
5995,game,3,,,0,1,,,56,2,,,32,,,ok,1,11,2,1,,,1,10,150
5996,game,3,,,0,1,,,56,2,,,32,,,ok,1,11,2,1,,,1,10,150
6006,game,3,,,0,1,78.34,,56,2,,,32,,,ok,1,11,2,1,,,1,10,150
6020,game,3,,,0,1,78.34,,57,2,,,32,,,ok,1,12,2,1,,,1,10,150
6020,game,3,,,0,1,78.34,,57,2,,,32,,,ok,1,12,2,1,,,1,10,150
6028,game,3,,,0,1,78.34,,57,2,,,32,,,ok,1,12,2,1,,,1,10,150
6098,game,3,,,0,1,78.36,78.34,63,2,,,32,centre,78.34,ok,0,0,2,1,1,1,1,10,150
6099,game,3,,,0,1,78.36,78.34,63,2,,,32,centre,78.34,ok,0,0,2,1,1,1,1,10,150
6201,game,3,,,0,1,78.36,78.36,63,2,,,32,centre,78.36,ok,0,0,2,1,1,1,1,10,150
6201,game,3,,,0,1,78.36,78.36,63,2,,,32,centre,78.36,ok,0,0,2,1,1,1,1,10,150
6205,game,3,,,0,1,79.22,78.36,63,2,,,32,centre,78.36,ok,0,0,2,1,1,1,1,10,150
6221,game,3,,,0,1,79.22,78.36,63,2,,,32,centre,78.36,ok,0,0,2,1,1,1,1,10,150
6304,game,3,,,0,1,167.9,79.22,63,2,,,32,centre,79.22,ok,0,0,2,1,1,1,1,10,150
6304,game,3,,,0,1,167.9,79.22,63,2,190.4,,32,centre,79.22,ok,0,0,2,1,1,1,1,10,150
6316,game,3,,,0,1,167.9,79.22,63,2,190.4,,32,centre,79.22,ok,0,0,2,1,1,1,1,10,150
6331,game,3,,,0,1,167.9,79.22,64,2,190.4,,33,centre,79.22,ok,0,0,2,1,1,1,1,10,150
6406,game,3,,,0,1,77.95,167.9,70,2,190.4,190.4,38,centre,167.9,ok,1,0,2,1,,,1,10,150
6407,game,3,,,0,1,77.95,167.9,70,2,190.4,190.4,38,centre,167.9,ok,1,0,2,1,,,1,10,150
6419,game,3,,,0,1,77.95,167.9,70,2,190.4,190.4,38,centre,167.9,ok,1,0,2,1,,,1,10,150
6435,game,3,,,0,1,77.95,167.9,70,2,190.4,190.4,38,centre,167.9,ok,1,0,2,1,,,1,10,150
6436,game,3,,,0,1,77.95,167.9,71,2,,190.4,38,centre,167.9,ok,1,1,2,1,,,1,10,150
6437,game,3,,,0,1,77.95,167.9,71,2,,190.4,38,centre,167.9,ok,1,1,2,1,,,1,10,150
6511,game,3,,,0,1,77.95,77.95,77,2,,190.4,38,centre,77.95,ok,0,0,2,1,1,1,1,10,150
6523,game,3,,,0,1,,77.95,77,2,,190.4,38,centre,77.95,ok,0,0,2,1,1,1,1,10,150
6524,game,3,,,0,1,,77.95,77,2,,190.4,38,centre,77.95,ok,0,0,2,1,1,1,1,10,150
6613,game,3,,,0,1,,77.95,77,2,,190.4,38,centre,77.95,ok,0,0,2,1,1,1,1,10,150
6616,game,3,,,0,1,77.47,77.95,77,2,,190.4,38,centre,77.95,ok,0,0,2,1,1,1,1,10,150
6638,game,3,,,0,1,77.47,77.95,77,2,,190.4,38,centre,77.95,ok,0,0,2,1,1,1,1,10,150
6718,game,3,,,0,1,78.74,77.47,77,2,,190.4,38,centre,77.47,ok,0,0,2,1,1,1,1,10,150
6718,game,3,,,0,1,78.74,77.47,77,2,,190.4,38,centre,77.47,ok,0,0,2,1,1,1,1,10,150
6729,game,3,,,0,1,78.74,77.47,77,2,,190.4,38,centre,77.47,ok,0,0,2,1,1,1,1,10,150
6743,game,3,238.61,,0,1,78.74,77.47,77,2,,190.4,38,centre,77.47,ok,0,0,2,1,1,1,1,10,150
6743,game,3,238.61,,0,1,78.74,77.47,77,2,,190.4,38,centre,77.47,ok,0,0,2,1,1,1,1,10,150
6818,game,3,,238.61,7,1,80.74,78.74,77,2,,,38,centre,78.74,ok,0,0,2,1,1,1,1,10,150
6819,game,3,,238.61,7,1,80.74,78.74,77,2,,,38,centre,78.74,ok,0,0,2,1,1,1,1,10,150
6830,game,3,,238.61,7,1,80.74,78.74,77,2,,,38,centre,78.74,ok,0,0,2,1,1,1,1,10,150
6843,game,3,,238.61,7,1,80.74,78.74,77,2,,,38,centre,78.74,ok,0,0,2,1,1,1,1,10,150
6843,game,3,,238.61,7,1,80.74,78.74,77,2,,,38,centre,78.74,ok,0,0,2,1,1,1,1,10,150
6917,game,3,,238.61,7,1,80.74,80.74,77,2,,,38,centre,80.74,ok,0,0,2,1,1,1,1,10,150
6925,game,3,,238.61,7,1,80.78,80.74,77,2,,,38,centre,80.74,ok,0,0,1,1,1,1,1,10,150
6926,game,3,,238.61,7,1,80.78,80.74,77,2,,,38,centre,80.74,ok,0,0,1,1,1,1,1,10,150
6944,game,3,,238.61,7,1,80.78,80.74,77,2,,,38,centre,80.74,ok,0,0,1,1,1,1,1,10,150
7021,game,3,,238.61,7,1,80.78,80.78,77,2,,,38,centre,80.78,ok,0,0,1,1,1,1,1,10,150
7025,game,3,,238.61,7,1,75.96,80.78,77,2,,,38,centre,80.78,ok,0,0,1,1,1,1,1,10,150
7026,game,3,,238.61,7,1,75.96,80.78,77,2,,,38,centre,80.78,ok,0,0,1,1,1,1,1,10,150
7045,game,3,,238.61,7,1,75.96,80.78,77,2,,,38,centre,80.78,ok,0,0,1,1,1,1,1,10,150
7122,game,3,,238.61,7,1,75.96,75.96,77,2,,,38,centre,75.96,ok,0,0,1,1,1,1,1,10,150
7123,game,3,,238.61,7,1,75.96,75.96,77,2,,,38,centre,75.96,ok,0,0,1,1,1,1,1,10,150
7134,game,3,,238.61,7,1,,75.96,77,2,,,38,centre,75.96,ok,0,0,1,1,1,1,1,10,150
7226,game,3,,,7,1,76.88,75.96,77,2,,,38,centre,75.96,ok,0,0,1,1,1,1,1,10,150
7227,game,3,,,7,1,76.88,75.96,77,2,,,38,centre,75.96,ok,0,0,1,1,1,1,1,10,150
7237,game,3,,,7,1,76.88,75.96,77,2,,,38,centre,75.96,ok,0,0,1,1,1,1,1,10,150
7251,game,3,,,7,1,76.88,75.96,77,2,,,38,centre,75.96,ok,0,0,1,1,1,1,1,10,150
7251,game,3,,,7,1,76.88,75.96,77,2,,,38,centre,75.96,ok,0,0,1,1,1,1,1,10,150
7327,game,3,,,7,1,,76.88,77,2,,,38,centre,76.88,ok,0,0,1,1,1,1,1,10,150
7327,game,3,,,7,1,,76.88,77,2,,,38,centre,76.88,ok,0,0,1,1,1,1,1,10,150
7335,game,3,,,7,1,,76.88,77,2,,,38,centre,76.88,ok,0,0,1,1,1,1,1,10,150
7336,game,3,,,7,1,,76.88,77,2,,,38,centre,76.88,ok,0,0,1,1,1,1,1,10,150
7430,game,3,,,7,1,78.7,76.88,77,2,,,38,centre,76.88,ok,0,0,1,1,1,1,1,10,150
7430,game,3,,,7,1,78.7,76.88,77,2,,,38,centre,76.88,ok,0,0,1,1,1,1,1,10,150
7442,game,3,,,7,1,78.7,76.88,77,2,,,38,centre,76.88,ok,0,0,1,1,1,1,1,10,150
7531,game,3,,,7,1,,78.7,77,2,,,38,centre,78.7,ok,0,0,1,1,1,1,1,10,150
7532,game,3,,,7,1,,78.7,77,2,,,38,centre,78.7,ok,0,0,1,1,1,1,1,10,150
7544,game,3,,,7,1,,78.7,77,2,,,38,centre,78.7,ok,0,0,1,1,1,1,1,10,150
7559,game,3,,,7,1,,78.7,77,2,,,38,centre,78.7,ok,0,0,1,1,1,1,1,10,150
7636,game,3,,,7,1,,78.7,77,2,,,38,centre,78.7,ok,0,0,1,1,1,1,1,10,150
7638,game,3,,,7,1,,78.7,77,2,,,38,centre,78.7,ok,0,0,1,1,1,1,1,10,150
7638,game,3,,,7,1,,78.7,77,2,,,38,centre,78.7,ok,0,0,1,1,1,1,1,10,150
7667,game,3,,,7,1,,78.7,77,2,,,38,centre,78.7,ok,0,0,1,1,1,1,1,10,150
7739,game,3,,,7,1,,78.7,77,2,,,38,centre,78.7,ok,0,0,1,1,1,1,1,10,150
7740,game,3,,,7,1,,78.7,77,2,,,38,centre,78.7,ok,0,0,1,1,1,1,1,10,150
7754,game,3,,,7,1,,78.7,77,2,,,38,centre,78.7,ok,0,0,1,1,1,1,1,10,150
7755,game,3,,,7,1,,78.7,77,2,,,38,centre,78.7,ok,0,0,1,1,1,1,1,10,150
7793,game,3,,,7,1,,78.7,77,2,,,38,centre,78.7,ok,0,0,1,1,1,1,1,10,150
7877,game,3,,,7,1,,78.7,77,2,,,38,centre,78.7,ok,0,0,1,1,1,1,1,10,150
7877,game,3,,,7,1,,78.7,77,2,,,38,centre,78.7,ok,0,0,1,1,1,1,1,10,150
7894,game,3,,,7,1,,78.7,77,2,,,38,centre,78.7,ok,0,0,1,1,1,1,1,10,150
7895,game,3,,,7,1,,,77,2,,,38,,,ok,1,1,1,1,,,1,10,150
7964,game,3,,,7,1,,,77,2,,,38,,,ok,1,2,1,1,,,1,10,150
7972,game,3,,,7,1,,,77,2,,,38,,,ok,1,3,1,1,,,1,10,150
7978,game,3,,,7,1,,,77,2,,,38,,,ok,1,4,1,1,,,1,10,150
8074,game,3,,,7,1,,,77,2,,,38,,,ok,1,5,1,1,,,1,10,150
8074,game,3,,,7,1,,,77,2,,,38,,,ok,1,5,1,1,,,1,10,150
8094,game,3,,,7,1,,,77,2,,,38,,,ok,1,5,1,1,,,1,10,150
8095,game,3,,,7,1,,,77,2,,,38,,,ok,1,6,1,1,,,1,10,150
8156,game,3,,,7,1,,,77,2,,,38,,,ok,1,7,1,1,,,1,10,150
8156,game,3,,,7,1,,,77,2,,,38,,,ok,1,7,1,1,,,1,10,150
8169,game,3,,,7,1,,,77,2,,,38,,,ok,1,8,1,1,,,1,10,150
8249,game,3,,,7,1,76.83,,77,2,,,38,,,ok,1,9,1,1,,,1,10,150
8250,game,3,,,7,1,76.83,,77,2,,,38,,,ok,1,9,1,1,,,1,10,150
8352,game,3,,,7,1,,76.83,77,2,,,38,centre,76.83,ok,0,0,1,1,1,1,1,10,150
8353,game,3,,,7,1,,76.83,77,2,,,38,centre,76.83,ok,0,0,1,1,1,1,1,10,150
8361,game,3,,,7,1,,76.83,77,2,,,38,centre,76.83,ok,0,0,1,1,1,1,1,10,150
8362,game,3,,,7,1,,76.83,77,2,,,38,centre,76.83,ok,0,0,1,1,1,1,1,10,150
8362,game,3,,,7,1,,76.83,77,2,,,38,centre,76.83,ok,0,0,1,1,1,1,1,10,150
8454,game,3,,,7,1,143.91,76.83,77,2,,,38,centre,76.83,ok,0,0,1,1,1,1,1,10,150
8455,game,3,,,7,1,143.91,76.83,77,2,,,38,centre,76.83,ok,0,0,1,1,1,1,1,10,150
8477,game,3,,,7,1,143.91,76.83,77,2,,,38,centre,76.83,ok,0,0,1,1,1,1,1,10,150
8478,game,3,,,7,1,143.91,76.83,77,2,,,38,centre,76.83,ok,0,0,1,1,1,1,1,10,150
8478,game,3,,,7,1,143.91,76.83,77,2,,,38,centre,76.83,ok,0,0,1,1,1,1,1,10,150
8509,game,3,,,7,1,143.91,143.91,84,2,,,38,centre,143.91,ok,0,0,1,1,1,2,1,10,150
8556,game,3,,,7,1,143.91,143.91,84,2,,,38,centre,143.91,ok,0,0,1,1,1,2,1,10,150
8563,game,3,,,7,1,84.55,143.91,84,2,,,38,centre,143.91,ok,0,0,1,1,1,2,1,10,150
8671,game,3,,,7,1,89.44,84.55,91,2,,,38,centre,84.55,ok,0,0,1,1,1,1,1,10,150
8671,game,3,,,7,1,89.44,84.55,91,2,,,38,centre,84.55,ok,0,0,1,1,1,1,1,10,150
8696,game,3,,,7,1,89.44,84.55,91,2,,,38,centre,84.55,ok,0,0,1,1,1,1,1,10,150
8696,game,3,,,7,1,89.44,84.55,91,2,,,38,centre,84.55,ok,0,0,1,1,1,1,1,10,150
8697,game,3,,,7,1,89.44,84.55,91,2,,,38,centre,84.55,ok,0,0,1,1,1,1,1,10,150
8704,game,3,,,7,1,89.44,84.55,91,2,80.18,,38,centre,84.55,ok,0,0,1,1,1,1,1,10,150
8773,game,3,,,7,1,,89.44,91,2,79.7,80.18,45,right,80.18,ok,0,0,1,1,2,1,1,10,150
8774,game,3,,,7,1,,89.44,91,2,79.7,80.18,45,right,80.18,ok,0,0,1,1,2,1,1,10,150
8784,game,3,,,7,1,,89.44,91,2,79.7,80.18,45,right,80.18,ok,0,0,1,1,2,1,1,10,150
8801,game,3,,,7,1,,89.44,91,2,79.7,80.18,45,right,80.18,ok,0,0,1,1,2,1,1,10,150
8864,game,3,,,7,1,,89.44,91,2,64.69,79.7,45,right,79.7,ok,0,0,1,1,2,1,1,10,150
8864,game,3,,,7,1,,89.44,91,2,64.69,79.7,45,right,79.7,ok,0,0,1,1,2,1,1,10,150
8888,game,3,,,7,1,,89.44,91,2,64.69,79.7,45,right,79.7,ok,0,0,1,1,2,1,1,10,150
8889,game,3,,,7,1,,89.44,91,2,64.69,79.7,45,right,79.7,ok,0,0,1,1,2,1,1,10,150
8968,game,3,,,7,1,,89.44,91,2,82.25,64.69,45,right,64.69,ok,0,0,1,1,2,1,1,10,150
8969,game,3,,,7,1,,89.44,91,2,82.25,64.69,45,right,64.69,ok,0,0,1,1,2,1,1,10,150
8983,game,3,,,7,1,,89.44,91,2,82.25,64.69,45,right,64.69,ok,0,0,1,1,2,1,1,10,150
9068,game,3,,,7,1,,89.44,91,2,,82.25,45,right,82.25,ok,0,0,1,1,2,1,1,10,150
9068,game,3,,,7,1,,89.44,91,2,,82.25,45,right,82.25,ok,0,0,1,1,2,1,1,10,150
9078,game,3,,,7,1,,89.44,91,2,,82.25,45,right,82.25,ok,0,0,1,1,2,1,1,10,150
9092,game,3,,,7,1,,89.44,91,2,,82.25,45,right,82.25,ok,0,0,1,1,2,1,1,10,150
9093,game,3,,,7,1,,89.44,91,2,,82.25,45,right,82.25,ok,0,0,1,1,2,1,1,10,150
9176,game,3,,,7,1,,,91,2,,82.25,45,right,82.25,ok,0,0,1,1,2,1,1,10,150
9182,game,3,,,7,1,,,91,2,,82.25,45,right,82.25,ok,0,0,1,1,2,1,1,10,150
9184,game,3,,,7,1,,,91,2,,82.25,45,right,82.25,ok,0,0,1,1,2,1,1,10,150
9275,game,3,,,7,1,,,91,2,,82.25,45,right,82.25,ok,0,0,1,1,2,1,1,10,150
9276,game,3,,,7,1,,,91,2,,82.25,45,right,82.25,ok,0,0,1,1,2,1,1,10,150
9298,game,3,,,7,1,,,91,2,62.22,82.25,45,right,82.25,ok,0,0,1,1,2,1,1,10,150
9299,game,3,,,7,1,,,91,2,62.22,82.25,45,right,82.25,ok,0,0,1,1,2,1,1,10,150
9299,game,3,,,7,1,,,91,2,62.22,82.25,45,right,82.25,ok,0,0,1,1,2,1,1,10,150
9322,game,3,,,7,1,,,91,2,62.22,62.22,45,right,62.22,ok,0,0,1,1,2,1,1,10,150
9381,game,3,,,7,1,,,91,2,62.63,62.22,45,right,62.22,ok,0,0,2,1,2,1,1,10,150
9477,game,3,,,7,1,,,91,2,62.2,62.63,45,right,62.63,ok,0,0,2,1,2,1,1,10,150
9478,game,3,,,7,1,,,91,2,62.2,62.63,45,right,62.63,ok,0,0,2,1,2,1,1,10,150
9489,game,3,,,7,1,,,91,2,62.2,62.63,45,right,62.63,ok,0,0,2,1,2,1,1,10,150
9502,game,3,,,7,1,,,91,2,62.2,62.63,45,right,62.63,ok,0,0,2,1,2,1,1,10,150
9503,game,3,,,7,1,,,91,2,62.2,62.63,45,right,62.63,ok,0,0,2,1,2,1,1,10,150
9503,game,3,,,7,1,,,91,2,62.2,62.63,45,right,62.63,ok,0,0,2,1,2,1,1,10,150
9580,game,3,,,7,1,,,91,2,62.2,62.2,45,right,62.2,ok,0,0,2,1,2,1,1,10,150
9581,game,3,,,7,1,,,91,2,62.2,62.2,45,right,62.2,ok,0,0,2,1,2,1,1,10,150
9603,game,3,,,7,1,,,91,2,62.2,62.2,45,right,62.2,ok,0,0,2,1,2,1,1,10,150
9604,game,3,,,7,1,,,91,2,86.38,62.2,45,right,62.2,ok,0,0,2,1,2,1,1,10,150
9604,game,3,,,7,1,,,91,2,86.38,62.2,45,right,62.2,ok,0,0,2,1,2,1,1,10,150
9682,game,3,,,7,1,,,91,2,,86.38,45,right,86.38,ok,0,0,2,1,2,1,1,10,150
9682,game,3,,,7,1,,,91,2,,86.38,45,right,86.38,ok,0,0,2,1,2,1,1,10,150
9701,game,3,,,7,1,,,91,2,,86.38,45,right,86.38,ok,0,0,2,1,2,1,1,10,150
9785,game,3,,,7,1,,,91,2,83.9,86.38,45,right,86.38,ok,0,0,2,1,2,1,1,10,150
9786,game,3,,,7,1,,,91,2,83.9,86.38,45,right,86.38,ok,0,0,2,1,2,1,1,10,150
9806,game,3,,,7,1,,,91,2,83.9,86.38,45,right,86.38,ok,0,0,2,1,2,1,1,10,150
9807,game,3,,,7,1,,,91,2,83.9,86.38,45,right,86.38,ok,0,0,2,1,2,1,1,10,150
9892,game,3,,,7,1,,,91,2,86.42,83.9,45,right,83.9,ok,0,0,2,1,2,1,1,10,150
9892,game,3,,,7,1,,,91,2,86.42,83.9,45,right,83.9,ok,0,0,2,1,2,1,1,10,150
9917,game,3,,,7,1,,,91,2,86.42,83.9,45,right,83.9,ok,0,0,2,1,2,1,1,10,150
9918,game,3,,,7,1,,,91,2,70.74,83.9,45,right,83.9,ok,0,0,2,1,2,1,1,10,150
9918,game,3,,,7,1,,,91,2,70.74,83.9,45,right,83.9,ok,0,0,2,1,2,1,1,10,150
10015,game,3,,,7,1,,,91,2,87.26,70.74,45,right,70.74,ok,0,0,2,1,2,1,1,10,150
10015,game,3,,,7,1,,,91,2,87.26,70.74,45,right,70.74,ok,0,0,2,1,2,1,1,10,150
10037,game,3,,,7,1,,,91,2,87.26,87.26,45,right,87.26,ok,0,0,2,1,2,1,1,10,150
10038,game,3,,,7,1,,,91,2,87.26,87.26,45,right,87.26,ok,0,0,2,1,2,1,1,10,150
10103,game,3,,,7,1,,,91,2,65.46,87.26,45,right,87.26,ok,0,0,2,1,2,1,1,10,150
10109,game,3,,,7,1,,,91,2,65.46,87.26,45,right,87.26,ok,0,0,2,1,2,1,1,10,150
10117,game,3,,,7,1,,,91,2,65.46,65.46,45,right,65.46,ok,0,0,2,1,2,1,1,10,150
10207,game,3,,,7,1,,,91,2,,65.46,45,right,65.46,ok,0,0,2,1,2,1,1,10,150
10207,game,3,,,7,1,,,91,2,,65.46,45,right,65.46,ok,0,0,2,1,2,1,1,10,150
10218,game,3,,,7,1,,,91,2,,65.46,45,right,65.46,ok,0,0,2,1,2,1,1,10,150
10233,game,3,,,7,1,,,91,2,,65.46,45,right,65.46,ok,0,0,2,1,2,1,1,10,150
10234,game,3,,,7,1,,,91,2,,65.46,45,right,65.46,ok,0,0,2,1,2,1,1,10,150
10297,game,3,,,7,1,,,91,2,,65.46,45,right,65.46,ok,0,0,2,1,2,1,1,10,150
10297,game,3,,,7,1,,,91,2,,65.46,45,right,65.46,ok,0,0,2,1,2,1,1,10,150
10398,game,3,,,7,1,,,91,2,,65.46,45,right,65.46,ok,0,0,2,1,2,1,1,10,150
10399,game,3,,,7,1,,,91,2,,65.46,45,right,65.46,ok,0,0,2,1,2,1,1,10,150
10405,game,3,,,7,1,,,91,2,,65.46,45,right,65.46,ok,0,0,2,1,2,1,1,10,150
10418,game,3,,,7,1,,,91,2,,65.46,45,right,65.46,ok,0,0,2,1,2,1,1,10,150
10419,game,3,,,7,1,,,91,2,,65.46,45,right,65.46,ok,0,0,2,1,2,1,1,10,150
10503,game,3,,,7,1,,,91,2,,65.46,45,right,65.46,ok,0,0,2,1,2,1,1,10,150
10504,game,3,,,7,1,,,91,2,,65.46,45,right,65.46,ok,0,0,2,1,2,1,1,10,150
10514,game,3,,,7,1,,,91,2,,65.46,45,right,65.46,ok,0,0,2,1,2,1,1,10,150
10604,game,3,,,7,1,,,91,2,,,45,,,ok,1,0,2,1,,,1,10,150
10605,game,3,,,7,1,,,91,2,,,45,,,ok,1,0,2,1,,,1,10,150
10631,game,3,,,7,1,,,91,2,188.77,,45,,,ok,1,1,2,1,,,1,10,150
10631,game,3,,,7,1,,,91,2,,,46,,,ok,1,2,2,1,,,1,10,150
10708,game,3,,,7,1,,,91,2,,,46,,,ok,1,3,2,1,,,1,10,150
10708,game,3,,,7,1,,,91,2,,,46,,,ok,1,3,2,1,,,1,10,150
10734,game,3,,,7,1,,,91,2,,,46,,,ok,1,3,2,1,,,1,10,150
10734,game,3,,,7,1,,,91,2,,,46,,,ok,1,3,2,1,,,1,10,150
10810,game,3,,,7,1,,,91,2,,,46,,,ok,1,4,2,1,,,1,10,150
10818,game,3,,,7,1,,,91,2,,,46,,,ok,1,5,2,1,,,1,10,150
10827,game,3,,,7,1,,,91,2,52.12,,46,,,ok,1,6,2,1,,,1,10,150
10836,game,3,,,7,1,,,91,2,52.12,52.12,46,right,52.12,ok,0,0,2,1,2,1,1,10,150
10836,game,3,,,7,1,,,91,2,52.12,52.12,46,right,52.12,ok,0,0,2,1,2,1,1,10,150
10922,game,3,,,7,1,,,91,2,52.12,52.12,46,right,52.12,ok,0,0,2,1,2,1,1,10,150
10922,game,3,,,7,1,,,91,2,52.12,52.12,46,right,52.12,ok,0,0,2,1,2,1,1,10,150
11014,game,3,,,7,1,,,91,2,,52.12,46,right,52.12,ok,0,0,2,1,2,1,1,10,150
11014,game,3,,,7,1,,,91,2,,52.12,46,right,52.12,ok,0,0,2,1,2,1,1,10,150
11030,game,3,,,7,1,,,91,2,,52.12,46,right,52.12,ok,0,0,2,1,2,1,1,10,150
11030,game,3,,,7,1,,,91,2,,52.12,46,right,52.12,ok,0,0,2,1,2,1,1,10,150
11119,game,3,140.03,,7,1,,,91,2,,52.12,46,right,52.12,ok,0,0,2,1,2,1,1,10,150
11120,game,3,,,7,1,,,91,2,,52.12,46,right,52.12,ok,0,0,2,1,2,1,1,10,150
11143,game,3,,,7,1,,,91,2,,52.12,46,right,52.12,ok,0,0,2,1,2,1,1,10,150
11144,game,3,,,7,1,,,91,2,,52.12,46,right,52.12,ok,0,0,2,1,2,1,1,10,150
11225,game,3,,,7,1,,,91,2,,52.12,46,right,52.12,ok,0,0,2,1,2,1,1,10,150
11226,game,3,,,7,1,,,91,2,,52.12,46,right,52.12,ok,0,0,2,1,2,1,1,10,150
11240,game,3,,,7,1,,,91,2,,52.12,46,right,52.12,ok,0,0,2,1,2,1,1,10,150
11240,game,3,,,7,1,,,91,2,,52.12,46,right,52.12,ok,0,0,2,1,2,1,1,10,150
11321,game,3,,,7,1,,,91,2,,52.12,46,right,52.12,ok,0,0,2,1,2,1,1,10,150
11322,game,3,,,7,1,,,91,2,,52.12,46,right,52.12,ok,0,0,2,1,2,1,1,10,150
11332,game,3,,,7,1,,,91,2,,52.12,46,right,52.12,ok,0,0,2,1,2,1,1,10,150
11425,game,3,,,7,1,,,91,2,81.69,,46,,,ok,1,0,2,1,,,1,10,150
11425,game,3,,,7,1,,,91,2,81.69,,46,,,ok,1,0,2,1,,,1,10,150
11446,game,3,,,7,1,,,91,2,81.69,,46,,,ok,1,0,2,1,,,1,10,150
11447,game,3,,,7,1,,,91,2,81.69,81.69,46,right,81.69,ok,0,0,2,1,2,1,1,10,150
11448,game,3,,,7,1,,,91,2,81.69,81.69,46,right,81.69,ok,0,0,2,1,2,1,1,10,150
11477,game,3,,,7,1,,,91,2,80.4,81.69,46,right,81.69,ok,0,0,2,1,2,1,1,10,150
11478,game,3,,,7,1,,,91,2,80.4,81.69,46,right,81.69,ok,0,0,2,1,2,1,1,10,150
11527,game,3,,,7,1,,,91,2,80.4,80.4,46,right,80.4,ok,0,0,2,1,2,1,1,10,150
11527,game,3,,,7,1,,,91,2,80.4,80.4,46,right,80.4,ok,0,0,2,1,2,1,1,10,150
11630,game,3,,,7,1,,,91,2,79.94,80.4,46,right,80.4,ok,0,0,2,1,2,1,1,10,150
11630,game,3,,,7,1,,,91,2,79.94,80.4,46,right,80.4,ok,0,0,2,1,2,1,1,10,150
11652,game,3,,,7,1,,,91,2,79.94,80.4,46,right,80.4,ok,0,0,2,1,2,1,1,10,150
11653,game,3,,,7,1,,,91,2,79.94,80.4,46,right,80.4,ok,0,0,2,1,2,1,1,10,150
11730,game,3,,,7,1,,,91,2,80.36,79.94,46,right,79.94,ok,0,0,2,1,2,1,1,10,150
11731,game,3,,,7,1,,,91,2,80.36,79.94,46,right,79.94,ok,0,0,2,1,2,1,1,10,150
11754,game,3,,,7,1,,,91,2,80.36,79.94,46,right,79.94,ok,0,0,2,1,2,1,1,10,150
11755,game,3,,,7,1,,,91,2,80.36,79.94,46,right,79.94,ok,0,0,2,1,2,1,1,10,150
11756,game,3,,,7,1,204.94,,91,2,80.36,79.94,46,right,79.94,ok,0,0,2,1,2,1,1,10,150
11832,game,3,,,7,1,204.94,204.94,96,2,80.36,80.36,46,right,80.36,ok,0,0,2,1,2,1,1,10,150
11837,game,3,,,7,1,,204.94,96,2,79.95,80.36,46,right,80.36,ok,0,0,2,1,2,1,1,10,150
11838,game,3,,,7,1,,204.94,96,2,79.95,80.36,46,right,80.36,ok,0,0,2,1,2,1,1,10,150
11845,game,3,,,7,1,,204.94,96,2,63.3,80.36,46,right,80.36,ok,0,0,2,1,2,1,1,10,150
11935,game,3,,,7,1,,204.94,96,2,59.1,63.3,46,right,63.3,ok,0,0,2,1,2,1,1,10,150
11940,game,3,206.16,,7,1,,204.94,96,2,59.1,63.3,46,right,63.3,ok,0,0,2,1,2,1,1,10,150
11944,game,3,,206.16,7,1,,204.94,96,2,59.1,63.3,46,right,63.3,ok,0,0,2,1,2,1,1,10,150
11949,game,3,,206.16,7,1,,204.94,96,2,59.1,59.1,46,right,59.1,ok,0,0,2,1,2,1,1,10,150
12038,game,3,,206.16,7,1,,204.94,96,2,81.19,59.1,46,right,59.1,ok,0,0,2,1,2,1,1,10,150
12039,game,3,,206.16,7,1,,204.94,96,2,81.19,59.1,46,right,59.1,ok,0,0,2,1,2,1,1,10,150
12061,game,3,,206.16,7,1,,204.94,96,2,81.19,59.1,46,right,59.1,ok,0,0,2,1,2,1,1,10,150
12062,game,3,,206.16,7,1,,204.94,96,2,81.19,59.1,46,right,59.1,ok,0,0,2,1,2,1,1,10,150
12139,game,3,,206.16,7,1,,204.94,96,2,81.19,81.19,46,right,81.19,ok,0,0,2,1,2,1,1,10,150
12139,game,3,,206.16,7,1,,204.94,96,2,81.19,81.19,46,right,81.19,ok,0,0,2,1,2,1,1,10,150
12161,game,3,,206.16,7,1,,204.94,96,2,81.19,81.19,46,right,81.19,ok,0,0,2,1,2,1,1,10,150
12243,game,3,,206.16,7,1,92.37,,96,2,81.19,81.19,46,right,81.19,ok,0,0,2,1,2,1,1,10,150
12243,game,3,,206.16,7,1,92.37,,96,2,81.19,81.19,46,right,81.19,ok,0,0,2,1,2,1,1,10,150
12265,game,3,,206.16,7,1,92.37,,96,2,81.19,81.19,46,right,81.19,ok,0,0,2,1,2,1,1,10,150
12265,game,3,,206.16,7,1,92.37,,97,2,78.8,81.19,46,right,81.19,ok,0,0,2,1,2,1,1,10,150
12266,game,3,,206.16,7,1,92.37,,97,2,78.8,81.19,46,right,81.19,ok,0,0,2,1,2,1,1,10,150
12295,game,3,223.7,,7,1,92.37,,101,2,78.8,78.8,46,right,78.8,ok,0,0,2,1,2,1,1,10,150
12299,game,3,223.7,223.7,7,1,92.37,,102,2,,78.8,46,right,78.8,ok,0,0,2,1,2,1,1,10,150
12343,game,3,223.7,223.7,7,1,92.37,92.37,103,2,90.07,78.8,46,right,78.8,ok,0,0,2,1,2,1,1,10,150
12351,game,3,,223.7,7,1,92.37,92.37,103,2,90.07,78.8,46,right,78.8,ok,0,0,2,1,2,1,1,10,150
12447,game,3,,223.7,7,1,92.37,92.37,103,2,,90.07,46,right,90.07,ok,0,0,2,1,2,1,1,10,150
12459,game,3,,223.7,7,1,92.37,92.37,103,2,,90.07,46,right,90.07,ok,0,0,2,1,2,1,1,10,150
12464,game,3,,223.7,7,1,154.76,92.37,103,2,91.41,90.07,46,right,90.07,ok,0,0,2,1,2,1,1,10,150
12464,game,3,,223.7,7,1,154.76,92.37,103,2,91.41,90.07,46,right,90.07,ok,0,0,2,1,2,1,1,10,150
12489,game,3,,223.7,7,1,154.76,92.37,103,2,91.41,90.07,46,right,90.07,ok,0,0,2,1,2,1,1,10,150
12550,game,3,,223.7,7,1,,154.76,110,2,91.41,91.41,46,right,91.41,ok,0,0,2,1,2,1,1,10,150
12560,game,3,,223.7,7,1,,154.76,110,2,91.41,91.41,46,right,91.41,ok,0,0,2,1,2,1,1,10,150
12652,game,3,,223.7,7,1,,154.76,110,2,,91.41,46,right,91.41,ok,0,0,2,1,2,1,1,10,150
12652,game,3,,223.7,7,1,,154.76,110,2,,91.41,46,right,91.41,ok,0,0,2,1,2,1,1,10,150
12673,game,3,,223.7,7,1,,154.76,110,2,,91.41,46,right,91.41,ok,0,0,2,1,2,1,1,10,150
12674,game,3,,223.7,7,1,,154.76,110,2,,91.41,46,right,91.41,ok,0,0,2,1,2,1,1,10,150
12674,game,3,,223.7,7,1,,154.76,110,2,,91.41,46,right,91.41,ok,0,0,2,1,2,1,1,10,150
12755,game,3,,,7,1,,154.76,110,2,,91.41,46,right,91.41,ok,0,0,2,1,2,1,1,10,150
12755,game,3,,,7,1,,154.76,110,2,,91.41,46,right,91.41,ok,0,0,2,1,2,1,1,10,150
12778,game,3,,,7,1,,154.76,110,2,,91.41,46,right,91.41,ok,0,0,2,1,2,1,1,10,150
12810,game,3,,,7,1,,154.76,110,2,,91.41,46,right,91.41,ok,0,0,2,1,2,1,1,10,150
12811,game,3,,,7,1,,154.76,110,2,115.49,91.41,46,right,91.41,ok,0,0,2,1,2,1,1,10,150
12818,game,3,,,7,1,,154.76,110,2,115.49,91.41,46,right,91.41,ok,0,0,2,1,2,1,1,10,150
12958,game,3,,,7,1,,,110,2,115.49,115.49,46,right,115.49,ok,0,0,2,1,2,2,1,10,150
12964,game,3,,,7,1,,,110,2,,115.49,46,right,115.49,ok,0,0,2,1,2,2,1,10,150
12965,game,3,,,7,1,,,110,2,,115.49,46,right,115.49,ok,0,0,2,1,2,2,1,10,150
12985,game,3,,,7,1,,,110,2,,115.49,46,right,115.49,ok,0,0,2,1,2,2,1,10,150
12986,game,3,,,7,1,,,110,2,,115.49,46,right,115.49,ok,0,0,2,1,2,2,1,10,150
13064,game,3,,,7,1,,,110,2,,115.49,46,right,115.49,ok,0,0,2,1,2,2,1,10,150
13069,game,3,,,7,1,127.05,,110,2,,115.49,46,right,115.49,ok,0,0,2,1,2,2,1,10,150
13069,game,3,,,7,1,127.05,,110,2,,115.49,46,right,115.49,ok,0,0,2,1,2,2,1,10,150
13094,game,3,,,7,1,127.05,,110,2,,115.49,46,right,115.49,ok,0,0,2,1,2,2,1,10,150
13169,game,3,,,7,1,,127.05,110,2,,115.49,46,right,115.49,ok,0,0,2,1,2,2,1,10,150
13170,game,3,,,7,1,,127.05,110,2,,115.49,46,right,115.49,ok,0,0,2,1,2,2,1,10,150
13178,game,3,,,7,1,,127.05,110,2,,115.49,46,right,115.49,ok,0,0,2,1,2,2,1,10,150
13192,game,3,,,7,1,,127.05,110,2,,115.49,46,right,115.49,ok,0,0,2,1,2,2,1,10,150
13265,game,3,,,7,1,,127.05,110,2,,115.49,46,right,115.49,ok,0,0,2,1,2,2,1,10,150
13266,game,3,,,7,1,,127.05,110,2,,115.49,46,right,115.49,ok,0,0,2,1,2,2,1,10,150
13287,game,3,,,7,1,,127.05,110,2,131.9,115.49,46,right,115.49,ok,0,0,2,1,2,2,1,10,150
13287,game,3,,,7,1,175.87,127.05,110,2,131.9,115.49,46,right,115.49,ok,0,0,2,1,2,2,1,10,150
13373,game,3,,,7,1,129.95,175.87,117,2,,131.9,46,right,131.9,ok,0,0,2,1,2,2,1,10,150
13374,game,3,,,7,1,,175.87,117,2,,131.9,46,right,131.9,ok,0,0,2,1,2,2,1,10,150
13397,game,3,,,7,1,,175.87,117,2,,131.9,46,right,131.9,ok,0,0,2,1,2,2,1,10,150
13478,game,3,,,7,1,,175.87,117,2,,131.9,46,right,131.9,ok,0,0,2,1,2,2,1,10,150
13479,game,3,,,7,1,,175.87,117,2,,131.9,46,right,131.9,ok,0,0,2,1,2,2,1,10,150
13480,game,3,,,7,1,,175.87,117,2,,131.9,46,right,131.9,ok,0,0,2,1,2,2,1,10,150
13506,game,3,,,7,1,,175.87,117,2,46.55,131.9,46,right,131.9,ok,0,0,2,1,2,2,1,10,150
13506,game,3,,,7,1,,175.87,117,2,,131.9,47,right,131.9,ok,0,0,2,2,2,2,1,10,150
13575,game,3,,,7,1,,175.87,117,2,,131.9,47,right,131.9,ok,0,0,2,2,2,2,1,10,150
13575,game,3,,,7,1,,175.87,117,2,,131.9,47,right,131.9,ok,0,0,2,2,2,2,1,10,150
13601,game,3,,,7,1,,175.87,117,2,,131.9,47,right,131.9,ok,0,0,2,2,2,2,1,10,150
13681,game,3,,,7,1,,175.87,117,2,119.11,131.9,47,right,131.9,ok,0,0,2,2,2,2,1,10,150
13682,game,3,,,7,1,,175.87,117,2,119.11,131.9,47,right,131.9,ok,0,0,2,2,2,2,1,10,150
13702,game,3,,,7,1,,175.87,117,2,119.11,131.9,47,right,131.9,ok,0,0,2,2,2,2,1,10,150
13703,game,3,,,7,1,,175.87,117,2,119.11,131.9,47,right,131.9,ok,0,0,2,2,2,2,1,10,150
13703,game,3,,,7,1,,175.87,117,2,119.11,131.9,47,right,131.9,ok,0,0,2,2,2,2,1,10,150
13720,game,3,,,7,1,,175.87,117,2,119.11,131.9,47,right,131.9,ok,0,0,2,2,2,2,1,10,150
13782,game,3,,,7,1,,,117,2,119.11,119.11,47,right,119.11,ok,0,0,2,2,2,2,1,10,150
13782,game,3,,,7,1,,,117,2,119.11,119.11,47,right,119.11,ok,0,0,2,2,2,2,1,10,150
13800,game,3,,,7,1,,,117,2,119.09,119.11,47,right,119.11,ok,0,0,2,2,2,2,1,10,150
13880,game,3,,,7,1,,,117,2,119.93,119.09,47,right,119.09,ok,0,0,2,2,2,2,1,10,150
13881,game,3,,,7,1,,,117,2,119.93,119.09,47,right,119.09,ok,0,0,2,2,2,2,1,10,150
13903,game,3,,,7,1,,,117,2,119.93,119.09,47,right,119.09,ok,0,0,2,2,2,2,1,10,150
13984,game,3,,,7,1,211.72,,117,2,120.79,119.93,47,right,119.93,ok,0,0,2,2,2,2,1,10,150
13984,game,3,,,7,1,211.72,,117,2,120.79,119.93,47,right,119.93,ok,0,0,2,2,2,2,1,10,150
13995,game,3,,,7,1,211.72,,117,2,120.79,119.93,47,right,119.93,ok,0,0,2,2,2,2,1,10,150
14008,game,3,,,7,1,211.72,,117,2,120.79,119.93,47,right,119.93,ok,0,0,2,2,2,2,1,10,150
14092,game,3,,,7,1,,211.72,117,2,121.73,120.79,47,right,120.79,ok,0,0,2,2,2,2,1,10,150
14092,game,3,,,7,1,,211.72,117,2,121.73,120.79,47,right,120.79,ok,0,0,2,2,2,2,1,10,150
14103,game,3,,,7,1,,211.72,117,2,121.73,120.79,47,right,120.79,ok,0,0,2,2,2,2,1,10,150
14117,game,3,,,7,1,,211.72,117,2,121.73,120.79,47,right,120.79,ok,0,0,2,2,2,2,1,10,150
14117,game,3,,,7,1,,211.72,117,2,121.73,120.79,47,right,120.79,ok,0,0,2,2,2,2,1,10,150
14118,game,3,,,7,1,,211.72,117,2,121.73,120.79,47,right,120.79,ok,0,0,2,2,2,2,1,10,150
14188,game,3,,,7,1,,211.72,117,2,121.73,121.73,47,right,121.73,ok,0,0,2,2,2,2,1,10,150
14200,game,3,,,7,1,,211.72,117,2,,121.73,47,right,121.73,ok,0,0,2,2,2,2,1,10,150
14204,game,3,,,7,1,112.16,211.72,117,2,,121.73,47,right,121.73,ok,0,0,2,2,2,2,1,10,150
14296,game,3,,,7,1,,112.16,124,2,,121.73,47,centre,112.16,ok,0,0,2,2,1,2,1,10,150
14297,game,3,,,7,1,,112.16,124,2,,121.73,47,centre,112.16,ok,0,0,2,2,1,2,1,10,150
14309,game,3,,,7,1,,112.16,124,2,,121.73,47,centre,112.16,ok,0,0,2,2,1,2,1,10,150
14389,game,3,,,7,1,,112.16,124,2,,121.73,47,centre,112.16,ok,0,0,2,2,1,2,1,10,150
14395,game,3,,,7,1,,112.16,124,2,,121.73,47,centre,112.16,ok,0,0,2,2,1,2,1,10,150
14401,game,3,,,7,1,,112.16,124,2,120.89,121.73,47,centre,112.16,ok,0,0,2,2,1,2,1,10,150
14447,game,3,,,7,1,,112.16,124,2,120.44,120.89,47,centre,112.16,ok,0,0,2,2,1,2,1,10,150
14448,game,3,,,7,1,,112.16,124,2,120.44,120.89,47,centre,112.16,ok,0,0,2,2,1,2,1,10,150
14471,game,3,,,7,1,,112.16,124,2,120.44,120.89,47,centre,112.16,ok,0,0,2,2,1,2,1,10,150
14472,game,3,174.35,,7,1,,112.16,124,2,120.44,120.89,47,centre,112.16,ok,0,0,2,2,1,2,1,10,150
14526,game,3,,174.35,14,1,,112.16,124,2,,120.44,47,centre,112.16,ok,0,0,2,2,1,2,1,10,150
14527,game,3,,174.35,14,1,127.61,112.16,124,2,,120.44,47,centre,112.16,ok,0,0,2,2,1,2,1,10,150
14548,game,3,,174.35,14,1,127.61,112.16,124,2,,120.44,47,centre,112.16,ok,0,0,2,2,1,2,1,10,150
14549,game,3,,174.35,14,1,127.61,112.16,124,2,,120.44,47,centre,112.16,ok,0,0,2,2,1,2,1,10,150
14612,game,3,,174.35,14,1,127.61,127.61,124,2,123.46,120.44,47,centre,127.61,ok,0,0,2,2,1,2,1,10,150
14617,game,3,,174.35,14,1,,127.61,124,2,123.46,120.44,47,centre,127.61,ok,0,0,2,2,1,2,1,10,150
14618,game,3,,174.35,14,1,,127.61,124,2,123.46,120.44,47,centre,127.61,ok,0,0,2,2,1,2,1,10,150
14704,game,3,,174.35,14,1,,127.61,124,2,123.46,123.46,47,centre,127.61,ok,0,0,2,2,1,2,1,10,150
14708,game,3,,174.35,14,1,127.32,127.61,124,2,123.46,123.46,47,centre,127.61,ok,0,0,2,2,1,2,1,10,150
14806,game,3,,174.35,14,1,122.11,127.32,124,2,123.46,123.46,47,centre,127.32,ok,0,0,2,2,1,2,1,10,150
14807,game,3,,174.35,14,1,122.11,127.32,124,2,123.46,123.46,47,centre,127.32,ok,0,0,2,2,1,2,1,10,150
14824,game,3,,174.35,14,1,122.11,127.32,124,2,74.29,123.46,47,centre,127.32,ok,0,0,1,2,1,2,1,10,150
14825,game,3,,174.35,14,1,122.11,127.32,124,2,123.02,123.46,48,centre,127.32,ok,0,0,1,2,1,2,1,10,150
14825,game,3,,174.35,14,1,122.11,127.32,124,2,123.02,123.46,48,centre,127.32,ok,0,0,1,2,1,2,1,10,150
14848,game,3,,174.35,14,1,122.11,127.32,124,2,123.02,123.46,48,centre,127.32,ok,0,0,1,2,1,2,1,10,150
14903,game,3,,,14,1,121.89,122.11,124,2,123.02,123.02,48,centre,122.11,ok,0,0,1,2,1,2,1,10,150
14911,game,3,,,14,1,121.89,122.11,124,2,,123.02,48,centre,122.11,ok,0,0,1,2,1,2,1,10,150
14911,game,3,,,14,1,121.89,122.11,124,2,,123.02,48,centre,122.11,ok,0,0,1,2,1,2,1,10,150
14937,game,3,,,14,1,121.89,122.11,124,2,,123.02,48,centre,122.11,ok,0,0,1,2,1,2,1,10,150
14958,game,3,,,14,1,119.55,121.89,124,2,,123.02,48,centre,121.89,ok,0,0,1,2,1,2,1,10,150
14959,game,3,,,14,1,119.55,121.89,124,2,,123.02,48,centre,121.89,ok,0,0,1,2,1,2,1,10,150
15060,game,3,,,14,1,119.55,119.55,124,2,,123.02,48,centre,119.55,ok,0,0,1,2,1,2,1,10,150
15107,game,3,,,14,1,119.62,119.55,124,2,,123.02,48,centre,119.55,ok,0,0,1,2,1,2,1,10,150
15117,game,3,,,14,1,119.62,119.62,124,2,118.68,123.02,48,centre,119.62,ok,0,0,1,2,1,2,1,10,150
15211,game,3,,,14,1,119.62,119.62,124,2,118.68,118.68,48,centre,119.62,ok,0,0,1,2,1,2,1,10,150
15211,game,3,,,14,1,119.62,119.62,124,2,118.68,118.68,48,centre,119.62,ok,0,0,1,2,1,2,1,10,150
15241,game,3,,,14,1,119.62,119.62,124,2,118.64,118.68,48,centre,119.62,ok,0,0,1,2,1,2,1,10,150
15242,game,3,,,14,1,119.62,119.62,124,2,118.64,118.68,48,centre,119.62,ok,0,0,1,2,1,2,1,10,150
15242,game,3,,,14,1,119.62,119.62,124,2,47.27,118.68,48,centre,119.62,ok,0,0,1,2,1,2,1,10,150
15266,game,3,,,14,1,121.37,119.62,124,2,47.27,118.68,48,centre,119.62,ok,0,0,1,2,1,2,1,10,150
15267,game,3,,,14,1,121.37,119.62,124,2,47.27,118.68,48,centre,119.62,ok,0,0,1,2,1,2,1,10,150
15315,game,3,,,14,1,,121.37,124,2,47.27,47.27,55,right,47.27,ok,0,0,1,2,2,0,1,10,150
15316,game,3,,,14,1,,121.37,124,2,47.27,47.27,55,right,47.27,ok,0,0,1,2,2,0,1,10,150
15336,game,3,,,14,1,,121.37,124,2,47.27,47.27,55,right,47.27,ok,0,0,1,2,2,0,1,10,150
15337,game,3,,,14,1,,121.37,124,2,47.27,47.27,55,right,47.27,ok,0,0,1,2,2,0,1,10,150
15418,game,3,,,14,1,124.8,121.37,124,2,115.71,47.27,55,right,47.27,ok,0,0,1,2,2,0,1,10,150
15418,game,3,,,14,1,126.65,121.37,124,2,117.27,47.27,55,right,47.27,ok,0,0,1,2,2,0,1,10,150
15440,game,3,,,14,1,126.65,121.37,124,2,117.27,47.27,55,right,47.27,ok,0,0,1,2,2,0,1,10,150
15441,game,3,,,14,1,126.65,121.37,124,2,117.27,47.27,56,right,47.27,ok,0,0,1,2,2,0,1,10,150
15441,game,3,,,14,1,126.65,121.37,124,2,117.27,47.27,56,right,47.27,ok,0,0,1,2,2,0,1,10,150
15449,game,3,,,14,1,126.65,121.37,124,2,117.27,47.27,56,right,47.27,ok,0,0,1,2,2,0,1,10,150
15519,game,3,,,14,1,123.69,126.65,124,2,118.18,117.27,62,right,117.27,ok,0,0,1,2,2,2,1,10,150
15520,game,3,,,14,1,123.69,126.65,124,2,118.18,117.27,62,right,117.27,ok,0,0,1,2,2,2,1,10,150
15621,game,3,,,14,1,119.91,123.69,124,2,,118.18,62,right,118.18,ok,0,0,1,2,2,2,1,10,150
15622,game,3,,,14,1,119.91,123.69,124,2,,118.18,62,right,118.18,ok,0,0,1,2,2,2,1,10,150
15645,game,3,,,14,1,119.91,123.69,124,2,,118.18,62,right,118.18,ok,0,0,1,2,2,2,1,10,150
15645,game,3,,,14,1,119.91,123.69,124,2,,118.18,62,right,118.18,ok,0,0,1,2,2,2,1,10,150
15724,game,3,,,14,1,119.91,119.91,124,2,126.72,118.18,62,right,118.18,ok,0,0,1,2,2,2,1,10,150
15725,game,3,,,14,1,119.91,119.91,124,2,126.72,118.18,62,right,118.18,ok,0,0,1,2,2,2,1,10,150
15725,game,3,,,14,1,119.91,119.91,124,2,126.72,118.18,62,right,118.18,ok,0,0,1,2,2,2,1,10,150
15750,game,3,,,14,1,119.91,119.91,124,2,126.72,118.18,62,right,118.18,ok,0,0,1,2,2,2,1,10,150
15751,game,3,,,14,1,129.35,119.91,124,2,126.72,118.18,62,right,118.18,ok,0,0,1,2,2,2,1,10,150
15751,game,3,,,14,1,129.35,119.91,124,2,126.72,118.18,62,right,118.18,ok,0,0,1,2,2,2,1,10,150
15827,game,3,,,14,1,129.35,129.35,124,2,,126.72,62,right,126.72,ok,0,0,1,2,2,2,1,10,150
15831,game,3,,,14,1,120.46,129.35,124,2,,126.72,62,right,126.72,ok,0,0,1,2,2,2,1,10,150
15832,game,3,,,14,1,120.46,129.35,124,2,,126.72,62,right,126.72,ok,0,0,1,2,2,2,1,10,150
15855,game,3,,,14,1,120.46,129.35,124,2,,126.72,62,right,126.72,ok,0,0,1,2,2,2,1,10,150
15929,game,3,,,14,1,125.9,120.46,124,2,,126.72,62,right,126.72,ok,0,0,1,2,2,2,1,10,150
15929,game,3,,,14,1,125.9,120.46,124,2,,126.72,62,right,126.72,ok,0,0,1,2,2,2,1,10,150
15955,game,3,,,14,1,125.9,120.46,124,2,,126.72,62,right,126.72,ok,0,0,1,2,2,2,1,10,150
16031,game,3,,,14,1,122.47,125.9,124,2,,126.72,62,right,126.72,ok,0,0,1,2,2,2,1,10,150
16031,game,3,,,14,1,122.47,125.9,124,2,,126.72,62,right,126.72,ok,0,0,1,2,2,2,1,10,150
16053,game,3,,,14,1,122.47,125.9,124,2,,126.72,62,right,126.72,ok,0,0,1,2,2,2,1,10,150
16053,game,3,,,14,1,122.47,125.9,124,2,,126.72,62,right,126.72,ok,0,0,1,2,2,2,1,10,150
16054,game,3,,,14,1,122.47,125.9,124,2,,126.72,62,right,126.72,ok,0,0,1,2,2,2,1,10,150
16084,game,3,,,14,1,122.47,122.47,124,2,,126.72,62,right,126.72,ok,0,0,1,2,2,2,1,10,150
16135,game,3,,,14,1,122.47,122.47,124,2,247.42,126.72,62,right,126.72,ok,0,0,2,2,2,2,1,10,150
16143,game,3,,,14,1,122.47,122.47,124,2,247.42,126.72,64,right,126.72,ok,0,0,2,2,2,2,1,10,150
16240,game,3,,,14,1,122.47,122.47,124,2,,247.42,69,centre,122.47,ok,0,0,2,2,1,2,1,10,150
16244,game,3,,,14,1,,122.47,124,2,,247.42,69,centre,122.47,ok,0,0,2,2,1,2,1,10,150
16245,game,3,,,14,1,,122.47,124,2,,247.42,69,centre,122.47,ok,0,0,2,2,1,2,1,10,150
16271,game,3,,,14,1,,122.47,124,2,64.4,247.42,69,centre,122.47,ok,0,0,2,2,1,2,1,10,150
16346,game,3,,,14,1,,122.47,124,2,64.4,64.4,76,right,64.4,ok,0,0,2,2,2,1,1,10,150
16347,game,3,,,14,1,,122.47,124,2,,64.4,76,right,64.4,ok,0,0,2,2,2,1,1,10,150
16369,game,3,,,14,1,,122.47,124,2,,64.4,76,right,64.4,ok,0,0,2,2,2,1,1,10,150
16369,game,3,,,14,1,,122.47,124,2,,64.4,76,right,64.4,ok,0,0,2,2,2,1,1,10,150
16370,game,3,,,14,1,,122.47,124,2,,64.4,76,right,64.4,ok,0,0,2,2,2,1,1,10,150
16442,game,3,,,14,1,116.16,122.47,124,2,134.04,64.4,76,right,64.4,ok,0,0,2,2,2,1,1,10,150
16443,game,3,,,14,1,116.16,122.47,124,2,134.04,64.4,76,right,64.4,ok,0,0,2,2,2,1,1,10,150
16463,game,3,,,14,1,116.16,122.47,124,2,134.04,64.4,76,right,64.4,ok,0,0,2,2,2,1,1,10,150
16543,game,3,,,14,1,122.81,116.16,124,2,,134.04,83,centre,116.16,ok,0,0,2,2,1,2,1,10,150
16544,game,3,,,14,1,122.81,116.16,124,2,,134.04,83,centre,116.16,ok,0,0,2,2,1,2,1,10,150
16567,game,3,,,14,1,122.81,116.16,124,2,,134.04,83,centre,116.16,ok,0,0,2,2,1,2,1,10,150
16568,game,3,,,14,1,122.81,116.16,124,2,,134.04,83,centre,116.16,ok,0,0,2,2,1,2,1,10,150
16647,game,3,,,14,1,122.81,122.81,124,2,,134.04,83,centre,122.81,ok,0,0,2,2,1,2,1,10,150
16647,game,3,,,14,1,122.81,122.81,124,2,,134.04,83,centre,122.81,ok,0,0,2,2,1,2,1,10,150
16670,game,3,,,14,1,122.81,122.81,124,2,,134.04,83,centre,122.81,ok,0,0,2,2,1,2,1,10,150
16670,game,3,,,14,1,122.81,122.81,124,2,,134.04,83,centre,122.81,ok,0,0,2,2,1,2,1,10,150
16670,game,3,,,14,1,122.35,122.81,124,2,,134.04,83,centre,122.81,ok,0,0,2,2,1,2,1,10,150
16761,game,3,,,14,1,122.35,122.35,124,2,,134.04,83,centre,122.35,ok,0,0,2,2,1,2,1,10,150
16766,game,3,,,14,1,123.57,122.35,124,2,,134.04,83,centre,122.35,ok,0,0,2,2,1,2,1,10,150
16767,game,3,,,14,1,123.57,122.35,124,2,,134.04,83,centre,122.35,ok,0,0,2,2,1,2,1,10,150
16852,game,3,,,14,1,123.57,123.57,124,2,242.93,134.04,83,centre,123.57,ok,0,0,2,2,1,2,1,10,150
16853,game,3,,,14,1,123.57,123.57,124,2,242.93,134.04,83,centre,123.57,ok,0,0,2,2,1,2,1,10,150
16860,game,3,,,14,1,123.57,123.57,124,2,242.93,134.04,84,centre,123.57,ok,0,0,2,2,1,2,1,10,150
16863,game,3,,,14,1,,123.57,124,2,242.93,134.04,86,centre,123.57,ok,0,0,2,2,1,2,1,10,150
16875,game,3,,,14,1,,123.57,124,2,98.39,134.04,87,centre,123.57,ok,0,0,1,2,1,2,1,10,150
16952,game,3,,,14,1,,123.57,124,2,98.39,98.39,94,right,98.39,ok,0,0,1,2,2,1,1,10,150
16955,game,3,,,14,1,,123.57,124,2,,98.39,94,right,98.39,ok,0,0,1,2,2,1,1,10,150
16960,game,3,,,14,1,151.04,123.57,124,2,,98.39,94,right,98.39,ok,0,0,1,2,2,1,1,10,150
17056,game,3,195,,14,1,,151.04,131,2,,98.39,94,right,98.39,ok,0,0,1,2,2,1,1,10,150
17056,game,3,,,14,1,,151.04,131,2,,98.39,94,right,98.39,ok,0,0,1,2,2,1,1,10,150
17077,game,3,,,14,1,,151.04,131,2,,98.39,94,right,98.39,ok,0,0,1,2,2,1,1,10,150
17078,game,3,,,14,1,,151.04,131,2,,98.39,94,right,98.39,ok,0,0,1,2,2,1,1,10,150
17160,game,3,,,14,1,,151.04,131,2,,98.39,94,right,98.39,ok,0,0,1,2,2,1,1,10,150
17162,game,3,,,14,1,,151.04,131,2,,98.39,94,right,98.39,ok,0,0,1,2,2,1,1,10,150
17186,game,3,,,14,1,,151.04,131,2,,98.39,94,right,98.39,ok,0,0,1,2,2,1,1,10,150
17267,game,3,,,14,1,125.11,151.04,131,2,,98.39,94,right,98.39,ok,0,0,1,2,2,1,1,10,150
17267,game,3,,,14,1,125.11,151.04,131,2,,98.39,94,right,98.39,ok,0,0,1,2,2,1,1,10,150
17290,game,3,,,14,1,125.11,151.04,131,2,,98.39,94,right,98.39,ok,0,0,1,2,2,1,1,10,150
17290,game,3,,,14,1,125.11,151.04,131,2,,98.39,94,right,98.39,ok,0,0,1,2,2,1,1,10,150
17374,game,3,,,14,1,,125.11,138,2,,,94,centre,125.11,ok,0,0,1,2,1,2,1,10,150
17375,game,3,,,14,1,,125.11,138,2,,,94,centre,125.11,ok,0,0,1,2,1,2,1,10,150
17375,game,3,,,14,1,,125.11,138,2,,,94,centre,125.11,ok,0,0,1,2,1,2,1,10,150
17388,game,3,,,14,1,,125.11,138,2,,,94,centre,125.11,ok,0,0,1,2,1,2,1,10,150
17402,game,3,,,14,1,,125.11,138,2,,,94,centre,125.11,ok,0,0,1,2,1,2,1,10,150
17464,game,3,,,14,1,215.88,125.11,138,2,,,94,centre,125.11,ok,0,0,1,2,1,2,1,10,150
17465,game,3,,,14,1,215.88,125.11,138,2,,,94,centre,125.11,ok,0,0,1,2,1,2,1,10,150
17488,game,3,,,14,1,215.88,125.11,138,2,,,94,centre,125.11,ok,0,0,1,2,1,2,1,10,150
17567,game,3,,,14,1,215.88,215.88,145,2,,,94,centre,215.88,ok,1,0,1,2,,,1,10,150
17568,game,3,,,14,1,215.88,215.88,145,2,,,94,centre,215.88,ok,1,0,1,2,,,1,10,150
17590,game,3,,,14,1,122.13,215.88,145,2,,,94,centre,215.88,ok,1,1,1,2,,,1,10,150
17591,game,3,,,14,1,122.13,215.88,146,2,,,94,centre,215.88,ok,1,2,1,2,,,1,10,150
17670,game,3,,,14,1,121.68,122.13,152,2,,,94,centre,122.13,ok,0,0,1,2,1,2,1,10,150
17671,game,3,,,14,1,121.68,122.13,152,2,,,94,centre,122.13,ok,0,0,1,2,1,2,1,10,150
17671,game,3,,,14,1,121.68,122.13,152,2,,,94,centre,122.13,ok,0,0,1,2,1,2,1,10,150
17696,game,3,,,14,1,121.68,122.13,152,2,,,94,centre,122.13,ok,0,0,1,2,1,2,1,10,150
17772,game,3,,,14,1,121.22,121.68,152,2,219.04,,94,centre,121.68,ok,0,0,1,2,1,2,1,10,150
17773,game,3,,,14,1,121.22,121.68,152,2,,,94,centre,121.68,ok,0,0,1,2,1,2,1,10,150
17792,game,3,,,14,1,121.22,121.68,152,2,,,94,centre,121.68,ok,0,0,1,2,1,2,1,10,150
17792,game,3,,,14,1,121.22,121.68,152,2,,,94,centre,121.68,ok,0,0,1,2,1,2,1,10,150
17793,game,3,,,14,1,121.22,121.68,152,2,,,94,centre,121.68,ok,0,0,1,2,1,2,1,10,150
17817,game,3,174.57,,14,1,121.22,121.22,152,2,,,94,centre,121.22,ok,0,0,1,2,1,2,1,10,150
17828,game,3,174.57,174.57,14,1,121.22,121.22,152,2,45.79,,94,centre,121.22,ok,0,0,1,2,1,2,1,10,150
17926,game,3,,174.57,14,1,121.22,121.22,152,2,,45.79,101,right,45.79,ok,0,0,1,2,2,0,1,10,150
17926,game,3,,174.57,14,1,121.22,121.22,152,2,,45.79,101,right,45.79,ok,0,0,1,2,2,0,1,10,150
17975,game,3,,174.57,14,1,121.2,121.22,152,2,,45.79,101,right,45.79,ok,0,0,1,2,2,0,1,10,150
17975,game,3,,174.57,14,1,121.2,121.22,152,2,,45.79,101,right,45.79,ok,0,0,1,2,2,0,1,10,150
17996,game,3,176.13,174.57,14,1,121.2,121.22,152,2,,45.79,101,right,45.79,ok,0,0,1,2,2,0,1,10,150
18027,game,3,,176.13,14,1,119.79,121.2,152,2,,45.79,101,right,45.79,ok,0,0,1,2,2,0,1,10,150
18027,game,3,,176.13,14,1,119.79,121.2,152,2,,45.79,101,right,45.79,ok,0,0,1,2,2,0,1,10,150
18048,game,3,,176.13,14,1,119.79,121.2,152,2,,45.79,101,right,45.79,ok,0,0,1,2,2,0,1,10,150
18114,game,3,,176.13,14,1,119.79,119.79,152,2,,45.79,101,right,45.79,ok,0,0,1,2,2,0,1,10,150
18114,game,3,,176.13,14,1,119.79,119.79,152,2,,45.79,101,right,45.79,ok,0,0,1,2,2,0,1,10,150
18121,game,3,,176.13,14,1,,119.79,152,2,,45.79,101,right,45.79,ok,0,0,1,2,2,0,1,10,150
18197,game,3,,176.13,14,1,,119.79,152,2,,45.79,101,right,45.79,ok,0,0,1,2,2,0,1,10,150
18207,game,3,,176.13,14,1,,119.79,152,2,,45.79,101,right,45.79,ok,0,0,1,2,2,0,1,10,150
18207,game,3,,176.13,14,1,107.67,119.79,152,2,,45.79,101,right,45.79,ok,0,0,1,2,2,0,1,10,150
18232,game,3,,176.13,14,1,107.67,119.79,152,2,,45.79,101,right,45.79,ok,0,0,1,2,2,0,1,10,150
18309,game,3,,176.13,14,1,107.67,107.67,152,2,,,101,centre,107.67,ok,0,0,1,2,1,2,1,10,150
18314,game,3,,176.13,14,1,107.67,107.67,152,2,,,101,centre,107.67,ok,0,0,1,2,1,2,1,10,150
18319,game,3,,176.13,14,1,120.68,107.67,152,2,,,101,centre,107.67,ok,0,0,1,2,1,2,1,10,150
18400,game,3,,,14,1,121.04,120.68,152,2,,,101,centre,120.68,ok,0,0,1,2,1,2,1,10,150
18400,game,3,,,14,1,121.04,120.68,152,2,,,101,centre,120.68,ok,0,0,1,2,1,2,1,10,150
18425,game,3,,,14,1,121.04,120.68,152,2,,,101,centre,120.68,ok,0,0,1,2,1,2,1,10,150
18489,game,3,,,14,1,,121.04,152,2,,,101,centre,121.04,ok,0,0,1,2,1,2,1,10,150
18490,game,3,,,14,1,,121.04,152,2,,,101,centre,121.04,ok,0,0,1,2,1,2,1,10,150
18510,game,3,,,14,1,,121.04,152,2,,,101,centre,121.04,ok,0,0,1,2,1,2,1,10,150
18511,game,3,,,14,1,,121.04,152,2,,,101,centre,121.04,ok,0,0,1,2,1,2,1,10,150
18512,game,3,,,14,1,,121.04,152,2,,,101,centre,121.04,ok,0,0,1,2,1,2,1,10,150
18591,game,3,,,14,1,127.89,121.04,152,2,,,101,centre,121.04,ok,0,0,1,2,1,2,1,10,150
18591,game,3,,,14,1,127.89,121.04,152,2,,,101,centre,121.04,ok,0,0,1,2,1,2,1,10,150
18601,game,3,,,14,1,127.89,127.89,152,2,,,101,centre,127.89,ok,0,0,1,2,1,2,1,10,150
18696,game,3,,,14,1,,127.89,152,2,,,101,centre,127.89,ok,0,0,1,2,1,2,1,10,150
18696,game,3,,,14,1,,127.89,152,2,,,101,centre,127.89,ok,0,0,1,2,1,2,1,10,150
18721,game,3,,,14,1,,127.89,152,2,,,101,centre,127.89,ok,0,0,1,2,1,2,1,10,150
18721,game,3,,,14,1,,127.89,152,2,,,101,centre,127.89,ok,0,0,1,2,1,2,1,10,150
18722,game,3,,,14,1,,127.89,152,2,,,101,centre,127.89,ok,0,0,1,2,1,2,1,10,150
18798,game,3,,,14,1,,127.89,152,2,,,101,centre,127.89,ok,0,0,1,2,1,2,1,10,150
18798,game,3,,,14,1,,127.89,152,2,,,101,centre,127.89,ok,0,0,1,2,1,2,1,10,150
18900,game,3,,,14,1,112.57,127.89,152,2,,,101,centre,127.89,ok,0,0,1,2,1,2,1,10,150
18902,game,3,,,14,1,112.57,127.89,152,2,,,101,centre,127.89,ok,0,0,1,2,1,2,1,10,150
18917,game,3,,,14,1,112.57,127.89,152,2,,,101,centre,127.89,ok,0,0,1,2,1,2,1,10,150
18918,game,3,,,14,1,112.57,127.89,152,2,,,101,centre,127.89,ok,0,0,1,2,1,2,1,10,150
18918,game,3,,,14,1,112.57,127.89,152,2,,,101,centre,127.89,ok,0,0,1,2,1,2,1,10,150
19029,game,3,,,14,1,120.91,112.57,152,2,,,101,centre,112.57,ok,0,0,1,2,1,2,1,10,150
19039,game,3,,,14,1,120.91,112.57,152,2,,,101,centre,112.57,ok,0,0,1,2,1,2,1,10,150
19039,game,3,,,14,1,120.91,112.57,152,2,,,101,centre,112.57,ok,0,0,1,2,1,2,1,10,150
19056,game,3,,,14,1,120.91,112.57,152,2,,,101,centre,112.57,ok,0,0,1,2,1,2,1,10,150
19105,game,3,,,14,1,119.36,120.91,152,2,,,101,centre,120.91,ok,0,0,1,2,1,2,1,10,150
19117,game,3,,,14,1,119.36,119.36,152,2,,,101,centre,119.36,ok,0,0,1,2,1,2,1,10,150
19118,game,3,,,14,1,119.36,119.36,152,2,,,101,centre,119.36,ok,0,0,1,2,1,2,1,10,150
19138,game,3,,,14,1,119.36,119.36,152,2,,,101,centre,119.36,ok,0,0,1,2,1,2,1,10,150
19205,game,3,,,14,1,119.69,119.36,152,2,,,101,centre,119.36,ok,0,0,1,2,1,2,1,10,150
19206,game,3,,,14,1,115.8,119.36,152,2,,,101,centre,119.36,ok,0,0,1,2,1,2,1,10,150
19216,game,3,,,14,1,115.8,119.36,152,2,,,101,centre,119.36,ok,0,0,1,2,1,2,1,10,150
19223,game,3,,,14,1,115.8,119.36,152,2,,,101,centre,119.36,ok,0,0,1,2,1,2,1,10,150
19313,game,3,,,14,1,115.8,115.8,152,2,,,101,centre,115.8,ok,0,0,1,2,1,2,1,10,150
19315,game,3,,,14,1,115.8,115.8,152,2,,,101,centre,115.8,ok,0,0,1,2,1,2,1,10,150
19331,game,3,,,14,1,115.8,115.8,152,2,79.49,,101,centre,115.8,ok,0,0,1,2,1,2,1,10,150
19331,game,3,,,14,1,108.1,115.8,152,2,79.49,79.49,101,right,79.49,ok,0,0,1,2,2,1,1,10,150
19415,game,3,,,14,1,108.1,108.1,152,2,,79.49,101,right,79.49,ok,0,0,1,2,2,1,1,10,150
19419,game,3,,,14,1,108.1,108.1,152,2,,79.49,101,right,79.49,ok,0,0,1,2,2,1,1,10,150
19426,game,3,,,14,1,111.11,108.1,152,2,,79.49,101,right,79.49,ok,0,0,1,2,2,1,1,10,150
19426,game,3,,,14,1,111.11,108.1,152,2,,79.49,101,right,79.49,ok,0,0,1,2,2,1,1,10,150
19523,game,3,,,14,1,,111.11,152,2,108.94,79.49,101,right,79.49,ok,0,0,1,2,2,1,1,10,150
19528,game,3,,,14,1,,111.11,152,2,108.94,79.49,101,right,79.49,ok,0,0,1,2,2,1,1,10,150
19528,game,3,,,14,1,,111.11,152,2,108.94,79.49,101,right,79.49,ok,0,0,1,2,2,1,1,10,150
19546,game,3,,,14,1,,111.11,152,2,108.94,79.49,101,right,79.49,ok,0,0,1,2,2,1,1,10,150
19547,game,3,,,14,1,,111.11,152,2,108.94,79.49,101,right,79.49,ok,0,0,1,2,2,1,1,10,150
19633,game,3,,,14,1,,111.11,152,2,108.94,108.94,108,right,108.94,ok,0,0,1,2,2,2,1,10,150
19634,game,3,,,14,1,,111.11,152,2,,108.94,108,right,108.94,ok,0,0,1,2,2,2,1,10,150
19648,game,3,,,14,1,,111.11,152,2,,108.94,108,right,108.94,ok,0,0,1,2,2,2,1,10,150
19649,game,3,,,14,1,,111.11,152,2,,108.94,108,right,108.94,ok,0,0,1,2,2,2,1,10,150
19726,game,3,,,14,1,,111.11,152,2,,108.94,108,right,108.94,ok,0,0,1,2,2,2,1,10,150
19727,game,3,,,14,1,,111.11,152,2,,108.94,108,right,108.94,ok,0,0,1,2,2,2,1,10,150
19737,game,3,,,14,1,192.63,111.11,152,2,,108.94,108,right,108.94,ok,0,0,1,2,2,2,1,10,150
19819,game,3,,,14,1,,192.63,159,2,,108.94,108,right,108.94,ok,0,0,1,2,2,2,1,10,150
19820,game,3,,,14,1,,192.63,159,2,,108.94,108,right,108.94,ok,0,0,1,2,2,2,1,10,150
19831,game,3,,,14,1,,192.63,159,2,,108.94,108,right,108.94,ok,0,0,1,2,2,2,1,10,150
19922,game,3,,,14,1,98.42,192.63,159,2,,108.94,108,right,108.94,ok,0,0,1,2,2,2,1,10,150
19923,game,3,,,14,1,98.42,192.63,159,2,,108.94,108,right,108.94,ok,0,0,1,2,2,2,1,10,150
19939,game,3,,,14,1,98.42,192.63,162,2,94.77,108.94,108,right,108.94,ok,0,0,1,2,2,2,1,10,150
19940,game,3,,,14,1,98.42,192.63,162,2,94.77,108.94,108,right,108.94,ok,0,0,1,2,2,2,1,10,150
20026,game,3,,,14,1,,98.42,166,2,,94.77,108,right,94.77,ok,0,0,1,2,2,1,1,10,150
20026,game,3,,,14,1,,98.42,166,2,,94.77,108,right,94.77,ok,0,0,1,2,2,1,1,10,150
20036,game,3,,,14,1,,98.42,166,2,,94.77,108,right,94.77,ok,0,0,1,2,2,1,1,10,150
20044,game,3,,,14,1,,98.42,166,2,,94.77,108,right,94.77,ok,0,0,1,2,2,1,1,10,150
20044,game,3,,,14,1,,98.42,166,2,,94.77,108,right,94.77,ok,0,0,1,2,2,1,1,10,150
20045,game,3,,,14,1,,98.42,166,2,,94.77,108,right,94.77,ok,0,0,1,2,2,1,1,10,150
20127,game,3,,,14,1,,98.42,166,2,,94.77,108,right,94.77,ok,0,0,1,2,2,1,1,10,150
20135,game,3,,,14,1,,98.42,166,2,,94.77,108,right,94.77,ok,0,0,1,2,2,1,1,10,150
20136,game,3,,,14,1,,98.42,166,2,,94.77,108,right,94.77,ok,0,0,1,2,2,1,1,10,150
20231,game,3,,,14,1,,98.42,166,2,,94.77,108,right,94.77,ok,0,0,1,2,2,1,1,10,150
20233,game,3,,,14,1,,98.42,166,2,,94.77,108,right,94.77,ok,0,0,1,2,2,1,1,10,150
20242,game,3,,,14,1,,98.42,166,2,,94.77,108,right,94.77,ok,0,0,1,2,2,1,1,10,150
20336,game,3,,,14,1,,98.42,166,2,,94.77,108,right,94.77,ok,0,0,2,1,2,1,1,10,150
20340,game,3,,,14,1,,98.42,166,2,,94.77,108,right,94.77,ok,0,0,2,1,2,1,1,10,150
20340,game,3,,,14,1,,98.42,166,2,,94.77,108,right,94.77,ok,0,0,2,1,2,1,1,10,150
20359,game,3,,,14,1,,98.42,166,2,,94.77,108,right,94.77,ok,0,0,2,1,2,1,1,10,150
20435,game,3,247.49,,14,1,,,166,2,,,108,,,ok,1,0,2,1,,,1,10,150
20435,game,3,,,14,1,,,166,2,,,108,,,ok,1,0,2,1,,,1,10,150
20450,game,3,,,14,1,,,166,2,,,108,,,ok,1,0,2,1,,,1,10,150
20451,game,3,,,14,1,,,166,2,,,108,,,ok,1,0,2,1,,,1,10,150
20539,game,3,,,14,1,,,166,2,,,108,,,ok,1,1,2,1,,,1,10,150
20540,game,3,,,14,1,,,166,2,,,108,,,ok,1,1,2,1,,,1,10,150
20557,game,3,,,14,1,,,166,2,,,108,,,ok,1,2,2,1,,,1,10,150
20557,game,3,,,14,1,,,166,2,,,108,,,ok,1,3,2,1,,,1,10,150
20688,game,3,,,14,1,,,166,2,99.37,,108,,,ok,1,4,2,1,,,1,10,150
20689,game,3,,,14,1,,,166,2,99.37,,108,,,ok,1,4,2,1,,,1,10,150
20702,game,3,,,14,1,,,166,2,99.37,99.37,108,right,99.37,ok,0,0,2,1,2,1,1,10,150
20702,game,3,,,14,1,,,166,2,99.37,99.37,108,right,99.37,ok,0,0,2,1,2,1,1,10,150
20717,game,3,,,14,1,,,166,2,99.37,99.37,108,right,99.37,ok,0,0,2,1,2,1,1,10,150
20717,game,3,,,14,1,,,166,2,99.37,99.37,108,right,99.37,ok,0,0,2,1,2,1,1,10,150
20777,game,3,,,14,1,,,166,2,99.37,99.37,108,right,99.37,ok,0,0,2,1,2,1,1,10,150
20778,game,3,,,14,1,,,166,2,99.37,99.37,108,right,99.37,ok,0,0,2,1,2,1,1,10,150
20794,game,3,,,14,1,,,166,2,98.03,99.37,108,right,99.37,ok,0,0,2,1,2,1,1,10,150
20795,game,3,,,14,1,,,166,2,98.03,99.37,108,right,99.37,ok,0,0,2,1,2,1,1,10,150
20856,game,3,,,14,1,,,166,2,98.03,98.03,108,right,98.03,ok,0,0,2,1,2,1,1,10,150
20858,game,3,,,14,1,,,166,2,98.03,98.03,108,right,98.03,ok,0,0,2,1,2,1,1,10,150
20873,game,3,,,14,1,,,166,2,98.03,98.03,108,right,98.03,ok,0,0,2,1,2,1,1,10,150
20950,game,3,,,14,1,,,166,2,98.89,98.03,108,right,98.03,ok,0,0,2,1,2,1,1,10,150
20952,game,3,,,14,1,,,166,2,98.89,98.03,108,right,98.03,ok,0,0,2,1,2,1,1,10,150
20970,game,3,,,14,1,,,166,2,98.89,98.03,108,right,98.03,ok,0,0,2,1,2,1,1,10,150
20970,game,3,,,14,1,,,166,2,98.89,98.03,108,right,98.03,ok,0,0,2,1,2,1,1,10,150
21068,game,3,,,14,1,,,166,2,98.89,98.89,108,right,98.89,ok,0,0,2,1,2,1,1,10,150
21072,game,3,,,14,1,,,166,2,98.89,98.89,108,right,98.89,ok,0,0,2,1,2,1,1,10,150
21153,game,3,,,14,1,,,166,2,,98.89,108,right,98.89,ok,0,0,2,1,2,1,1,10,150
21156,game,3,,,14,1,,,166,2,,98.89,108,right,98.89,ok,0,0,2,1,2,1,1,10,150
21156,game,3,,,14,1,,,166,2,,98.89,108,right,98.89,ok,0,0,2,1,2,1,1,10,150
21176,game,3,,,14,1,,,166,2,,98.89,108,right,98.89,ok,0,0,2,1,2,1,1,10,150
21255,game,3,,,14,1,,,166,2,,98.89,108,right,98.89,ok,0,0,2,1,2,1,1,10,150
21261,game,3,,,14,1,,,166,2,85.41,98.89,108,right,98.89,ok,0,0,2,1,2,1,1,10,150
21268,game,3,,,14,1,,,166,2,85.41,98.89,108,right,98.89,ok,0,0,2,1,2,1,1,10,150
21281,game,3,,,14,1,,,166,2,85.41,85.41,108,right,85.41,ok,0,0,2,1,2,1,1,10,150
21360,game,3,,,14,1,,,166,2,85.41,85.41,108,right,85.41,ok,0,0,2,1,2,1,1,10,150
21361,game,3,,,14,1,,,166,2,85.41,85.41,108,right,85.41,ok,0,0,2,1,2,1,1,10,150
21375,game,3,,,14,1,,,166,2,85.41,85.41,108,right,85.41,ok,0,0,2,1,2,1,1,10,150
21376,game,3,,,14,1,,,166,2,85.41,85.41,108,right,85.41,ok,0,0,2,1,2,1,1,10,150
21459,game,3,,,14,1,,,166,2,92.68,85.41,108,right,85.41,ok,0,0,2,1,2,1,1,10,150
21460,game,3,,,14,1,,,166,2,92.68,85.41,108,right,85.41,ok,0,0,2,1,2,1,1,10,150
21471,game,3,,,14,1,,,166,2,92.68,85.41,108,right,85.41,ok,0,0,2,1,2,1,1,10,150
21472,game,3,,,14,1,,,166,2,92.68,85.41,108,right,85.41,ok,0,0,2,1,2,1,1,10,150
21561,game,3,,,14,1,,,166,2,92.46,92.68,108,right,92.68,ok,0,0,2,1,2,1,1,10,150
21562,game,3,,,14,1,,,166,2,92.46,92.68,108,right,92.68,ok,0,0,2,1,2,1,1,10,150
21587,game,3,,,14,1,,,166,2,92.46,92.68,108,right,92.68,ok,0,0,2,1,2,1,1,10,150
21588,game,3,,,14,1,,,166,2,92.46,92.68,108,right,92.68,ok,0,0,2,1,2,1,1,10,150
21588,game,3,,,14,1,,,166,2,92.46,92.68,108,right,92.68,ok,0,0,2,1,2,1,1,10,150
21664,game,3,,,14,1,,,166,2,90.24,92.46,108,right,92.46,ok,0,0,2,1,2,1,1,10,150
21664,game,3,,,14,1,,,166,2,90.24,92.46,108,right,92.46,ok,0,0,2,1,2,1,1,10,150
21677,game,3,,,14,1,,,166,2,90.24,92.46,108,right,92.46,ok,0,0,2,1,2,1,1,10,150
21691,game,3,,,14,1,,,166,2,90.24,92.46,108,right,92.46,ok,0,0,2,1,2,1,1,10,150
21767,game,3,,,14,1,94.29,,166,2,90.24,90.24,108,right,90.24,ok,0,0,2,1,2,1,1,10,150
21767,game,3,,,14,1,94.29,,166,2,90.24,90.24,108,right,90.24,ok,0,0,2,1,2,1,1,10,150
21795,game,3,,,14,1,94.29,,166,2,90.24,90.24,108,right,90.24,ok,0,0,2,1,2,1,1,10,150
21869,game,3,,,14,1,94.29,94.29,166,2,,90.24,108,right,90.24,ok,0,0,2,1,2,1,1,10,150
21870,game,3,,,14,1,94.29,94.29,166,2,,90.24,108,right,90.24,ok,0,0,2,1,2,1,1,10,150
21890,game,3,,,14,1,,94.29,166,2,,90.24,108,right,90.24,ok,0,0,2,1,2,1,1,10,150
21891,game,3,,,14,1,,94.29,166,2,,90.24,108,right,90.24,ok,0,0,2,1,2,1,1,10,150
21972,game,3,,,14,1,,94.29,166,2,,90.24,108,right,90.24,ok,0,0,2,1,2,1,1,10,150
21972,game,3,,,14,1,,94.29,166,2,,90.24,108,right,90.24,ok,0,0,2,1,2,1,1,10,150
21995,game,3,,,14,1,,94.29,166,2,,90.24,108,right,90.24,ok,0,0,2,1,2,1,1,10,150
21996,game,3,,,14,1,,94.29,166,2,,90.24,108,right,90.24,ok,0,0,2,1,2,1,1,10,150
21996,game,3,,,14,1,87.98,94.29,166,2,,90.24,108,right,90.24,ok,0,0,2,1,2,1,1,10,150
22076,game,3,,,14,1,,87.98,166,2,,90.24,108,right,90.24,ok,0,0,2,1,2,1,1,10,150
22076,game,3,,,14,1,,87.98,166,2,,90.24,108,right,90.24,ok,0,0,2,1,2,1,1,10,150
22098,game,3,,,14,1,,87.98,166,2,,90.24,108,right,90.24,ok,0,0,2,1,2,1,1,10,150
22099,game,3,,,14,1,,87.98,166,2,90.4,90.24,108,right,90.24,ok,0,0,2,1,2,1,1,10,150
22179,game,3,,,14,1,86.09,87.98,166,2,90.4,90.4,108,right,90.4,ok,0,0,2,1,2,1,1,10,150
22179,game,3,,,14,1,86.09,87.98,166,2,90.4,90.4,108,right,90.4,ok,0,0,2,1,2,1,1,10,150
22196,game,3,,,14,1,86.09,87.98,166,2,90.4,90.4,108,right,90.4,ok,0,0,2,1,2,1,1,10,150
22197,game,3,,,14,1,86.09,87.98,166,2,,90.4,108,right,90.4,ok,0,0,2,1,2,1,1,10,150
22197,game,3,,,14,1,86.09,87.98,166,2,,90.4,108,right,90.4,ok,0,0,2,1,2,1,1,10,150
22232,game,3,,,14,1,84.98,86.09,166,2,,90.4,108,right,90.4,ok,0,0,2,1,2,1,1,10,150
22380,game,3,,,14,1,84.98,84.98,166,2,,90.4,108,right,90.4,ok,0,0,2,1,2,1,1,10,150
22381,game,3,,,14,1,84.98,84.98,166,2,88.07,90.4,108,right,90.4,ok,0,0,2,1,2,1,1,10,150
22405,game,3,,,14,1,84.98,84.98,166,2,88.07,90.4,108,right,90.4,ok,0,0,2,1,2,1,1,10,150
22405,game,3,,,14,1,84.98,84.98,166,2,88.07,90.4,108,right,90.4,ok,0,0,2,1,2,1,1,10,150
22406,game,3,,,14,1,,84.98,166,2,88.07,90.4,108,right,90.4,ok,0,0,2,1,2,1,1,10,150
22425,game,3,,,14,1,,84.98,166,2,88.07,90.4,108,right,90.4,ok,0,0,2,1,2,1,1,10,150
22485,game,3,,,14,1,,84.98,166,2,88.77,88.07,108,right,88.07,ok,0,0,2,1,2,1,1,10,150
22485,game,3,,,14,1,,84.98,166,2,88.77,88.07,108,right,88.07,ok,0,0,2,1,2,1,1,10,150
22507,game,3,,,14,1,,84.98,166,2,88.77,88.07,108,right,88.07,ok,0,0,2,1,2,1,1,10,150
22507,game,3,,,14,1,,84.98,166,2,88.77,88.07,108,right,88.07,ok,0,0,2,1,2,1,1,10,150
22586,game,3,,,14,1,,84.98,166,2,,88.77,108,right,88.77,ok,0,0,2,1,2,1,1,10,150
22586,game,3,,,14,1,,84.98,166,2,,88.77,108,right,88.77,ok,0,0,2,1,2,1,1,10,150
22597,game,3,,,14,1,,84.98,166,2,,88.77,108,right,88.77,ok,0,0,2,1,2,1,1,10,150
22613,game,3,,,14,1,,84.98,166,2,,88.77,108,right,88.77,ok,0,0,2,1,2,1,1,10,150
22691,game,3,,,14,1,,84.98,166,2,,88.77,108,right,88.77,ok,0,0,2,1,2,1,1,10,150
22699,game,3,,,14,1,86.26,84.98,166,2,,88.77,108,right,88.77,ok,0,0,2,1,2,1,1,10,150
22700,game,3,,,14,1,86.26,84.98,166,2,,88.77,108,right,88.77,ok,0,0,2,1,2,1,1,10,150
22808,game,3,,,14,1,86.26,86.26,166,2,,88.77,108,right,88.77,ok,0,0,2,1,2,1,1,10,150
22809,game,3,,,14,1,86.26,86.26,166,2,,88.77,108,right,88.77,ok,0,0,2,1,2,1,1,10,150
22834,game,3,,,14,1,86.26,86.26,166,2,,88.77,108,right,88.77,ok,0,0,2,1,2,1,1,10,150
22835,game,3,,,14,1,86.26,86.26,166,2,,88.77,108,right,88.77,ok,0,0,2,1,2,1,1,10,150
22835,game,3,,,14,1,73.32,86.26,166,2,,88.77,108,right,88.77,ok,0,0,2,1,2,1,1,10,150
22845,game,3,,,14,1,73.32,86.26,166,2,,88.77,108,right,88.77,ok,0,0,2,1,2,1,1,10,150
22897,game,3,,,14,1,73.32,73.32,166,2,,88.77,108,centre,73.32,ok,0,0,2,1,1,1,1,10,150
22906,game,3,,,14,1,73.32,73.32,166,2,,88.77,108,centre,73.32,ok,0,0,2,1,1,1,1,10,150
22913,game,3,,,14,1,,73.32,166,2,,88.77,108,centre,73.32,ok,0,0,2,1,1,1,1,10,150
22917,game,3,,,14,1,,73.32,166,2,,88.77,108,centre,73.32,ok,0,0,2,1,1,1,1,10,150
22998,game,3,,,14,1,,73.32,166,2,,,108,centre,73.32,ok,0,0,2,1,1,1,1,10,150
23003,game,3,,,14,1,87.69,73.32,166,2,,,108,centre,73.32,ok,0,0,2,1,1,1,1,10,150
23097,game,3,,,14,1,,87.69,166,2,149.12,,108,centre,87.69,ok,0,0,2,1,1,1,1,10,150
23097,game,3,,,14,1,,87.69,166,2,149.12,,108,centre,87.69,ok,0,0,2,1,1,1,1,10,150
23119,game,3,,,14,1,,87.69,166,2,149.12,,108,centre,87.69,ok,0,0,2,1,1,1,1,10,150
23120,game,3,,,14,1,,87.69,166,2,149.12,,109,centre,87.69,ok,0,0,2,1,1,1,1,10,150
23199,game,3,,,14,1,,87.69,166,2,,149.12,115,centre,87.69,ok,0,0,2,1,1,1,1,10,150
23200,game,3,,,14,1,,87.69,166,2,,149.12,115,centre,87.69,ok,0,0,2,1,1,1,1,10,150
23200,game,3,,,14,1,,87.69,166,2,,149.12,115,centre,87.69,ok,0,0,2,1,1,1,1,10,150
23228,game,3,,,14,1,,87.69,166,2,,149.12,115,centre,87.69,ok,0,0,2,1,1,1,1,10,150
23229,game,3,,,14,1,,87.69,166,2,,149.12,115,centre,87.69,ok,0,0,2,1,1,1,1,10,150
23302,game,3,,,14,1,,87.69,166,2,,149.12,115,centre,87.69,ok,0,0,2,1,1,1,1,10,150
23306,game,3,,,14,1,,87.69,166,2,,149.12,115,centre,87.69,ok,0,0,2,1,1,1,1,10,150
23407,game,3,,,14,1,,87.69,166,2,,149.12,115,centre,87.69,ok,0,0,1,1,1,1,1,10,150
23408,game,3,,,14,1,,87.69,166,2,58.24,149.12,115,centre,87.69,ok,0,0,1,1,1,1,1,10,150
23408,game,3,,,14,1,,87.69,166,2,58.24,149.12,115,centre,87.69,ok,0,0,1,1,1,1,1,10,150
23436,game,3,,,14,1,84.72,87.69,166,2,58.24,149.12,116,centre,87.69,ok,0,0,1,1,1,1,1,10,150
23437,game,3,,,14,1,84.72,87.69,166,2,58.24,149.12,117,centre,87.69,ok,0,0,1,1,1,1,1,10,150
23437,game,3,,,14,1,84.72,87.69,166,2,58.24,149.12,117,centre,87.69,ok,0,0,1,1,1,1,1,10,150
23508,game,3,,,14,1,85.94,84.72,166,2,,58.24,122,right,58.24,ok,0,0,1,1,2,1,1,10,150
23509,game,3,,,14,1,85.94,84.72,166,2,,58.24,122,right,58.24,ok,0,0,1,1,2,1,1,10,150
23516,game,3,,,14,1,85.94,84.72,166,2,,58.24,122,right,58.24,ok,0,0,1,1,2,1,1,10,150
23530,game,3,,,14,1,85.94,84.72,166,2,,58.24,122,right,58.24,ok,0,0,1,1,2,1,1,10,150
23530,game,3,,,14,1,85.94,84.72,166,2,,58.24,122,right,58.24,ok,0,0,1,1,2,1,1,10,150
23611,game,3,,,14,1,85.94,85.94,166,2,,58.24,122,right,58.24,ok,0,0,1,1,2,1,1,10,150
23616,game,3,,,14,1,176.56,85.94,166,2,,58.24,122,right,58.24,ok,0,0,1,1,2,1,1,10,150
23616,game,3,,,14,1,176.56,85.94,166,2,,58.24,122,right,58.24,ok,0,0,1,1,2,1,1,10,150
23710,game,3,,,14,1,,176.56,173,2,,58.24,122,right,58.24,ok,0,0,1,1,2,1,1,10,150
23719,game,3,,,14,1,,176.56,173,2,,58.24,122,right,58.24,ok,0,0,1,1,2,1,1,10,150
23720,game,3,,,14,1,,176.56,173,2,,58.24,122,right,58.24,ok,0,0,1,1,2,1,1,10,150
23818,game,3,,,14,1,,176.56,173,2,,58.24,122,right,58.24,ok,0,0,1,1,2,1,1,10,150
23819,game,3,,,14,1,,176.56,173,2,,58.24,122,right,58.24,ok,0,0,1,1,2,1,1,10,150
23830,game,3,,,14,1,,176.56,173,2,138.23,58.24,122,right,58.24,ok,0,0,1,1,2,1,1,10,150
23917,game,3,,,14,1,,176.56,173,2,,138.23,129,right,138.23,ok,0,0,1,1,2,2,1,10,150
23919,game,3,,,14,1,,176.56,173,2,,138.23,129,right,138.23,ok,0,0,1,1,2,2,1,10,150
23933,game,3,,,14,1,,176.56,173,2,,138.23,129,right,138.23,ok,0,0,1,1,2,2,1,10,150
23934,game,3,,,14,1,,176.56,173,2,,138.23,129,right,138.23,ok,0,0,1,1,2,2,1,10,150
23934,game,3,,,14,1,,176.56,173,2,,138.23,129,right,138.23,ok,0,0,1,1,2,2,1,10,150
23946,game,3,,,14,1,,176.56,173,2,,138.23,129,right,138.23,ok,0,0,1,1,2,2,1,10,150
24034,game,3,,,14,1,,176.56,173,2,,138.23,129,right,138.23,ok,0,0,1,1,2,2,1,10,150
24035,game,3,,,14,1,,176.56,173,2,,138.23,129,right,138.23,ok,0,0,1,1,2,2,1,10,150
24046,game,3,,,14,1,,176.56,173,2,,138.23,129,right,138.23,ok,0,0,1,1,2,2,1,10,150
24129,game,3,,,14,1,,,173,2,104.51,138.23,129,right,138.23,ok,0,0,1,1,2,2,1,10,150
24131,game,3,,,14,1,,,173,2,104.51,138.23,129,right,138.23,ok,0,0,1,1,2,2,1,10,150
24146,game,3,,,14,1,,,173,2,104.51,138.23,129,right,138.23,ok,0,0,1,1,2,2,1,10,150
24226,game,3,,,14,1,,,173,2,,104.51,136,right,104.51,ok,0,0,1,1,2,2,1,10,150
24227,game,3,,,14,1,,,173,2,,104.51,136,right,104.51,ok,0,0,1,1,2,2,1,10,150
24237,game,3,,,14,1,,,173,2,,104.51,136,right,104.51,ok,0,0,1,1,2,2,1,10,150
24244,game,3,,,14,1,,,173,2,,104.51,136,right,104.51,ok,0,0,1,1,2,2,1,10,150
24332,game,3,,,14,1,,,173,2,,104.51,136,right,104.51,ok,0,0,1,1,2,2,1,10,150
24334,game,3,,,14,1,,,173,2,,104.51,136,right,104.51,ok,0,0,1,1,2,2,1,10,150
24335,game,3,,,14,1,,,173,2,,104.51,136,right,104.51,ok,0,0,1,1,2,2,1,10,150
24354,game,3,,,14,1,,,173,2,,104.51,136,right,104.51,ok,0,0,1,1,2,2,1,10,150
24354,game,3,,,14,1,,,173,2,,104.51,136,right,104.51,ok,0,0,1,1,2,2,1,10,150
24430,game,3,,,14,1,,,173,2,,104.51,136,right,104.51,ok,0,0,1,1,2,2,1,10,150
24439,game,3,,,14,1,,,173,2,,104.51,136,right,104.51,ok,0,0,1,1,2,2,1,10,150
24535,game,3,,,14,1,83.3,,173,2,,104.51,136,right,104.51,ok,0,0,1,1,2,2,1,10,150
24536,game,3,,,14,1,83.3,,173,2,,104.51,136,right,104.51,ok,0,0,1,1,2,2,1,10,150
24553,game,3,,,14,1,83.3,,173,2,,104.51,136,right,104.51,ok,0,0,1,1,2,2,1,10,150
24553,game,3,,,14,1,83.3,,173,2,,104.51,136,right,104.51,ok,0,0,1,1,2,2,1,10,150
24554,game,3,,,14,1,83.3,,174,2,,104.51,136,right,104.51,ok,0,0,1,1,2,2,1,10,150
24554,game,3,,,14,1,83.3,,174,2,,104.51,136,right,104.51,ok,0,0,1,1,2,2,1,10,150
24631,game,3,,,14,1,83.3,83.3,180,2,,,136,centre,83.3,ok,0,0,1,1,1,1,1,10,150
24632,game,3,,,14,1,83.3,83.3,180,2,,,136,centre,83.3,ok,0,0,1,1,1,1,1,10,150
24646,game,3,,,14,1,82.85,83.3,180,2,,,136,centre,83.3,ok,0,0,1,1,1,1,1,10,150
24735,game,3,,,14,1,85.56,82.85,180,2,,,136,centre,82.85,ok,0,0,1,1,1,1,1,10,150
24736,game,3,,,14,1,85.56,82.85,180,2,,,136,centre,82.85,ok,0,0,1,1,1,1,1,10,150
24745,game,3,,,14,1,85.56,82.85,180,2,,,136,centre,82.85,ok,0,0,1,1,1,1,1,10,150
24753,game,3,,,14,1,85.56,82.85,180,2,,,136,centre,82.85,ok,0,0,1,1,1,1,1,10,150
24841,game,3,,,14,1,83.78,85.56,180,2,206.69,,136,centre,85.56,ok,0,0,1,1,1,1,1,10,150
24842,game,3,,,14,1,83.78,85.56,180,2,206.69,,136,centre,85.56,ok,0,0,1,1,1,1,1,10,150
24849,game,3,,,14,1,83.78,85.56,180,2,206.69,,136,centre,85.56,ok,0,0,1,1,1,1,1,10,150
24858,game,3,,,14,1,83.78,85.56,180,2,206.69,,136,centre,85.56,ok,0,0,1,1,1,1,1,10,150
24858,game,3,,,14,1,83.78,85.56,180,2,206.69,,136,centre,85.56,ok,0,0,1,1,1,1,1,10,150
24859,game,3,,,14,1,83.78,85.56,180,2,,,137,centre,85.56,ok,0,0,1,1,1,1,1,10,150
24942,game,3,,,14,1,83.78,83.78,180,2,,,137,centre,83.78,ok,0,0,1,1,1,1,1,10,150
24947,game,3,,,14,1,84.36,83.78,180,2,,,137,centre,83.78,ok,0,0,1,1,1,1,1,10,150
25042,game,3,,,14,1,82.77,84.36,180,2,,,137,centre,84.36,ok,0,0,1,1,1,1,1,10,150
25043,game,3,,,14,1,82.77,84.36,180,2,,,137,centre,84.36,ok,0,0,1,1,1,1,1,10,150
25061,game,3,,,14,1,82.77,84.36,180,2,,,137,centre,84.36,ok,0,0,1,1,1,1,1,10,150
25062,game,3,,,14,1,82.77,84.36,180,2,,,137,centre,84.36,ok,0,0,1,1,1,1,1,10,150
25144,game,3,,,14,1,95.77,82.77,180,2,,,137,centre,82.77,ok,0,0,1,1,1,1,1,10,150
25146,game,3,,,14,1,95.77,82.77,180,2,,,137,centre,82.77,ok,0,0,1,1,1,1,1,10,150
25160,game,3,,,14,1,95.77,95.77,180,2,,,137,centre,95.77,ok,0,0,1,1,1,1,1,10,150
25161,game,3,,,14,1,95.77,95.77,180,2,,,137,centre,95.77,ok,0,0,1,1,1,1,1,10,150
25202,game,3,,,14,1,95.77,95.77,180,2,,,137,centre,95.77,ok,0,0,1,1,1,1,1,10,150
25246,game,3,,,14,1,95.77,95.77,180,2,,,137,centre,95.77,ok,0,0,1,1,1,1,1,10,150
25252,game,3,,,14,1,95.77,95.77,180,2,,,137,centre,95.77,ok,0,0,1,1,1,1,1,10,150
25256,game,3,,,14,1,95.77,95.77,180,2,75.53,,137,centre,95.77,ok,0,0,1,1,1,1,1,10,150
25262,game,3,,,14,1,80.52,95.77,180,2,75.53,75.53,137,right,75.53,ok,0,0,1,1,2,1,1,10,150
25361,game,3,,,14,1,80.52,80.52,180,2,75.53,75.53,137,right,75.53,ok,0,0,1,1,2,1,1,10,150
25369,game,3,,,14,1,,80.52,180,2,75.53,75.53,137,right,75.53,ok,0,0,1,1,2,1,1,10,150
25370,game,3,,,14,1,,80.52,180,2,75.53,75.53,137,right,75.53,ok,0,0,1,1,2,1,1,10,150
25385,game,3,,,14,1,,80.52,180,2,75.53,75.53,137,right,75.53,ok,0,0,1,1,2,1,1,10,150
25457,game,3,,,14,1,,80.52,180,2,,75.53,137,right,75.53,ok,0,0,1,1,2,1,1,10,150
25457,game,3,,,14,1,,80.52,180,2,,75.53,137,right,75.53,ok,0,0,1,1,2,1,1,10,150
25469,game,3,,,14,1,,80.52,180,2,,75.53,137,right,75.53,ok,0,0,1,1,2,1,1,10,150
25470,game,3,,,14,1,,80.52,180,2,,75.53,137,right,75.53,ok,0,0,1,1,2,1,1,10,150
25478,game,3,,,14,1,,80.52,180,2,89.87,75.53,137,right,75.53,ok,0,0,1,1,2,1,1,10,150
25556,game,3,,,14,1,,80.52,180,2,,89.87,137,centre,80.52,ok,0,0,1,1,1,1,1,10,150
25557,game,3,,,14,1,,80.52,180,2,,89.87,137,centre,80.52,ok,0,0,1,1,1,1,1,10,150
25573,game,3,,,14,1,,80.52,180,2,,89.87,137,centre,80.52,ok,0,0,1,1,1,1,1,10,150
25657,game,3,,,14,1,,80.52,180,2,,89.87,137,centre,80.52,ok,0,0,1,1,1,1,1,10,150
25658,game,3,,,14,1,,80.52,180,2,,89.87,137,centre,80.52,ok,0,0,1,1,1,1,1,10,150
25671,game,3,,,14,1,,80.52,180,2,,89.87,137,centre,80.52,ok,0,0,1,1,1,1,1,10,150
25672,game,3,,,14,1,,80.52,180,2,,89.87,137,centre,80.52,ok,0,0,1,1,1,1,1,10,150
25762,game,3,,,14,1,,,180,2,,89.87,137,right,89.87,ok,0,0,1,1,2,1,1,10,150
25763,game,3,,,14,1,,,180,2,,89.87,137,right,89.87,ok,0,0,1,1,2,1,1,10,150
25859,game,3,,,14,1,,,180,2,,89.87,137,right,89.87,ok,0,0,1,1,2,1,1,10,150
25868,game,3,,,14,1,,,180,2,,89.87,137,right,89.87,ok,0,0,1,1,2,1,1,10,150
25869,game,3,,,14,1,,,180,2,,89.87,137,right,89.87,ok,0,0,1,1,2,1,1,10,150
25888,game,3,,,14,1,,,180,2,,89.87,137,right,89.87,ok,0,0,1,1,2,1,1,10,150
25968,game,3,,,14,1,,,180,2,,,137,,,ok,1,0,1,1,,,1,10,150
25969,game,3,,,14,1,,,180,2,,,137,,,ok,1,0,1,1,,,1,10,150
25984,game,3,,,14,1,,,180,2,,,137,,,ok,1,1,1,1,,,1,10,150
25984,game,3,,,14,1,,,180,2,,,137,,,ok,1,2,1,1,,,1,10,150
25984,game,3,,,14,1,,,180,2,,,137,,,ok,1,2,1,1,,,1,10,150
26068,game,3,,,14,1,,,180,2,,,137,,,ok,1,3,1,1,,,1,10,150
26080,game,3,,,14,1,,,180,2,,,137,,,ok,1,4,1,1,,,1,10,150
26081,game,3,,,14,1,,,180,2,,,137,,,ok,1,4,1,1,,,1,10,150
26094,game,3,,,14,1,,,180,2,,,137,,,ok,1,4,1,1,,,1,10,150
26168,game,3,,,14,1,,,180,2,,,137,,,ok,1,5,1,1,,,1,10,150
26180,game,3,,,14,1,,,180,2,,,137,,,ok,1,6,1,1,,,1,10,150
26181,game,3,,,14,1,,,180,2,,,137,,,ok,1,6,1,1,,,1,10,150
26273,game,3,,,14,1,,,180,2,,,137,,,ok,1,7,1,1,,,1,10,150
26273,game,3,,,14,1,,,180,2,,,137,,,ok,1,7,1,1,,,1,10,150
26285,game,3,,,14,1,,,180,2,,,137,,,ok,1,7,1,1,,,1,10,150
26296,game,3,,,14,1,,,180,2,,,137,,,ok,1,8,1,1,,,1,10,150
26296,game,3,,,14,1,,,180,2,,,137,,,ok,1,8,1,1,,,1,10,150
26372,game,3,,,14,1,,,180,2,,,137,,,ok,1,9,1,1,,,1,10,150
26376,game,3,,,14,1,,,180,2,,,137,,,ok,1,9,1,1,,,1,10,150
26399,game,3,,,14,1,,,180,2,,,137,,,ok,1,10,1,1,,,1,10,150
26475,game,3,,,14,1,,,180,2,,,137,,,ok,1,11,1,1,,,1,10,150
26475,game,3,,,14,1,,,180,2,,,137,,,ok,1,11,1,1,,,1,10,150
26498,game,3,,,14,1,,,180,2,,,137,,,ok,1,11,1,1,,,1,10,150
26498,game,3,,,14,1,,,180,2,,,137,,,ok,1,12,1,1,,,1,10,150
26574,game,3,,,14,1,,,180,2,,,137,,,ok,1,13,1,1,,,1,10,150
26587,game,3,,,14,1,,,180,2,,,137,,,ok,1,14,1,1,,,1,10,150
26681,game,3,,,14,1,,,180,2,,,137,,,ok,1,15,1,1,,,1,10,150
26682,game,3,,,14,1,,,180,2,,,137,,,ok,1,15,1,1,,,1,10,150
26703,game,3,,,14,1,,,180,2,,,137,,,ok,1,16,1,1,,,1,10,150
26703,game,3,,,14,1,,,180,2,,,137,,,ok,1,17,1,1,,,1,10,150
26704,game,3,,,14,1,,,180,2,,,137,,,ok,1,17,1,1,,,1,10,150
26726,game,3,,,14,1,,,180,2,,,137,,,ok,1,17,1,1,,,1,10,150
26791,game,3,,,14,1,,,180,2,,,137,,,ok,1,18,1,1,,,1,10,150
26792,game,3,,,14,1,,,180,2,,,137,,,ok,1,18,1,1,,,1,10,150
26810,game,3,,,14,1,,,180,2,,,137,,,ok,1,18,1,1,,,1,10,150
26886,game,3,,,14,1,,,180,2,,,137,,,ok,1,19,1,1,,,1,10,150
26886,game,3,,,14,1,,,180,2,,,137,,,ok,1,19,1,1,,,1,10,150
26912,game,3,,,14,1,,,180,2,,,137,,,ok,1,19,1,1,,,1,10,150
26913,game,3,,,14,1,,,180,2,,,137,,,ok,1,20,1,1,,,1,10,150
26913,game,3,,,14,1,,,180,2,,,137,,,ok,1,20,1,1,,,1,10,150
26994,game,3,,,14,1,,,180,2,,,137,,,ok,1,21,1,1,,,1,10,150
26995,game,3,,,14,1,,,180,2,,,137,,,ok,1,21,1,1,,,1,10,150
27021,game,3,,,14,1,,,180,2,,,137,,,ok,1,21,1,1,,,1,10,150
27022,game,3,,,14,1,,,180,2,,,137,,,ok,1,22,1,1,,,1,10,150
27092,game,3,,,14,1,,,180,2,,,137,,,ok,1,23,1,1,,,1,10,150
27093,game,3,,,14,1,,,180,2,,,137,,,ok,1,23,1,1,,,1,10,150
27117,game,3,,,14,1,,,180,2,,,137,,,ok,1,24,1,1,,,1,10,150
27193,game,3,,,14,1,,,180,2,129.69,,137,,,ok,1,25,1,1,,,1,10,150
27193,game,3,,,14,1,,,180,2,129.69,,137,,,ok,1,25,1,1,,,1,10,150
27214,game,3,,,14,1,,,180,2,129.69,,137,,,ok,1,25,1,1,,,1,10,150
27248,game,3,,,14,1,182.05,,180,2,,129.69,137,right,129.69,ok,0,0,1,1,2,2,1,10,150
27248,game,3,,,14,1,182.05,,180,2,,129.69,137,right,129.69,ok,0,0,1,1,2,2,1,10,150
27267,game,3,,,14,1,182.05,,180,2,,129.69,137,right,129.69,ok,0,0,1,1,2,2,1,10,150
27339,game,3,,,14,1,182.05,182.05,187,2,,129.69,137,right,129.69,ok,0,0,1,1,2,2,1,10,150
27339,game,3,,,14,1,,182.05,187,2,,129.69,137,right,129.69,ok,0,0,1,1,2,2,1,10,150
27361,game,3,,,14,1,,182.05,187,2,,129.69,137,right,129.69,ok,0,0,1,1,2,2,1,10,150
27420,game,3,,,14,1,,182.05,187,2,,129.69,137,right,129.69,ok,0,0,1,1,2,2,1,10,150
27422,game,3,,,14,1,,182.05,187,2,109.19,129.69,137,right,129.69,ok,0,0,1,1,2,2,1,10,150
27433,game,3,,,14,1,,182.05,187,2,109.19,129.69,137,right,129.69,ok,0,0,1,1,2,2,1,10,150
27503,game,3,,,14,1,,182.05,187,2,109.19,109.19,137,right,109.19,ok,0,0,1,1,2,2,1,10,150
27505,game,3,,,14,1,,182.05,187,2,,109.19,137,right,109.19,ok,0,0,1,1,2,2,1,10,150
27510,game,3,,,14,1,,182.05,187,2,,109.19,137,right,109.19,ok,0,0,1,1,2,2,1,10,150
27608,game,3,,,14,1,,182.05,187,2,,109.19,137,right,109.19,ok,0,0,1,1,2,2,1,10,150
27609,game,3,,,14,1,,182.05,187,2,,109.19,137,right,109.19,ok,0,0,1,1,2,2,1,10,150
27634,game,3,,,14,1,,182.05,187,2,,109.19,137,right,109.19,ok,0,0,1,1,2,2,1,10,150
27635,game,3,,,14,1,,182.05,187,2,,109.19,137,right,109.19,ok,0,0,1,1,2,2,1,10,150
27705,game,3,243.84,,14,1,,,187,2,,109.19,137,right,109.19,ok,0,0,1,1,2,2,1,10,150
27705,game,3,243.84,,14,1,,,187,2,,109.19,137,right,109.19,ok,0,0,1,1,2,2,1,10,150
27730,game,3,243.84,243.84,14,1,,,187,2,,109.19,137,right,109.19,ok,0,0,2,2,2,2,1,10,150
27807,game,3,243.84,243.84,14,1,,,187,2,,109.19,137,right,109.19,ok,0,0,2,2,2,2,1,10,150
27807,game,3,243.84,243.84,14,1,,,187,2,,109.19,137,right,109.19,ok,0,0,2,2,2,2,1,10,150
27828,game,3,243.84,243.84,14,1,,,187,2,,109.19,137,right,109.19,ok,0,0,2,2,2,2,1,10,150
27829,game,3,,243.84,14,1,,,187,2,,109.19,137,right,109.19,ok,0,0,2,2,2,2,1,10,150
27829,game,3,,243.84,14,1,,,187,2,,109.19,137,right,109.19,ok,0,0,2,2,2,2,1,10,150
27911,game,3,,243.84,14,1,,,187,2,,,137,left,243.84,ok,1,0,2,2,,,1,10,150
27916,game,3,,243.84,14,1,,,187,2,,,137,left,243.84,ok,1,1,2,2,,,1,10,150
27922,game,3,,243.84,14,1,,,187,2,,,137,left,243.84,ok,1,2,2,2,,,1,10,150
28027,game,3,,243.84,14,1,,,187,2,,,137,left,243.84,ok,1,3,2,2,,,1,10,150
28028,game,3,,243.84,14,1,,,187,2,,,137,left,243.84,ok,1,3,2,2,,,1,10,150
28044,game,3,,243.84,14,1,,,187,2,,,137,left,243.84,ok,1,4,2,2,,,1,10,150
28045,game,3,,243.84,14,1,,,187,2,,,137,left,243.84,ok,1,5,2,2,,,1,10,150
28114,game,3,,243.84,14,1,,,187,2,,,137,left,243.84,ok,1,6,2,2,,,1,10,150
28114,game,3,,243.84,14,1,,,187,2,,,137,left,243.84,ok,1,6,2,2,,,1,10,150
28132,game,3,,243.84,14,1,,,187,2,,,137,left,243.84,ok,1,7,2,2,,,1,10,150
28217,game,3,,,14,1,,,187,2,,,137,,,ok,1,8,2,2,,,1,10,150
28217,game,3,,,14,1,,,187,2,,,137,,,ok,1,8,2,2,,,1,10,150
28231,game,3,,,14,1,,,187,2,,,137,,,ok,1,9,2,2,,,1,10,150
28232,game,3,,,14,1,,,187,2,,,137,,,ok,1,10,2,2,,,1,10,150
28318,game,3,,,14,1,,,187,2,175.89,,137,,,ok,1,11,2,2,,,1,10,150
28319,game,3,,,14,1,,,187,2,175.89,,137,,,ok,1,11,2,2,,,1,10,150
28332,game,3,,,14,1,,,187,2,,,139,,,ok,1,12,2,2,,,1,10,150
28337,game,3,,,14,1,,,187,2,,,139,,,ok,1,13,2,2,,,1,10,150
28341,game,3,,,14,1,,,187,2,,,139,,,ok,1,13,2,2,,,1,10,150
28422,game,3,,,14,1,,,187,2,,,139,,,ok,1,14,2,2,,,1,10,150
28423,game,3,,,14,1,,,187,2,,,139,,,ok,1,14,2,2,,,1,10,150
28447,game,3,,,14,1,,,187,2,,,139,,,ok,1,15,2,2,,,1,10,150
28560,game,3,,,14,1,,,187,2,,,139,,,ok,1,16,2,2,,,1,10,150
28561,game,3,,,14,1,,,187,2,,,139,,,ok,1,16,2,2,,,1,10,150
28581,game,3,,,14,1,,,187,2,,,139,,,ok,1,16,2,2,,,1,10,150
28582,game,3,,,14,1,,,187,2,,,139,,,ok,1,17,2,2,,,1,10,150
28582,game,3,,,14,1,,,187,2,,,139,,,ok,1,17,2,2,,,1,10,150
28648,game,3,,,14,1,,,187,2,168.22,,139,,,ok,1,18,2,2,,,1,10,150
28648,game,3,,,14,1,,,187,2,168.22,,139,,,ok,1,18,2,2,,,1,10,150
28655,game,3,,,14,1,,,187,2,168.22,,139,,,ok,1,18,2,2,,,1,10,150
28676,game,3,,,14,1,,,187,2,,,143,,,ok,1,19,2,2,,,1,10,150
28730,game,3,,,14,1,,,187,2,,,143,,,ok,1,20,2,2,,,1,10,150
28833,game,3,,,14,1,,,187,2,,,143,,,ok,1,21,2,2,,,1,10,150
28833,game,3,,,14,1,,,187,2,,,143,,,ok,1,21,2,2,,,1,10,150
28851,game,3,,,14,1,,,187,2,,,143,,,ok,1,22,2,2,,,1,10,150
28851,game,3,,,14,1,,,187,2,,,143,,,ok,1,22,2,2,,,1,10,150
28861,game,3,,,14,1,,,187,2,,,143,,,ok,1,22,2,2,,,1,10,150
28934,game,3,,,14,1,,,187,2,,,143,,,ok,1,23,2,2,,,1,10,150
28935,game,3,,,14,1,,,187,2,,,143,,,ok,1,23,2,2,,,1,10,150
29039,game,3,,,14,1,,,187,2,,,143,,,ok,1,24,2,2,,,1,10,150
29040,game,3,,,14,1,,,187,2,,,143,,,ok,1,24,2,2,,,1,10,150
29053,game,3,,,14,1,,,187,2,,,143,,,ok,1,25,2,2,,,1,10,150
29053,game,3,,,14,1,,,187,2,,,143,,,ok,1,26,2,2,,,1,10,150
29054,game,3,,,14,1,,,187,2,88.2,,143,,,ok,1,26,2,2,,,1,10,150
29069,game,3,,,14,1,,,187,2,88.2,,143,,,ok,1,26,2,2,,,1,10,150
29301,game,3,,,14,1,,,187,2,,88.2,143,right,88.2,ok,0,0,2,2,2,1,1,10,150
29303,game,3,,,14,1,,,187,2,,88.2,143,right,88.2,ok,0,0,2,2,2,1,1,10,150
29319,game,3,,,14,1,,,187,2,,88.2,143,right,88.2,ok,0,0,2,2,2,1,1,10,150
29320,game,3,,,14,1,,,187,2,,88.2,143,right,88.2,ok,0,0,2,2,2,1,1,10,150
29321,game,3,,,14,1,,,187,2,,88.2,143,right,88.2,ok,0,0,2,2,2,1,1,10,150
29329,game,3,,,14,1,,,187,2,,88.2,143,right,88.2,ok,0,0,2,2,2,1,1,10,150
29337,game,3,,,14,1,,,187,2,,88.2,143,right,88.2,ok,0,0,2,2,2,1,1,10,150
29345,game,3,,,14,1,,,187,2,,88.2,143,right,88.2,ok,0,0,2,2,2,1,1,10,150
29355,game,3,,,14,1,,,187,2,,88.2,143,right,88.2,ok,0,0,2,2,2,1,1,10,150
29356,game,3,,,14,1,,,187,2,,88.2,143,right,88.2,ok,0,0,2,2,2,1,1,10,150
29447,game,3,,,14,1,,,187,2,234.01,88.2,143,right,88.2,ok,0,0,2,2,2,1,1,10,150
29452,game,3,196.16,,14,1,,,187,2,234.01,88.2,144,right,88.2,ok,0,0,2,2,2,1,1,10,150
29454,game,3,,,14,1,,,187,2,234.01,88.2,144,right,88.2,ok,0,0,2,2,2,1,1,10,150
29470,game,3,,,14,1,,,187,2,234.01,88.2,145,right,88.2,ok,0,0,2,2,2,1,1,10,150
29470,game,3,,,14,1,,,187,2,234.01,88.2,145,right,88.2,ok,0,0,2,2,2,1,1,10,150
29551,game,3,,,14,1,,,187,2,,234.01,150,right,234.01,ok,1,0,2,2,,,1,10,150
29553,game,3,,,14,1,,,187,2,,234.01,150,right,234.01,ok,1,0,2,2,,,1,10,150
29567,game,3,,,14,1,111.89,,187,2,,234.01,150,right,234.01,ok,1,1,2,2,,,1,10,150
29664,game,3,,,14,1,111.89,111.89,194,2,,234.01,150,centre,111.89,ok,0,0,2,2,1,2,1,10,150
29666,game,3,,,14,1,,111.89,194,2,,234.01,150,centre,111.89,ok,0,0,2,2,1,2,1,10,150
29679,game,3,,,14,1,,111.89,194,2,,234.01,150,centre,111.89,ok,0,0,2,2,1,2,1,10,150
29760,game,3,,,14,1,,111.89,194,2,,234.01,150,centre,111.89,ok,0,0,2,2,1,2,1,10,150
29765,game,3,,,14,1,,111.89,194,2,,234.01,150,centre,111.89,ok,0,0,2,2,1,2,1,10,150
29766,game,3,,,14,1,,111.89,194,2,,234.01,150,centre,111.89,ok,0,0,2,2,1,2,1,10,150
29864,game,3,,,14,1,,111.89,194,2,,234.01,150,centre,111.89,ok,0,0,2,2,1,2,1,10,150
29864,game,3,,,14,1,,111.89,194,2,,234.01,150,centre,111.89,ok,0,0,2,2,1,2,1,10,150
29882,game,3,,,14,1,,111.89,194,2,,234.01,150,centre,111.89,ok,0,0,2,2,1,2,1,10,150
29882,game,3,,,14,1,,111.89,194,2,,234.01,150,centre,111.89,ok,0,0,2,2,1,2,1,10,150
29882,game,3,,,14,1,,111.89,194,2,,234.01,150,centre,111.89,ok,0,0,2,2,1,2,1,10,150
29890,game,3,,,14,1,,111.89,194,2,,234.01,150,centre,111.89,ok,0,0,2,2,1,2,1,10,150
29891,game,3,,,14,1,,111.89,194,2,,234.01,150,centre,111.89,ok,0,0,2,2,1,2,1,10,150
29961,game,3,,,14,1,,111.89,194,2,,,150,centre,111.89,ok,0,0,2,2,1,2,1,10,150
30062,game,3,,,14,1,,,194,2,,,150,,,ok,1,0,2,2,,,1,10,150
30064,game,3,,,14,1,,,194,2,,,150,,,ok,1,1,2,2,,,1,10,150
30065,game,3,,,14,1,,,194,2,,,150,,,ok,1,1,2,2,,,1,10,150
30077,game,3,,,14,1,,,194,2,,,150,,,ok,1,1,2,2,,,1,10,150
30084,game,3,,,14,1,,,194,2,,,150,,,ok,1,2,2,2,,,1,10,150
30165,game,3,,,14,1,,,194,2,,,150,,,ok,1,3,2,2,,,1,10,150
30168,game,3,,,14,1,,,194,2,,,150,,,ok,1,4,2,2,,,1,10,150
30168,game,3,,,14,1,,,194,2,,,150,,,ok,1,4,2,2,,,1,10,150
30185,game,3,,,14,1,,,194,2,,,150,,,ok,1,4,2,2,,,1,10,150
30185,game,3,,,14,1,,,194,2,,,150,,,ok,1,4,2,2,,,1,10,150
30265,game,3,,,14,1,215.92,,194,2,,,150,,,ok,1,5,2,2,,,1,10,150
30266,game,3,,,14,1,215.92,,194,2,,,150,,,ok,1,5,2,2,,,1,10,150
30278,game,3,,,14,1,215.92,,195,2,,,150,,,ok,1,6,2,2,,,1,10,150
30368,game,3,,,14,1,215.92,215.92,201,2,,,150,centre,215.92,ok,1,7,2,2,,,1,10,150
30369,game,3,,,14,1,215.92,215.92,201,2,,,150,centre,215.92,ok,1,7,2,2,,,1,10,150
30387,game,3,,,14,1,,215.92,201,2,,,150,centre,215.92,ok,1,8,2,2,,,1,10,150
30388,game,3,,,14,1,,215.92,201,2,,,150,centre,215.92,ok,1,9,2,2,,,1,10,150
30472,game,3,,,14,1,,215.92,201,2,,,150,centre,215.92,ok,1,10,2,2,,,1,10,150
30473,game,3,,,14,1,,215.92,201,2,,,150,centre,215.92,ok,1,10,2,2,,,1,10,150
30484,game,3,,,14,1,,215.92,201,2,,,150,centre,215.92,ok,1,11,2,2,,,1,10,150
30484,game,3,,,14,1,,215.92,201,2,,,150,centre,215.92,ok,1,12,2,2,,,1,10,150
30573,game,3,,,14,1,,215.92,201,2,,,150,centre,215.92,ok,1,13,2,2,,,1,10,150
30574,game,3,,,14,1,,215.92,201,2,,,150,centre,215.92,ok,1,13,2,2,,,1,10,150
30590,game,3,,,14,1,,215.92,201,2,,,150,centre,215.92,ok,1,13,2,2,,,1,10,150
30591,game,3,,,14,1,,215.92,201,2,,,150,centre,215.92,ok,1,14,2,2,,,1,10,150
30623,game,3,,,14,1,,215.92,201,2,,,150,centre,215.92,ok,1,15,2,2,,,1,10,150
30625,game,3,,,14,1,,215.92,201,2,,,150,centre,215.92,ok,1,16,2,2,,,1,10,150
30679,game,3,,,14,1,,215.92,201,2,,,150,centre,215.92,ok,1,17,2,2,,,1,10,150
30781,game,3,,,14,1,,,201,2,,,150,,,ok,1,18,2,2,,,1,10,150
30785,game,3,,,14,1,,,201,2,,,150,,,ok,1,19,2,2,,,1,10,150
30786,game,3,,,14,1,,,201,2,,,150,,,ok,1,19,2,2,,,1,10,150
30881,game,3,,,14,1,,,201,2,,,150,,,ok,1,20,2,2,,,1,10,150
30882,game,3,,,14,1,,,201,2,,,150,,,ok,1,20,2,2,,,1,10,150
30892,game,3,,,14,1,,,201,2,,,150,,,ok,1,21,2,2,,,1,10,150
30892,game,3,,,14,1,,,201,2,,,150,,,ok,1,22,2,2,,,1,10,150
30892,game,3,,,14,1,,,201,2,,,150,,,ok,1,22,2,2,,,1,10,150
30982,game,3,,,14,1,,,201,2,,,150,,,ok,1,23,2,2,,,1,10,150
30984,game,3,,,14,1,,,201,2,,,150,,,ok,1,24,2,2,,,1,10,150
30984,game,3,,,14,1,,,201,2,,,150,,,ok,1,24,2,2,,,1,10,150
31085,game,3,,,14,1,,,201,2,,,150,,,ok,1,25,2,2,,,1,10,150
31085,game,3,,,14,1,,,201,2,,,150,,,ok,1,25,2,2,,,1,10,150
31099,game,3,,,14,1,,,201,2,,,150,,,ok,1,25,2,2,,,1,10,150
31100,game,3,,,14,1,,,201,2,,,150,,,ok,1,26,2,2,,,1,10,150
31101,game,3,,,14,1,,,201,2,,,150,,,ok,1,26,2,2,,,1,10,150
31186,game,3,,,14,1,,,201,2,,,150,,,ok,1,27,2,2,,,1,10,150
31192,game,3,,,14,1,,,201,2,,,150,,,ok,1,28,2,2,,,1,10,150
31204,game,3,,,14,1,,,201,2,,,150,,,ok,1,29,2,2,,,1,10,150
31289,game,3,,,14,1,172.12,,201,2,,,150,,,ok,1,30,2,2,,,1,10,150
31289,game,3,,,14,1,172.12,,201,2,,,150,,,ok,1,30,2,2,,,1,10,150
31302,game,3,,,14,1,172.12,,201,2,,,150,,,ok,1,30,2,2,,,1,10,150
31311,game,3,,,14,1,172.12,,201,2,,,150,,,ok,1,30,2,2,,,1,10,150
31392,game,3,,,14,1,,172.12,208,2,,,150,centre,172.12,ok,1,31,2,2,,,1,10,150
31392,game,3,,,14,1,,172.12,208,2,,,150,centre,172.12,ok,1,31,2,2,,,1,10,150
31417,game,3,,,14,1,,172.12,208,2,,,150,centre,172.12,ok,1,31,2,2,,,1,10,150
31494,game,3,,,14,1,,172.12,208,2,,,150,centre,172.12,ok,1,32,2,2,,,1,10,150
31494,game,3,,,14,1,,172.12,208,2,,,150,centre,172.12,ok,1,32,2,2,,,1,10,150
31508,game,3,,,14,1,,172.12,208,2,,,150,centre,172.12,ok,1,32,2,2,,,1,10,150
31522,game,3,,,14,1,,172.12,208,2,,,150,centre,172.12,ok,1,33,2,2,,,1,10,150
31523,game,3,,,14,1,,172.12,208,2,,,150,centre,172.12,ok,1,33,2,2,,,1,10,150
31595,game,3,,,14,1,,172.12,208,2,229.9,,150,centre,172.12,ok,1,34,2,2,,,1,10,150
31599,game,3,,,14,1,,172.12,208,2,229.9,,150,centre,172.12,ok,1,34,2,2,,,1,10,150
31698,game,3,,,14,1,,172.12,208,2,,229.9,150,centre,172.12,ok,1,35,2,2,,,1,10,150
31699,game,3,,,14,1,,172.12,208,2,,229.9,150,centre,172.12,ok,1,35,2,2,,,1,10,150
31722,game,3,,,14,1,,172.12,208,2,,229.9,150,centre,172.12,ok,1,35,2,2,,,1,10,150
31722,game,3,,,14,1,,172.12,208,2,,229.9,150,centre,172.12,ok,1,36,2,2,,,1,10,150
31723,game,3,,,14,1,,172.12,208,2,,229.9,150,centre,172.12,ok,1,36,2,2,,,1,10,150
31802,game,3,,,14,1,,,208,2,,229.9,150,right,229.9,ok,1,37,2,2,,,1,10,150
31802,game,3,,,14,1,,,208,2,,229.9,150,right,229.9,ok,1,37,2,2,,,1,10,150
31817,game,3,,,14,1,,,208,2,,229.9,150,right,229.9,ok,1,37,2,2,,,1,10,150
31905,game,3,,,14,1,,,208,2,,229.9,150,right,229.9,ok,1,38,2,2,,,1,10,150
31905,game,3,,,14,1,,,208,2,,229.9,150,right,229.9,ok,1,38,2,2,,,1,10,150
31926,game,3,,,14,1,,,208,2,,229.9,150,right,229.9,ok,1,38,2,2,,,1,10,150
31926,game,3,,,14,1,,,208,2,,229.9,150,right,229.9,ok,1,39,2,2,,,1,10,150
31927,game,3,,,14,1,,,208,2,,229.9,150,right,229.9,ok,1,39,2,2,,,1,10,150
31951,game,3,,,14,1,,,208,2,,229.9,150,right,229.9,ok,1,40,2,2,,,1,10,150
31955,game,3,,,14,1,,,208,2,,229.9,150,right,229.9,ok,1,41,2,2,,,1,10,150
32048,game,3,,,14,1,,,208,2,,,150,,,ok,1,42,2,2,,,1,10,150
32053,game,3,,,14,1,,,208,2,,,150,,,ok,1,42,2,2,,,1,10,150
32076,game,3,,,14,1,,,208,2,,,150,,,ok,1,43,2,2,,,1,10,150
32133,game,3,,,14,1,,,208,2,,,150,,,ok,1,44,2,2,,,1,10,150
32133,game,3,,,14,1,,,208,2,,,150,,,ok,1,44,2,2,,,1,10,150
32159,game,3,,,14,1,,,208,2,,,150,,,ok,1,45,2,2,,,1,10,150
32160,game,3,185.25,,14,1,,,208,2,,,150,,,ok,1,46,2,2,,,1,10,150
32241,game,3,185.25,185.25,14,1,,,208,2,,,150,left,185.25,ok,1,47,2,2,,,1,10,150
32250,game,3,,185.25,14,1,,,208,2,59.46,,150,left,185.25,ok,1,48,2,2,,,1,10,150
32250,game,3,,185.25,14,1,,,208,2,59.46,,150,left,185.25,ok,1,48,2,2,,,1,10,150
32280,game,3,,185.25,14,1,,,208,2,59.46,,151,left,185.25,ok,1,49,2,2,,,1,10,150
32351,game,3,,185.25,14,1,,,208,2,,59.46,157,right,59.46,ok,0,0,2,2,2,1,1,10,150
32351,game,3,,185.25,14,1,,,208,2,,59.46,157,right,59.46,ok,0,0,2,2,2,1,1,10,150
32374,game,3,78.89,185.25,14,1,,,208,2,,59.46,157,right,59.46,ok,0,0,2,2,2,1,1,10,150
32435,game,3,,78.89,21,1,,,208,2,,59.46,157,right,59.46,ok,0,0,2,2,2,1,1,10,150
32435,game,3,,78.89,21,1,,,208,2,,59.46,157,right,59.46,ok,0,0,2,2,2,1,1,10,150
32447,game,3,,78.89,21,1,,,208,2,,59.46,157,right,59.46,ok,0,0,2,2,2,1,1,10,150
32523,game,3,199.32,78.89,21,1,,,208,2,,59.46,157,right,59.46,ok,0,0,2,2,2,1,1,10,150
32527,game,3,199.32,78.89,22,1,,,208,2,,59.46,157,right,59.46,ok,0,0,2,1,2,1,1,10,150
32528,game,3,199.32,78.89,22,1,,,208,2,,59.46,157,right,59.46,ok,0,0,2,1,2,1,1,10,150
32623,game,3,,199.32,28,1,,,208,2,69.58,59.46,157,right,59.46,ok,0,0,2,1,2,1,1,10,150
32623,game,3,,199.32,28,1,,,208,2,69.58,59.46,157,right,59.46,ok,0,0,2,1,2,1,1,10,150
32642,game,3,,199.32,28,1,,,208,2,69.58,59.46,157,right,59.46,ok,0,0,2,1,2,1,1,10,150
32643,game,3,,199.32,28,1,,,208,2,69.58,59.46,157,right,59.46,ok,0,0,2,1,2,1,1,10,150
32643,game,3,,199.32,28,1,,,208,2,69.58,59.46,157,right,59.46,ok,0,0,2,1,2,1,1,10,150
32721,game,3,,199.32,28,1,,,208,2,,69.58,157,right,69.58,ok,0,0,2,1,2,1,1,10,150
32722,game,3,,199.32,28,1,,,208,2,,69.58,157,right,69.58,ok,0,0,2,1,2,1,1,10,150
32732,game,3,,199.32,28,1,,,208,2,,69.58,157,right,69.58,ok,0,0,2,1,2,1,1,10,150
32736,game,3,,199.32,28,1,,,208,2,,69.58,157,right,69.58,ok,0,0,2,1,2,1,1,10,150
32831,game,3,,199.32,28,1,191.1,,208,2,,69.58,157,right,69.58,ok,0,0,2,1,2,1,1,10,150
32831,game,3,,199.32,28,1,191.1,,208,2,,69.58,157,right,69.58,ok,0,0,2,1,2,1,1,10,150
32855,game,3,,199.32,28,1,191.1,191.1,208,2,,69.58,157,right,69.58,ok,0,0,2,1,2,1,1,10,150
32931,game,3,,199.32,28,1,191.1,191.1,208,2,,69.58,157,right,69.58,ok,0,0,2,1,2,1,1,10,150
32938,game,3,,199.32,28,1,,191.1,208,2,,69.58,157,right,69.58,ok,0,0,2,1,2,1,1,10,150
32939,game,3,,199.32,28,1,,191.1,208,2,,69.58,157,right,69.58,ok,0,0,2,1,2,1,1,10,150
32962,game,3,,199.32,28,1,,191.1,208,2,,69.58,157,right,69.58,ok,0,0,2,1,2,1,1,10,150
33032,game,3,,,28,1,,191.1,208,2,122.79,69.58,157,right,69.58,ok,0,0,2,1,2,1,1,10,150
33032,game,3,,,28,1,,191.1,208,2,122.79,69.58,157,right,69.58,ok,0,0,2,1,2,1,1,10,150
33053,game,3,,,28,1,,191.1,208,2,122.79,69.58,158,right,69.58,ok,0,0,2,1,2,1,1,10,150
33054,game,3,,,28,1,,191.1,208,2,,69.58,159,right,69.58,ok,0,0,2,1,2,1,1,10,150
33054,game,3,,,28,1,,191.1,208,2,,69.58,159,right,69.58,ok,0,0,2,1,2,1,1,10,150
33131,game,3,,,28,1,,191.1,208,2,,,159,centre,191.1,ok,1,1,2,1,,,1,10,150
33235,game,3,,,28,1,,191.1,208,2,,,159,centre,191.1,ok,1,2,2,1,,,1,10,150
33235,game,3,,,28,1,,191.1,208,2,,,159,centre,191.1,ok,1,2,2,1,,,1,10,150
33245,game,3,,,28,1,,191.1,208,2,,,159,centre,191.1,ok,1,2,2,1,,,1,10,150
33259,game,3,,,28,1,,191.1,208,2,,,159,centre,191.1,ok,1,3,2,1,,,1,10,150
33259,game,3,,,28,1,,191.1,208,2,,,159,centre,191.1,ok,1,3,2,1,,,1,10,150
33337,game,3,,,28,1,,,208,2,,,159,,,ok,1,4,2,1,,,1,10,150
33338,game,3,,,28,1,,,208,2,,,159,,,ok,1,5,2,1,,,1,10,150
33344,game,3,,,28,1,,,208,2,,,159,,,ok,1,6,2,1,,,1,10,150
33345,game,3,,,28,1,,,208,2,,,159,,,ok,1,6,2,1,,,1,10,150
33439,game,3,,,28,1,,,208,2,,,159,,,ok,1,7,2,1,,,1,10,150
33440,game,3,,,28,1,,,208,2,,,159,,,ok,1,7,2,1,,,1,10,150
33450,game,3,,,28,1,,,208,2,,,159,,,ok,1,8,2,1,,,1,10,150
33450,game,3,,,28,1,,,208,2,,,159,,,ok,1,8,2,1,,,1,10,150
33542,game,3,,,28,1,,,208,2,,,159,,,ok,1,9,2,1,,,1,10,150
33542,game,3,,,28,1,,,208,2,,,159,,,ok,1,9,2,1,,,1,10,150
33563,game,3,,,28,1,,,208,2,,,159,,,ok,1,9,2,1,,,1,10,150
33563,game,3,,,28,1,,,208,2,,,159,,,ok,1,9,2,1,,,1,10,150
33649,game,3,,,28,1,,,208,2,,,159,,,ok,1,10,2,1,,,1,10,150
33654,game,3,,,28,1,,,208,2,,,159,,,ok,1,11,2,1,,,1,10,150
33747,game,3,,,28,1,,,208,2,,,159,,,ok,1,12,2,1,,,1,10,150
33748,game,3,,,28,1,,,208,2,,,159,,,ok,1,12,2,1,,,1,10,150
33774,game,3,172.58,,28,1,,,208,2,,,159,,,ok,1,13,2,1,,,1,10,150
33775,game,3,172.58,172.58,28,1,,,208,2,,,159,left,172.58,ok,1,14,2,1,,,1,10,150
33775,game,3,172.58,172.58,28,1,,,208,2,,,159,left,172.58,ok,1,14,2,1,,,1,10,150
33785,game,3,172.58,172.58,28,1,,,208,2,,,159,left,172.58,ok,1,14,2,1,,,1,10,150
33852,game,3,,172.58,28,1,,,208,2,,,159,left,172.58,ok,1,15,2,1,,,1,10,150
33853,game,3,,172.58,28,1,,,208,2,,,159,left,172.58,ok,1,15,2,1,,,1,10,150
33872,game,3,,172.58,28,1,,,208,2,,,159,left,172.58,ok,1,16,2,1,,,1,10,150
33951,game,3,,172.58,28,1,,,208,2,,,159,left,172.58,ok,1,17,2,1,,,1,10,150
33952,game,3,,172.58,28,1,,,208,2,,,159,left,172.58,ok,1,17,2,1,,,1,10,150
33974,game,3,,172.58,28,1,,,208,2,,,159,left,172.58,ok,1,18,2,1,,,1,10,150
34053,game,3,,172.58,28,1,,,208,2,,,159,left,172.58,ok,1,19,2,1,,,1,10,150
34053,game,3,,172.58,28,1,,,208,2,,,159,left,172.58,ok,1,19,2,1,,,1,10,150
34072,game,3,,172.58,28,1,,,208,2,,,159,left,172.58,ok,1,20,2,1,,,1,10,150
34072,game,3,,172.58,28,1,,,208,2,,,159,left,172.58,ok,1,21,2,1,,,1,10,150
34189,game,3,,172.58,28,1,,,208,2,180.3,,159,left,172.58,ok,1,22,2,1,,,1,10,150
34190,game,3,,172.58,28,1,,,208,2,,,159,left,172.58,ok,1,22,2,1,,,1,10,150
34213,game,3,,172.58,28,1,,,208,2,,,159,left,172.58,ok,1,22,2,1,,,1,10,150
34214,game,3,,,28,1,,,208,2,,,159,,,ok,1,23,2,1,,,1,10,150
34214,game,3,,,28,1,,,208,2,,,159,,,ok,1,23,2,1,,,1,10,150
34231,game,3,,,28,1,,,208,2,,,159,,,ok,1,23,2,1,,,1,10,150
34279,game,3,,,28,1,,,208,2,,,159,,,ok,1,24,2,1,,,1,10,150
34279,game,3,,,28,1,,,208,2,,,159,,,ok,1,24,2,1,,,1,10,150
34305,game,3,,,28,1,,,208,2,,,159,,,ok,1,25,2,1,,,1,10,150
34381,game,3,,,28,1,,,208,2,,,159,,,ok,1,26,2,1,,,1,10,150
34381,game,3,,,28,1,,,208,2,,,159,,,ok,1,26,2,1,,,1,10,150
34402,game,3,,,28,1,,,208,2,,,159,,,ok,1,26,2,1,,,1,10,150
34403,game,3,,,28,1,,,208,2,,,159,,,ok,1,27,2,1,,,1,10,150
34477,game,3,,,28,1,,,208,2,,,159,,,ok,1,28,2,1,,,1,10,150
34477,game,3,,,28,1,,,208,2,,,159,,,ok,1,28,2,1,,,1,10,150
34501,game,3,,,28,1,,,208,2,,,159,,,ok,1,29,2,1,,,1,10,150
34502,game,3,,,28,1,,,208,2,,,159,,,ok,1,30,2,1,,,1,10,150
34574,game,3,,,28,1,,,208,2,,,159,,,ok,1,31,2,1,,,1,10,150
34574,game,3,,,28,1,,,208,2,,,159,,,ok,1,31,2,1,,,1,10,150
34597,game,3,,,28,1,,,208,2,,,159,,,ok,1,32,2,1,,,1,10,150
34666,game,3,,,28,1,,,208,2,,,159,,,ok,1,33,2,1,,,1,10,150
34667,game,3,,,28,1,,,208,2,,,159,,,ok,1,33,2,1,,,1,10,150
34690,game,3,,,28,1,,,208,2,,,159,,,ok,1,34,2,1,,,1,10,150
34691,game,3,,,28,1,,,208,2,,,159,,,ok,1,35,2,1,,,1,10,150
34771,game,3,,,28,1,,,208,2,,,159,,,ok,1,36,2,1,,,1,10,150
34771,game,3,,,28,1,,,208,2,,,159,,,ok,1,36,2,1,,,1,10,150
34797,game,3,,,28,1,,,208,2,,,159,,,ok,1,37,2,1,,,1,10,150
34872,game,3,,,28,1,,,208,2,,,159,,,ok,1,38,2,1,,,1,10,150
34873,game,3,,,28,1,,,208,2,,,159,,,ok,1,38,2,1,,,1,10,150
34894,game,3,,,28,1,,,208,2,,,159,,,ok,1,39,2,1,,,1,10,150
34981,game,3,,,28,1,,,208,2,,,159,,,ok,1,40,2,1,,,1,10,150
34982,game,3,,,28,1,,,208,2,,,159,,,ok,1,40,2,1,,,1,10,150
35000,game,3,,,28,1,,,208,2,,,159,,,ok,1,40,2,1,,,1,10,150
35001,game,3,,,28,1,,,208,2,,,159,,,ok,1,41,2,1,,,1,10,150
35078,game,3,,,28,1,,,208,2,,,159,,,ok,1,42,2,1,,,1,10,150
35079,game,3,,,28,1,,,208,2,,,159,,,ok,1,43,2,1,,,1,10,150
35079,game,3,,,28,1,,,208,2,,,159,,,ok,1,43,2,1,,,1,10,150
35105,game,3,,,28,1,,,208,2,,,159,,,ok,1,44,2,1,,,1,10,150
35178,game,3,,,28,1,,,208,2,,,159,,,ok,1,45,2,1,,,1,10,150
35188,game,3,,,28,1,,,208,2,,,159,,,ok,1,46,2,1,,,1,10,150
35189,game,3,,,28,1,,,208,2,,,159,,,ok,1,46,2,1,,,1,10,150
35214,game,3,,,28,1,,,208,2,,,159,,,ok,1,46,2,1,,,1,10,150
35281,game,3,,,28,1,189.99,,208,2,,,159,,,ok,1,47,2,1,,,1,10,150
35282,game,3,,,28,1,,,208,2,,,159,,,ok,1,47,2,1,,,1,10,150
35302,game,3,,,28,1,,,208,2,,,159,,,ok,1,47,2,1,,,1,10,150
35303,game,3,,,28,1,,,208,2,,,159,,,ok,1,48,2,1,,,1,10,150
35303,game,3,,,28,1,,,208,2,,,159,,,ok,1,48,2,1,,,1,10,150
35387,game,3,,,28,1,,,208,2,,,159,,,ok,1,49,2,1,,,1,10,150
35392,game,3,,,28,1,,,208,2,,,159,,,ok,1,50,2,1,,,1,10,150
35392,game,3,,,28,1,,,208,2,,,159,,,ok,1,50,2,1,,,1,10,150
35489,game,3,,,28,1,,,208,2,,,159,,,ok,1,51,2,1,,,1,10,150
35506,game,3,,,28,1,,,208,2,,,159,,,ok,1,52,2,1,,,1,10,150
35506,game,3,,,28,1,,,208,2,,,159,,,ok,1,52,2,1,,,1,10,150
35590,game,3,,,28,1,,,208,2,,,159,,,ok,1,53,2,1,,,1,10,150
35592,game,3,,,28,1,,,208,2,,,159,,,ok,1,54,2,1,,,1,10,150
35598,game,3,,,28,1,,,208,2,,,159,,,ok,1,55,2,1,,,1,10,150
35601,game,3,,,28,1,,,208,2,,,159,,,ok,1,56,2,1,,,1,10,150
35609,game,3,,,28,1,,,208,2,,,159,,,ok,1,57,2,1,,,1,10,150
35693,game,3,,,28,1,,,208,2,,,159,,,ok,1,58,2,1,,,1,10,150
35702,game,3,,,28,1,,,208,2,,,159,,,ok,1,59,2,1,,,1,10,150
35707,game,3,,,28,1,,,208,2,,,159,,,ok,1,59,2,1,,,1,10,150
35796,game,3,,,28,1,,,208,2,,,159,,,ok,1,60,2,1,,,1,10,150
35800,game,3,,,28,1,,,208,2,,,159,,,ok,1,61,2,1,,,1,10,150
35800,game,3,,,28,1,,,208,2,,,159,,,ok,1,61,2,1,,,1,10,150
35897,game,3,,,28,1,,,208,2,,,159,,,ok,1,62,2,1,,,1,10,150
35897,game,3,,,28,1,,,208,2,,,159,,,ok,1,62,2,1,,,1,10,150
35907,game,3,,,28,1,,,208,2,,,159,,,ok,1,62,2,1,,,1,10,150
35920,game,3,,,28,1,,,208,2,,,159,,,ok,1,63,2,1,,,1,10,150
35999,game,3,,,28,1,,,208,2,,,159,,,ok,1,64,2,1,,,1,10,150
36000,game,3,,,28,1,,,208,2,,,159,,,ok,1,65,2,1,,,1,10,150
36003,game,3,,,28,1,,,208,2,,,159,,,ok,1,65,2,1,,,1,10,150
36018,game,3,,,28,1,,,208,2,,,159,,,ok,1,65,2,1,,,1,10,150
36101,game,3,,,28,1,,,208,2,,,159,,,ok,1,66,2,1,,,1,10,150
36101,game,3,,,28,1,,,208,2,,,159,,,ok,1,66,2,1,,,1,10,150
36129,game,3,,,28,1,,,208,2,,,159,,,ok,1,67,2,1,,,1,10,150
36130,game,3,,,28,1,,,208,2,,,159,,,ok,1,68,2,1,,,1,10,150
36154,game,3,,,28,1,,,208,2,,,159,,,ok,1,69,2,1,,,1,10,150
36208,game,3,,,28,1,,,208,2,,,159,,,ok,1,70,2,1,,,1,10,150
36218,game,3,,,28,1,,,208,2,,,159,,,ok,1,71,2,1,,,1,10,150
36229,game,3,74.98,,28,1,,,208,2,,,159,,,ok,1,72,2,1,,,1,10,150
36337,game,3,,74.98,35,1,,,208,2,,,159,left,74.98,ok,0,0,2,1,0,1,1,10,150
36338,game,3,,74.98,35,1,,,208,2,,,159,left,74.98,ok,0,0,2,1,0,1,1,10,150
36366,game,3,,74.98,35,1,,,208,2,,,159,left,74.98,ok,0,0,2,1,0,1,1,10,150
36367,game,3,,74.98,35,1,,,208,2,,,159,left,74.98,ok,0,0,2,1,0,1,1,10,150
36367,game,3,,74.98,35,1,,,208,2,,,159,left,74.98,ok,0,0,2,1,0,1,1,10,150
36439,game,3,,74.98,35,1,,,208,2,,,159,left,74.98,ok,0,0,2,1,0,1,1,10,150
36440,game,3,,74.98,35,1,,,208,2,,,159,left,74.98,ok,0,0,2,1,0,1,1,10,150
36464,game,3,,74.98,35,1,,,208,2,,,159,left,74.98,ok,0,0,2,1,0,1,1,10,150
36465,game,3,,74.98,35,1,,,208,2,,,159,left,74.98,ok,0,0,2,1,0,1,1,10,150
36532,game,3,,74.98,35,1,,,208,2,,,159,left,74.98,ok,0,0,2,1,0,1,1,10,150
36532,game,3,74.4,74.98,35,1,,,208,2,,,159,left,74.98,ok,0,0,2,1,0,1,1,10,150
36550,game,3,,74.98,35,1,,,208,2,,,159,left,74.98,ok,0,0,2,1,0,1,1,10,150
36551,game,3,,74.98,35,1,,,208,2,,,159,left,74.98,ok,0,0,2,1,0,1,1,10,150
36625,game,3,,74.98,35,1,,,208,2,,,159,left,74.98,ok,0,0,2,1,0,1,1,10,150
36625,game,3,,74.98,35,1,,,208,2,,,159,left,74.98,ok,0,0,2,1,0,1,1,10,150
36651,game,3,,74.98,35,1,,,208,2,,,159,left,74.98,ok,0,0,2,1,0,1,1,10,150
36715,game,3,,74.98,35,1,,,208,2,,,159,left,74.98,ok,0,0,2,1,0,1,1,10,150
36817,game,3,,74.98,35,1,,,208,2,,,159,left,74.98,ok,0,0,2,1,0,1,1,10,150
36818,game,3,,74.98,35,1,,,208,2,,,159,left,74.98,ok,0,0,2,1,0,1,1,10,150
36823,game,3,,74.98,35,1,,,208,2,,,159,left,74.98,ok,0,0,2,1,0,1,1,10,150
36824,game,3,,74.98,35,1,,,208,2,,,159,left,74.98,ok,0,0,2,1,0,1,1,10,150
36857,game,3,,74.98,35,1,,,208,2,107.92,,159,left,74.98,ok,0,0,2,1,0,1,1,10,150
36858,game,3,,74.98,35,1,,,208,2,107.92,107.92,159,left,74.98,ok,0,0,2,1,0,1,1,10,150
36920,game,3,,,35,1,,,208,2,107.92,107.92,159,right,107.92,ok,0,0,0,1,2,2,1,10,150
36924,game,3,,,35,1,,,208,2,107.92,107.92,159,right,107.92,ok,0,0,0,1,2,2,1,10,150
36926,game,3,,,35,1,,,208,2,107.92,107.92,159,right,107.92,ok,0,0,0,1,2,2,1,10,150
37023,game,3,,,35,1,,,208,2,,107.92,159,right,107.92,ok,0,0,0,1,2,2,1,10,150
37023,game,3,,,35,1,,,208,2,,107.92,159,right,107.92,ok,0,0,0,1,2,2,1,10,150
37046,game,3,,,35,1,,,208,2,,107.92,159,right,107.92,ok,0,0,0,1,2,2,1,10,150
37047,game,3,,,35,1,,,208,2,,107.92,159,right,107.92,ok,0,0,0,1,2,2,1,10,150
37130,game,3,,,35,1,,,208,2,,107.92,159,right,107.92,ok,0,0,0,1,2,2,1,10,150
37132,game,3,,,35,1,,,208,2,,107.92,159,right,107.92,ok,0,0,0,1,2,2,1,10,150
37148,game,3,,,35,1,,,208,2,,107.92,159,right,107.92,ok,0,0,0,1,2,2,1,10,150
37149,game,3,,,35,1,,,208,2,,107.92,159,right,107.92,ok,0,0,0,1,2,2,1,10,150
37226,game,3,,,35,1,,,208,2,,107.92,159,right,107.92,ok,0,0,0,1,2,2,1,10,150
37228,game,3,,,35,1,,,208,2,,107.92,159,right,107.92,ok,0,0,0,1,2,2,1,10,150
37251,game,3,,,35,1,,,208,2,,107.92,159,right,107.92,ok,0,0,0,1,2,2,1,10,150
37334,game,3,,,35,1,,,208,2,,107.92,159,right,107.92,ok,0,0,0,1,2,2,1,10,150
37339,game,3,,,35,1,,,208,2,,107.92,159,right,107.92,ok,0,0,0,1,2,2,1,10,150
37339,game,3,,,35,1,,,208,2,,107.92,159,right,107.92,ok,0,0,0,1,2,2,1,10,150
37360,game,3,,,35,1,,,208,2,,107.92,159,right,107.92,ok,0,0,0,1,2,2,1,10,150
37361,game,3,,,35,1,,,208,2,,107.92,159,right,107.92,ok,0,0,0,1,2,2,1,10,150
37434,game,3,,,35,1,,,208,2,,,159,,,ok,1,0,0,1,,,1,10,150
37435,game,3,,,35,1,,,208,2,,,159,,,ok,1,0,0,1,,,1,10,150
37457,game,3,,,35,1,,,208,2,,,159,,,ok,1,1,0,1,,,1,10,150
37536,game,3,,,35,1,,,208,2,,,159,,,ok,1,2,0,1,,,1,10,150
37538,game,3,,,35,1,,,208,2,,,159,,,ok,1,3,0,1,,,1,10,150
37542,game,3,,,35,1,,,208,2,,,159,,,ok,1,4,0,1,,,1,10,150
37542,game,3,,,35,1,,,208,2,,,159,,,ok,1,4,0,1,,,1,10,150
37569,game,3,,,35,1,,,208,2,,,159,,,ok,1,5,0,1,,,1,10,150
37641,game,3,,,35,1,243.22,,208,2,,,159,,,ok,1,6,0,1,,,1,10,150
37740,game,3,,,35,1,243.22,243.22,208,2,,,159,centre,243.22,ok,1,7,0,1,,,1,10,150
37742,game,3,,,35,1,243.22,243.22,208,2,,,159,centre,243.22,ok,1,8,0,1,,,1,10,150
37746,game,3,,,35,1,243.22,243.22,208,2,,,159,centre,243.22,ok,1,9,0,1,,,1,10,150
37747,game,3,,,35,1,243.22,243.22,208,2,,,159,centre,243.22,ok,1,9,0,1,,,1,10,150
37827,game,3,,,35,1,,243.22,208,2,,,159,centre,243.22,ok,1,10,0,1,,,1,10,150
37830,game,3,,,35,1,,243.22,208,2,,,159,centre,243.22,ok,1,11,0,1,,,1,10,150
37846,game,3,,,35,1,,243.22,208,2,,,159,centre,243.22,ok,1,12,0,1,,,1,10,150
37847,game,3,,,35,1,,243.22,208,2,,,159,centre,243.22,ok,1,12,0,1,,,1,10,150
37867,game,3,,,35,1,,243.22,208,2,,,159,centre,243.22,ok,1,12,0,1,,,1,10,150
37946,game,3,,,35,1,,243.22,208,2,,,159,centre,243.22,ok,1,13,0,1,,,1,10,150
37947,game,3,,,35,1,,243.22,208,2,,,159,centre,243.22,ok,1,13,0,1,,,1,10,150
37962,game,3,,,35,1,,243.22,208,2,,,159,centre,243.22,ok,1,13,0,1,,,1,10,150
37963,game,3,,,35,1,,243.22,208,2,,,159,centre,243.22,ok,1,13,0,1,,,1,10,150
37963,game,3,,,35,1,,243.22,208,2,,,159,centre,243.22,ok,1,14,0,1,,,1,10,150
38052,game,3,,,35,1,,243.22,208,2,,,159,centre,243.22,ok,1,15,0,1,,,1,10,150
38058,game,3,,,35,1,,243.22,208,2,,,159,centre,243.22,ok,1,16,0,1,,,1,10,150
38152,game,3,,,35,1,,243.22,208,2,,,159,centre,243.22,ok,1,17,0,1,,,1,10,150
38155,game,3,,,35,1,,243.22,208,2,,,159,centre,243.22,ok,1,18,0,1,,,1,10,150
38155,game,3,,,35,1,,243.22,208,2,,,159,centre,243.22,ok,1,18,0,1,,,1,10,150
38175,game,3,,,35,1,,243.22,208,2,,,159,centre,243.22,ok,1,18,0,1,,,1,10,150
38252,game,3,,,35,1,110.89,,208,2,,,159,,,ok,1,19,0,1,,,1,10,150
38252,game,3,,,35,1,110.89,,208,2,,,159,,,ok,1,19,0,1,,,1,10,150
38262,game,3,,,35,1,110.89,,208,2,,,159,,,ok,1,19,0,1,,,1,10,150
38270,game,3,,,35,1,110.89,,209,2,,,159,,,ok,1,20,0,1,,,1,10,150
38355,game,3,104.19,,35,1,110.89,110.89,215,2,,,159,centre,110.89,ok,0,0,0,1,1,2,1,10,150
38356,game,3,104.19,,35,1,110.55,110.89,215,2,,,159,centre,110.89,ok,0,0,0,1,1,2,1,10,150
38364,game,3,104.19,,35,1,110.55,110.89,215,2,,,159,centre,110.89,ok,0,0,0,1,1,2,1,10,150
38380,game,3,104.19,104.19,35,1,110.55,110.89,215,2,,,159,centre,110.89,ok,0,0,0,1,1,2,1,10,150
38380,game,3,104.19,104.19,35,1,110.55,110.89,215,2,,,159,centre,110.89,ok,0,0,0,1,1,2,1,10,150
38387,game,3,104.19,104.19,35,1,110.55,110.89,215,2,,,159,centre,110.89,ok,0,0,0,1,1,2,1,10,150
38411,game,3,,104.19,35,1,110.55,110.55,215,2,,,159,centre,110.55,ok,0,0,0,1,1,2,1,10,150
38463,game,3,,104.19,35,1,110.55,110.55,215,2,,,159,centre,110.55,ok,0,0,0,1,1,2,1,10,150
38466,game,3,,104.19,35,1,110.96,110.55,215,2,,,159,centre,110.55,ok,0,0,0,1,1,2,1,10,150
38567,game,3,,104.19,35,1,111.25,110.96,215,2,,,159,centre,110.96,ok,0,0,0,1,1,2,1,10,150
38568,game,3,,104.19,35,1,111.25,110.96,215,2,,,159,centre,110.96,ok,0,0,0,1,1,2,1,10,150
38581,game,3,,104.19,35,1,111.25,110.96,215,2,,,159,centre,110.96,ok,0,0,0,1,1,2,1,10,150
38590,game,3,,104.19,35,1,111.25,110.96,215,2,,,159,centre,110.96,ok,0,0,0,1,1,2,1,10,150
38591,game,3,,104.19,35,1,111.25,110.96,215,2,56.96,,159,centre,110.96,ok,0,0,0,1,1,2,1,10,150
38668,game,3,,104.19,35,1,,111.25,215,2,,56.96,166,right,56.96,ok,0,0,0,1,2,1,1,10,150
38668,game,3,,104.19,35,1,,111.25,215,2,,56.96,166,right,56.96,ok,0,0,0,1,2,1,1,10,150
38690,game,3,,104.19,35,1,,111.25,215,2,,56.96,166,right,56.96,ok,0,0,0,1,2,1,1,10,150
38691,game,3,,104.19,35,1,,111.25,215,2,,56.96,166,right,56.96,ok,0,0,0,1,2,1,1,10,150
38764,game,3,,,35,1,,111.25,215,2,,56.96,166,right,56.96,ok,0,0,0,1,2,1,1,10,150
38768,game,3,,,35,1,99.9,111.25,215,2,,56.96,166,right,56.96,ok,0,0,0,1,2,1,1,10,150
38769,game,3,,,35,1,99.9,111.25,215,2,,56.96,166,right,56.96,ok,0,0,0,1,2,1,1,10,150
38869,game,3,,,35,1,112.14,99.9,215,2,116.79,56.96,166,right,56.96,ok,0,0,0,1,2,1,1,10,150
38871,game,3,,,35,1,112.14,99.9,215,2,116.79,56.96,167,right,56.96,ok,0,0,0,1,2,1,1,10,150
38872,game,3,,,35,1,112.14,99.9,215,2,116.79,56.96,167,right,56.96,ok,0,0,0,1,2,1,1,10,150
38885,game,3,,,35,1,112.14,99.9,215,2,116.79,56.96,167,right,56.96,ok,0,0,0,1,2,1,1,10,150
38886,game,3,,,35,1,112.14,99.9,215,2,116.79,56.96,167,right,56.96,ok,0,0,0,1,2,1,1,10,150
38972,game,3,,,35,1,116.86,112.14,215,2,,116.79,173,right,116.79,ok,0,0,0,1,2,2,1,10,150
38973,game,3,,,35,1,116.86,112.14,215,2,,116.79,173,right,116.79,ok,0,0,0,1,2,2,1,10,150
38990,game,3,,,35,1,116.86,112.14,215,2,,116.79,173,right,116.79,ok,0,0,0,1,2,2,1,10,150
38991,game,3,,,35,1,116.86,112.14,215,2,,116.79,173,right,116.79,ok,0,0,0,1,2,2,1,10,150
39022,game,3,,,35,1,112.62,116.86,215,2,,116.79,173,right,116.79,ok,0,0,0,1,2,2,1,10,150
39023,game,3,,,35,1,112.62,116.86,215,2,,116.79,173,right,116.79,ok,0,0,0,1,2,2,1,10,150
39107,game,3,,,35,1,,112.62,215,2,151.11,116.79,173,right,116.79,ok,0,0,0,1,2,2,1,10,150
39109,game,3,,,35,1,,112.62,215,2,151.11,116.79,173,right,116.79,ok,0,0,2,2,2,2,1,10,150
39117,game,3,,,35,1,,112.62,215,2,151.11,116.79,175,right,116.79,ok,0,0,2,2,2,2,1,10,150
39199,game,3,,,35,1,,112.62,215,2,,151.11,180,centre,112.62,ok,0,0,2,2,1,2,1,10,150
39199,game,3,,,35,1,,112.62,215,2,,151.11,180,centre,112.62,ok,0,0,2,2,1,2,1,10,150
39215,game,3,,,35,1,,112.62,215,2,,151.11,180,centre,112.62,ok,0,0,2,2,1,2,1,10,150
39285,game,3,,,35,1,,112.62,215,2,,151.11,180,centre,112.62,ok,0,0,2,2,1,2,1,10,150
39286,game,3,,,35,1,,112.62,215,2,,151.11,180,centre,112.62,ok,0,0,2,2,1,2,1,10,150
39303,game,3,,,35,1,,112.62,215,2,,151.11,180,centre,112.62,ok,0,0,2,2,1,2,1,10,150
39303,game,3,,,35,1,,112.62,215,2,,151.11,180,centre,112.62,ok,0,0,2,2,1,2,1,10,150
39389,game,3,,,35,1,,112.62,215,2,,151.11,180,centre,112.62,ok,0,0,2,2,1,2,1,10,150
39402,game,3,,,35,1,,112.62,215,2,,151.11,180,centre,112.62,ok,0,0,2,2,1,2,1,10,150
39403,game,3,,,35,1,,112.62,215,2,,151.11,180,centre,112.62,ok,0,0,2,2,1,2,1,10,150
39484,game,3,,,35,1,,,215,2,,151.11,180,right,151.11,ok,1,0,2,2,,,1,10,150
39484,game,3,,,35,1,,,215,2,,151.11,180,right,151.11,ok,1,0,2,2,,,1,10,150
39502,game,3,,,35,1,,,215,2,,151.11,180,right,151.11,ok,1,1,2,2,,,1,10,150
39590,game,3,,,35,1,,,215,2,138.61,,180,,,ok,1,2,2,2,,,1,10,150
39591,game,3,,,35,1,,,215,2,138.61,,180,,,ok,1,2,2,2,,,1,10,150
39599,game,3,,,35,1,,,215,2,138.61,,180,,,ok,1,2,2,2,,,1,10,150
39605,game,3,,,35,1,,,215,2,138.61,,180,,,ok,1,2,2,2,,,1,10,150
39606,game,3,,,35,1,123.22,,215,2,138.61,138.61,180,right,138.61,ok,0,0,2,2,2,2,1,10,150
39714,game,3,,,35,1,122.52,123.22,215,2,138.61,138.61,180,centre,123.22,ok,0,0,1,2,1,2,1,10,150
39715,game,3,,,35,1,122.52,123.22,215,2,138.61,138.61,180,centre,123.22,ok,0,0,1,2,1,2,1,10,150
39732,game,3,,,35,1,122.52,123.22,215,2,,138.61,180,centre,123.22,ok,0,0,1,2,1,2,1,10,150
39733,game,3,,,35,1,122.52,123.22,215,2,,138.61,180,centre,123.22,ok,0,0,1,2,1,2,1,10,150
39733,game,3,,,35,1,122.52,123.22,215,2,,138.61,180,centre,123.22,ok,0,0,1,2,1,2,1,10,150
39805,game,3,,,35,1,122.86,122.52,215,2,,138.61,180,centre,122.52,ok,0,0,1,2,1,2,1,10,150
39805,game,3,,,35,1,122.86,122.52,215,2,,138.61,180,centre,122.52,ok,0,0,1,2,1,2,1,10,150
39824,game,3,,,35,1,122.86,122.52,215,2,,138.61,180,centre,122.52,ok,0,0,1,2,1,2,1,10,150
39894,game,3,,,35,1,122.86,122.86,215,2,,138.61,180,centre,122.86,ok,0,0,1,2,1,2,1,10,150
39894,game,3,,,35,1,122.86,122.86,215,2,,138.61,180,centre,122.86,ok,0,0,1,2,1,2,1,10,150
39909,game,3,,,35,1,125.42,122.86,215,2,,138.61,180,centre,122.86,ok,0,0,1,2,1,2,1,10,150
39909,game,3,,,35,1,125.42,122.86,215,2,,138.61,180,centre,122.86,ok,0,0,1,2,1,2,1,10,150
39910,game,3,,,35,1,125.42,122.86,215,2,,138.61,180,centre,122.86,ok,0,0,1,2,1,2,1,10,150
40006,game,3,,,35,1,,125.42,215,2,,138.61,180,centre,125.42,ok,0,0,1,2,1,2,1,10,150
40006,game,3,,,35,1,,125.42,215,2,,138.61,180,centre,125.42,ok,0,0,1,2,1,2,1,10,150
40016,game,3,,,35,1,,125.42,215,2,122.02,138.61,180,centre,125.42,ok,0,0,1,2,1,2,1,10,150
40024,game,3,,,35,1,,125.42,215,2,122.02,138.61,180,centre,125.42,ok,0,0,1,2,1,2,1,10,150
40109,game,3,,,35,1,,125.42,215,2,122.23,122.02,180,centre,125.42,ok,0,0,1,2,1,2,1,10,150
40110,game,3,,,35,1,,125.42,215,2,122.23,122.02,180,centre,125.42,ok,0,0,1,2,1,2,1,10,150
40125,game,3,,,35,1,125.09,125.42,215,2,122.23,122.02,180,centre,125.42,ok,0,0,1,2,1,2,1,10,150
40201,game,3,,,35,1,125.09,125.09,215,2,122.98,122.23,180,centre,125.09,ok,0,0,1,2,1,2,1,10,150
40202,game,3,,,35,1,125.09,125.09,215,2,122.98,122.23,180,centre,125.09,ok,0,0,1,2,1,2,1,10,150
40217,game,3,,,35,1,125.09,125.09,215,2,122.98,122.23,180,centre,125.09,ok,0,0,1,2,1,2,1,10,150
40218,game,3,,,35,1,,125.09,215,2,122.98,122.23,180,centre,125.09,ok,0,0,1,2,1,2,1,10,150
40218,game,3,,,35,1,,125.09,215,2,122.98,122.23,180,centre,125.09,ok,0,0,1,2,1,2,1,10,150
40299,game,3,,,35,1,137.95,125.09,215,2,122.98,122.98,180,centre,125.09,ok,0,0,1,2,1,2,1,10,150
40300,game,3,,,35,1,137.95,125.09,215,2,122.98,122.98,180,centre,125.09,ok,0,0,1,2,1,2,1,10,150
40402,game,3,,,35,1,137.95,137.95,215,2,,122.98,180,right,122.98,ok,0,0,1,2,2,2,1,10,150
40403,game,3,,,35,1,137.95,137.95,215,2,,122.98,180,right,122.98,ok,0,0,1,2,2,2,1,10,150
40414,game,3,,,35,1,,137.95,215,2,,122.98,180,right,122.98,ok,0,0,1,2,2,2,1,10,150
40415,game,3,,,35,1,,137.95,215,2,,122.98,180,right,122.98,ok,0,0,1,2,2,2,1,10,150
40505,game,3,,,35,1,,137.95,215,2,,122.98,180,right,122.98,ok,0,0,1,2,2,2,1,10,150
40506,game,3,,,35,1,,137.95,215,2,,122.98,180,right,122.98,ok,0,0,1,2,2,2,1,10,150
40523,game,3,,,35,1,,137.95,215,2,49.05,122.98,180,right,122.98,ok,0,0,1,2,2,2,1,10,150
40524,game,3,,,35,1,,137.95,215,2,49.05,122.98,181,right,122.98,ok,0,0,1,2,2,2,1,10,150
40561,game,3,,,35,1,168.28,137.95,215,2,49.05,49.05,187,right,49.05,ok,0,0,1,2,2,0,1,10,150
40614,game,3,,,35,1,168.28,168.28,222,2,,49.05,187,right,49.05,ok,0,0,1,2,2,0,1,10,150
40615,game,3,,,35,1,168.28,168.28,222,2,,49.05,187,right,49.05,ok,0,0,1,2,2,0,1,10,150
40628,game,3,,,35,1,168.28,168.28,222,2,,49.05,187,right,49.05,ok,0,0,1,2,2,0,1,10,150
40711,game,3,183.49,,35,1,,168.28,222,2,147.23,49.05,187,right,49.05,ok,0,0,1,2,2,0,1,10,150
40713,game,3,183.49,,36,1,,168.28,222,2,147.23,49.05,188,right,49.05,ok,0,0,1,2,2,0,1,10,150
40714,game,3,183.49,,36,1,,168.28,222,2,147.23,49.05,188,right,49.05,ok,0,0,1,2,2,0,1,10,150
40731,game,3,183.49,,36,1,,168.28,222,2,147.23,49.05,188,right,49.05,ok,0,0,1,2,2,0,1,10,150
40732,game,3,183.49,,36,1,,168.28,222,2,147.23,49.05,188,right,49.05,ok,0,0,1,2,2,0,1,10,150
40815,game,3,,183.49,42,1,,168.28,222,2,147.23,147.23,194,right,147.23,ok,0,0,1,2,2,2,1,10,150
40816,game,3,,183.49,42,1,,168.28,222,2,147.23,147.23,194,right,147.23,ok,0,0,1,2,2,2,1,10,150
40834,game,3,,183.49,42,1,,168.28,222,2,,147.23,194,right,147.23,ok,0,0,1,2,2,2,1,10,150
40835,game,3,,183.49,42,1,,168.28,222,2,,147.23,194,right,147.23,ok,0,0,1,2,2,2,1,10,150
40835,game,3,,183.49,42,1,,168.28,222,2,77.21,147.23,194,right,147.23,ok,0,0,1,2,2,2,1,10,150
40914,game,3,,183.49,42,1,,168.28,222,2,,77.21,201,right,77.21,ok,0,0,1,2,2,1,1,10,150
40915,game,3,,183.49,42,1,,168.28,222,2,,77.21,201,right,77.21,ok,0,0,1,2,2,1,1,10,150
40930,game,3,,183.49,42,1,,168.28,222,2,,77.21,201,right,77.21,ok,0,0,1,2,2,1,1,10,150
40971,game,3,,183.49,42,1,,168.28,222,2,,77.21,201,right,77.21,ok,0,0,1,2,2,1,1,10,150
40972,game,3,206.74,183.49,42,1,,168.28,222,2,,77.21,201,right,77.21,ok,0,0,1,2,2,1,1,10,150
41118,game,3,206.74,206.74,42,1,,,222,2,,77.21,201,right,77.21,ok,0,0,1,2,2,1,1,10,150
41120,game,3,206.74,206.74,42,1,,,222,2,,77.21,201,right,77.21,ok,0,0,1,2,2,1,1,10,150
41135,game,3,206.74,206.74,42,1,,,222,2,,77.21,201,right,77.21,ok,0,0,1,2,2,1,1,10,150
41136,game,3,206.74,206.74,42,1,,,222,2,,77.21,201,right,77.21,ok,0,0,1,2,2,1,1,10,150
41136,game,3,,206.74,42,1,,,222,2,,77.21,201,right,77.21,ok,0,0,1,2,2,1,1,10,150
41222,game,3,,206.74,42,1,,,222,2,,77.21,201,right,77.21,ok,0,0,1,2,2,1,1,10,150
41222,game,3,,206.74,42,1,,,222,2,,77.21,201,right,77.21,ok,0,0,1,2,2,1,1,10,150
41234,game,3,,206.74,42,1,,,222,2,,77.21,201,right,77.21,ok,0,0,1,2,2,1,1,10,150
41235,game,3,,206.74,42,1,,,222,2,,77.21,201,right,77.21,ok,0,0,1,2,2,1,1,10,150
41326,game,3,,206.74,42,1,,,222,2,,,201,left,206.74,ok,1,0,1,2,,,1,10,150
41326,game,3,,206.74,42,1,,,222,2,,,201,left,206.74,ok,1,0,1,2,,,1,10,150
41342,game,3,,206.74,42,1,,,222,2,,,201,left,206.74,ok,1,1,1,2,,,1,10,150
41343,game,3,,206.74,42,1,,,222,2,,,201,left,206.74,ok,1,2,1,2,,,1,10,150
41426,game,3,,206.74,42,1,,,222,2,,,201,left,206.74,ok,1,3,1,2,,,1,10,150
41427,game,3,,206.74,42,1,,,222,2,,,201,left,206.74,ok,1,3,1,2,,,1,10,150
41443,game,3,,206.74,42,1,195.85,,222,2,,,201,left,206.74,ok,1,4,1,2,,,1,10,150
41533,game,3,,,42,1,195.85,195.85,222,2,,,201,centre,195.85,ok,1,5,1,2,,,1,10,150
41534,game,3,,,42,1,195.85,195.85,222,2,,,201,centre,195.85,ok,1,5,1,2,,,1,10,150
41546,game,3,,,42,1,221.85,195.85,222,2,,,201,centre,195.85,ok,1,6,1,2,,,1,10,150
41546,game,3,,,42,1,221.85,195.85,223,2,,,201,centre,195.85,ok,1,7,1,2,,,1,10,150
41547,game,3,,,42,1,221.85,195.85,223,2,,,201,centre,195.85,ok,1,7,1,2,,,1,10,150
41565,game,3,,,42,1,221.85,195.85,223,2,55.5,,201,centre,195.85,ok,1,7,1,2,,,1,10,150
41631,game,3,,,42,1,221.85,221.85,229,2,,55.5,201,right,55.5,ok,0,0,1,2,2,1,1,10,150
41637,game,3,,,42,1,,221.85,229,2,,55.5,201,right,55.5,ok,0,0,1,2,2,1,1,10,150
41637,game,3,,,42,1,,221.85,229,2,,55.5,201,right,55.5,ok,0,0,1,2,2,1,1,10,150
41663,game,3,,,42,1,,221.85,229,2,,55.5,201,right,55.5,ok,0,0,1,2,2,1,1,10,150
41733,game,3,,,42,1,,221.85,229,2,,55.5,201,right,55.5,ok,0,0,1,2,2,1,1,10,150
41734,game,3,,,42,1,,221.85,229,2,,55.5,201,right,55.5,ok,0,0,1,2,2,1,1,10,150
41836,game,3,,,42,1,225.16,221.85,229,2,,55.5,201,right,55.5,ok,0,0,1,2,2,1,1,10,150
41837,game,3,,,42,1,225.16,221.85,229,2,,55.5,201,right,55.5,ok,0,0,1,2,2,1,1,10,150
41860,game,3,,,42,1,225.16,221.85,229,2,,55.5,201,right,55.5,ok,0,0,1,2,2,1,1,10,150
41861,game,3,,,42,1,225.16,221.85,229,2,,55.5,201,right,55.5,ok,0,0,1,2,2,1,1,10,150
41939,game,3,,,42,1,225.16,225.16,229,2,,55.5,201,right,55.5,ok,0,0,1,2,2,1,1,10,150
41939,game,3,,,42,1,,225.16,229,2,,55.5,201,right,55.5,ok,0,0,1,2,2,1,1,10,150
41948,game,3,,,42,1,,225.16,229,2,,55.5,201,right,55.5,ok,0,0,1,2,2,1,1,10,150
41962,game,3,,,42,1,,225.16,229,2,,55.5,201,right,55.5,ok,0,0,1,2,2,1,1,10,150
42041,game,3,,,42,1,,225.16,229,2,,,201,centre,225.16,ok,1,0,2,1,,,1,10,150
42041,game,3,,,42,1,,225.16,229,2,,,201,centre,225.16,ok,1,0,2,1,,,1,10,150
42065,game,3,,,42,1,,225.16,229,2,,,201,centre,225.16,ok,1,0,2,1,,,1,10,150
42065,game,3,,,42,1,,225.16,229,2,,,201,centre,225.16,ok,1,1,2,1,,,1,10,150
42142,game,3,,,42,1,,225.16,229,2,212.88,,201,centre,225.16,ok,1,2,2,1,,,1,10,150
42143,game,3,,,42,1,,225.16,229,2,212.88,,201,centre,225.16,ok,1,2,2,1,,,1,10,150
42160,game,3,,,42,1,,225.16,229,2,212.88,,201,centre,225.16,ok,1,2,2,1,,,1,10,150
42247,game,3,,,42,1,,225.16,229,2,,212.88,208,right,212.88,ok,1,3,2,1,,,1,10,150
42247,game,3,,,42,1,,225.16,229,2,,212.88,208,right,212.88,ok,1,3,2,1,,,1,10,150
42263,game,3,,,42,1,,225.16,229,2,,212.88,208,right,212.88,ok,1,3,2,1,,,1,10,150
42277,game,3,,,42,1,,225.16,229,2,,212.88,208,right,212.88,ok,1,4,2,1,,,1,10,150
42278,game,3,,,42,1,,225.16,229,2,,212.88,208,right,212.88,ok,1,4,2,1,,,1,10,150
42348,game,3,,,42,1,,,229,2,,212.88,208,right,212.88,ok,1,5,2,1,,,1,10,150
42348,game,3,,,42,1,,,229,2,,212.88,208,right,212.88,ok,1,5,2,1,,,1,10,150
42451,game,3,,,42,1,,,229,2,,212.88,208,right,212.88,ok,1,6,2,1,,,1,10,150
42451,game,3,,,42,1,,,229,2,,212.88,208,right,212.88,ok,1,6,2,1,,,1,10,150
42478,game,3,,,42,1,,,229,2,,212.88,208,right,212.88,ok,1,6,2,1,,,1,10,150
42479,game,3,,,42,1,,,229,2,,212.88,208,right,212.88,ok,1,6,2,1,,,1,10,150
42479,game,3,,,42,1,,,229,2,,212.88,208,right,212.88,ok,1,6,2,1,,,1,10,150
42486,game,3,,,42,1,,,229,2,,212.88,208,right,212.88,ok,1,6,2,1,,,1,10,150
42555,game,3,,,42,1,,,229,2,,212.88,208,right,212.88,ok,1,7,2,1,,,1,10,150
42556,game,3,,,42,1,,,229,2,,212.88,208,right,212.88,ok,1,7,2,1,,,1,10,150
42579,game,3,,,42,1,,,229,2,,212.88,208,right,212.88,ok,1,8,2,1,,,1,10,150
42656,game,3,,,42,1,,,229,2,,,208,,,ok,1,9,2,1,,,1,10,150
42656,game,3,,,42,1,,,229,2,,,208,,,ok,1,9,2,1,,,1,10,150
42677,game,3,,,42,1,,,229,2,,,208,,,ok,1,9,2,1,,,1,10,150
42759,game,3,,,42,1,,,229,2,,,208,,,ok,1,10,2,1,,,1,10,150
42760,game,3,,,42,1,,,229,2,,,208,,,ok,1,10,2,1,,,1,10,150
42780,game,3,,,42,1,,,229,2,,,208,,,ok,1,11,2,1,,,1,10,150
42780,game,3,,,42,1,,,229,2,,,208,,,ok,1,12,2,1,,,1,10,150
42813,game,3,,,42,1,,,229,2,114.15,,208,,,ok,1,13,2,1,,,1,10,150
42814,game,3,,,42,1,,,229,2,114.15,,208,,,ok,1,13,2,1,,,1,10,150
42835,game,3,,,42,1,,,229,2,114.15,,208,,,ok,1,13,2,1,,,1,10,150
42963,game,3,,,42,1,,,229,2,,114.15,215,right,114.15,ok,0,0,2,1,2,2,1,10,150
42964,game,3,,,42,1,,,229,2,,114.15,215,right,114.15,ok,0,0,2,1,2,2,1,10,150
42988,game,3,,,42,1,,,229,2,,114.15,215,right,114.15,ok,0,0,2,1,2,2,1,10,150
42988,game,3,,,42,1,,,229,2,,114.15,215,right,114.15,ok,0,0,2,1,2,2,1,10,150
42989,game,3,,,42,1,183.26,,229,2,,114.15,215,right,114.15,ok,0,0,2,1,2,2,1,10,150
42989,game,3,,,42,1,183.26,,229,2,,114.15,215,right,114.15,ok,0,0,2,1,2,2,1,10,150
43065,game,3,,,42,1,,183.26,236,2,,114.15,215,right,114.15,ok,0,0,2,1,2,2,1,10,150
43065,game,3,,,42,1,,183.26,236,2,,114.15,215,right,114.15,ok,0,0,2,1,2,2,1,10,150
43084,game,3,,,42,1,,183.26,236,2,,114.15,215,right,114.15,ok,0,0,2,1,2,2,1,10,150
43163,game,3,,,42,1,,183.26,236,2,,114.15,215,right,114.15,ok,0,0,2,1,2,2,1,10,150
43178,game,3,,,42,1,,183.26,236,2,,114.15,215,right,114.15,ok,0,0,2,1,2,2,1,10,150
43180,game,3,,,42,1,,183.26,236,2,93.74,114.15,215,right,114.15,ok,0,0,2,1,2,2,1,10,150
43271,game,3,,,42,1,,183.26,236,2,51.3,93.74,215,right,93.74,ok,0,0,2,1,2,1,1,10,150
43271,game,3,,,42,1,,183.26,236,2,167.64,93.74,215,right,93.74,ok,0,0,2,1,2,1,1,10,150
43296,game,3,,,42,1,,183.26,236,2,167.64,93.74,215,right,93.74,ok,0,0,2,1,2,1,1,10,150
43297,game,3,,,42,1,,183.26,236,2,167.64,93.74,215,right,93.74,ok,0,0,2,1,2,1,1,10,150
43297,game,3,,,42,1,,183.26,236,2,167.64,93.74,215,right,93.74,ok,0,0,2,1,2,1,1,10,150
43303,game,3,,,42,1,,183.26,236,2,167.64,93.74,215,right,93.74,ok,0,0,2,1,2,1,1,10,150
43373,game,3,,,42,1,,183.26,236,2,,167.64,222,right,167.64,ok,1,0,2,1,,,1,10,150
43373,game,3,,,42,1,,183.26,236,2,,167.64,222,right,167.64,ok,1,0,2,1,,,1,10,150
43394,game,3,,,42,1,,183.26,236,2,,167.64,222,right,167.64,ok,1,0,2,1,,,1,10,150
43394,game,3,,,42,1,,183.26,236,2,,167.64,222,right,167.64,ok,1,0,2,1,,,1,10,150
43472,game,3,,,42,1,,,236,2,,167.64,222,right,167.64,ok,1,1,2,1,,,1,10,150
43474,game,3,,,42,1,169.73,,236,2,,167.64,222,right,167.64,ok,1,1,2,1,,,1,10,150
43488,game,3,,,42,1,169.73,169.73,236,2,,167.64,222,right,167.64,ok,1,2,2,1,,,1,10,150
43531,game,3,,,42,1,169.73,169.73,236,2,,167.64,222,right,167.64,ok,1,3,2,1,,,1,10,150
43583,game,3,,,42,1,169.73,169.73,236,2,,167.64,222,right,167.64,ok,1,4,2,1,,,1,10,150
43585,game,3,,,42,1,,169.73,236,2,,167.64,222,right,167.64,ok,1,4,2,1,,,1,10,150
43609,game,3,195.97,,42,1,,169.73,236,2,,167.64,222,right,167.64,ok,1,5,2,1,,,1,10,150
43679,game,3,,195.97,42,1,,169.73,236,2,,167.64,222,right,167.64,ok,1,6,2,1,,,1,10,150
43679,game,3,,195.97,42,1,,169.73,236,2,,167.64,222,right,167.64,ok,1,6,2,1,,,1,10,150
43700,game,3,,195.97,42,1,,169.73,236,2,,167.64,222,right,167.64,ok,1,6,2,1,,,1,10,150
43701,game,3,,195.97,42,1,,169.73,236,2,,167.64,222,right,167.64,ok,1,6,2,1,,,1,10,150
43701,game,3,,195.97,42,1,,169.73,236,2,,167.64,222,right,167.64,ok,1,6,2,1,,,1,10,150
43784,game,3,,195.97,42,1,,169.73,236,2,116.5,,222,centre,169.73,ok,1,7,2,1,,,1,10,150
43785,game,3,,195.97,42,1,,169.73,236,2,116.5,,222,centre,169.73,ok,1,7,2,1,,,1,10,150
43804,game,3,,195.97,42,1,,169.73,236,2,116.5,,223,centre,169.73,ok,1,8,2,1,,,1,10,150
43885,game,3,,195.97,42,1,114.34,169.73,236,2,,116.5,229,right,116.5,ok,0,0,2,1,2,2,1,10,150
43886,game,3,,195.97,42,1,114.34,169.73,236,2,,116.5,229,right,116.5,ok,0,0,2,1,2,2,1,10,150
43908,game,3,,195.97,42,1,114.34,169.73,236,2,,116.5,229,right,116.5,ok,0,0,2,1,2,2,1,10,150
43909,game,3,,195.97,42,1,114.34,169.73,236,2,,116.5,229,right,116.5,ok,0,0,2,1,2,2,1,10,150
43987,game,3,,195.97,42,1,114.34,114.34,243,2,,116.5,229,right,116.5,ok,0,0,2,1,2,2,1,10,150
43988,game,3,,195.97,42,1,114.34,114.34,243,2,117.65,116.5,229,right,116.5,ok,0,0,2,1,2,2,1,10,150
44013,game,3,,195.97,42,1,114.34,114.34,243,2,117.65,116.5,229,right,116.5,ok,0,0,2,1,2,2,1,10,150
44014,game,3,,195.97,42,1,128.62,114.34,243,2,117.65,116.5,229,right,116.5,ok,0,0,2,1,2,2,1,10,150
44092,game,3,,,42,1,,128.62,243,2,114.41,117.65,229,right,117.65,ok,0,0,2,1,2,2,1,10,150
44093,game,3,,,42,1,,128.62,243,2,114.41,117.65,229,right,117.65,ok,0,0,2,1,2,2,1,10,150
44115,game,3,,,42,1,,128.62,243,2,114.41,117.65,229,right,117.65,ok,0,0,2,1,2,2,1,10,150
44115,game,3,,,42,1,,128.62,243,2,114.41,117.65,229,right,117.65,ok,0,0,2,1,2,2,1,10,150
44116,game,3,,,42,1,,128.62,243,2,114.41,117.65,229,right,117.65,ok,0,0,2,1,2,2,1,10,150
44192,game,3,,,42,1,,128.62,243,2,114.41,114.41,229,right,114.41,ok,0,0,2,1,2,2,1,10,150
44199,game,3,,,42,1,,128.62,243,2,,114.41,229,right,114.41,ok,0,0,2,1,2,2,1,10,150
44200,game,3,,,42,1,,128.62,243,2,,114.41,229,right,114.41,ok,0,0,2,2,2,2,1,10,150
44200,game,3,,,42,1,,128.62,243,2,,114.41,229,right,114.41,ok,0,0,2,2,2,2,1,10,150
44294,game,3,,,42,1,,128.62,243,2,110.48,114.41,229,right,114.41,ok,0,0,2,2,2,2,1,10,150
44294,game,3,,,42,1,,128.62,243,2,110.48,114.41,229,right,114.41,ok,0,0,2,2,2,2,1,10,150
44306,game,3,,,42,1,,128.62,243,2,110.48,114.41,229,right,114.41,ok,0,0,2,2,2,2,1,10,150
44394,game,3,,,42,1,,128.62,243,2,,110.48,229,right,110.48,ok,0,0,2,2,2,2,1,10,150
44395,game,3,,,42,1,,128.62,243,2,,110.48,229,right,110.48,ok,0,0,2,2,2,2,1,10,150
44400,game,3,,,42,1,90.38,128.62,243,2,,110.48,229,right,110.48,ok,0,0,2,2,2,2,1,10,150
44400,game,3,,,42,1,,128.62,243,2,,110.48,229,right,110.48,ok,0,0,2,2,2,2,1,10,150
44505,game,3,,,42,1,,128.62,243,2,,110.48,229,right,110.48,ok,0,0,2,2,2,2,1,10,150
44505,game,3,,,42,1,,128.62,243,2,,110.48,229,right,110.48,ok,0,0,2,2,2,2,1,10,150
44529,game,3,,,42,1,,128.62,243,2,,110.48,229,right,110.48,ok,0,0,2,2,2,2,1,10,150
44530,game,3,,,42,1,,128.62,243,2,,110.48,229,right,110.48,ok,0,0,2,2,2,2,1,10,150
44531,game,3,,,42,1,,128.62,243,2,,110.48,229,right,110.48,ok,0,0,2,2,2,2,1,10,150
44601,game,3,,,42,1,91.48,128.62,243,2,,110.48,229,right,110.48,ok,0,0,2,2,2,2,1,10,150
44601,game,3,,,42,1,91.48,128.62,243,2,,110.48,229,right,110.48,ok,0,0,2,2,2,2,1,10,150
44609,game,3,,,42,1,91.48,128.62,243,2,,110.48,229,right,110.48,ok,0,0,2,2,2,2,1,10,150
44624,game,3,,,42,1,91.48,128.62,243,2,,110.48,229,right,110.48,ok,0,0,2,2,2,2,1,10,150
44702,game,3,,,42,1,91.48,91.48,250,2,,110.48,229,centre,91.48,ok,0,0,2,2,1,1,1,10,150
44703,game,3,,,42,1,66.1,91.48,250,2,,110.48,229,centre,91.48,ok,0,0,2,2,1,1,1,10,150
44725,game,3,,,42,1,66.1,91.48,251,2,,110.48,229,centre,91.48,ok,0,0,2,2,1,1,1,10,150
44805,game,3,,,42,1,82.75,66.1,257,2,,,229,centre,66.1,ok,0,0,2,2,1,1,1,10,150
44806,game,3,,,42,1,82.75,66.1,257,2,,,229,centre,66.1,ok,0,0,2,2,1,1,1,10,150
44829,game,3,,,42,1,82.75,66.1,257,2,,,229,centre,66.1,ok,0,0,2,2,1,1,1,10,150
44830,game,3,,,42,1,82.75,66.1,257,2,,,229,centre,66.1,ok,0,0,2,2,1,1,1,10,150
44910,game,3,,,42,1,82.99,82.75,257,2,,,229,centre,82.75,ok,0,0,2,2,1,1,1,10,150
44911,game,3,,,42,1,82.99,82.75,257,2,,,229,centre,82.75,ok,0,0,2,2,1,1,1,10,150
44934,game,3,,,42,1,82.99,82.75,257,2,,,229,centre,82.75,ok,0,0,2,2,1,1,1,10,150
44934,game,3,,,42,1,82.99,82.75,257,2,,,229,centre,82.75,ok,0,0,2,2,1,1,1,10,150
44935,game,3,,,42,1,82.99,82.75,257,2,,,229,centre,82.75,ok,0,0,2,2,1,1,1,10,150
45013,game,3,,,42,1,80.85,82.99,257,2,,,229,centre,82.99,ok,0,0,2,2,1,1,1,10,150
45013,game,3,,,42,1,80.85,82.99,257,2,,,229,centre,82.99,ok,0,0,2,2,1,1,1,10,150
45037,game,3,,,42,1,80.85,82.99,257,2,,,229,centre,82.99,ok,0,0,2,2,1,1,1,10,150
45038,game,3,,,42,1,80.85,82.99,257,2,,,229,centre,82.99,ok,0,0,2,2,1,1,1,10,150
45216,game,3,,,42,1,80.85,80.85,257,2,,,229,centre,80.85,ok,0,0,2,2,1,1,1,10,150
45217,game,3,,,42,1,80.85,80.85,257,2,,,229,centre,80.85,ok,0,0,2,2,1,1,1,10,150
45221,game,3,,,42,1,,80.85,257,2,,,229,centre,80.85,ok,0,0,2,2,1,1,1,10,150
45255,game,3,,,42,1,,80.85,257,2,,,229,centre,80.85,ok,0,0,2,2,1,1,1,10,150
45256,game,3,,,42,1,,80.85,257,2,,,229,centre,80.85,ok,0,0,2,2,1,1,1,10,150
45256,game,3,,,42,1,,80.85,257,2,,,229,centre,80.85,ok,0,0,2,2,1,1,1,10,150
45278,game,3,,,42,1,,80.85,257,2,,,229,centre,80.85,ok,0,0,2,2,1,1,1,10,150
45318,game,3,,,42,1,,80.85,257,2,,,229,centre,80.85,ok,0,0,2,2,1,1,1,10,150
45318,game,3,,,42,1,,80.85,257,2,,,229,centre,80.85,ok,0,0,2,2,1,1,1,10,150
45340,game,3,,,42,1,,80.85,257,2,,,229,centre,80.85,ok,0,0,2,2,1,1,1,10,150
45341,game,3,,,42,1,,80.85,257,2,,,229,centre,80.85,ok,0,0,1,1,1,1,1,10,150
45420,game,3,,,42,1,,80.85,257,2,,,229,centre,80.85,ok,0,0,1,1,1,1,1,10,150
45420,game,3,,,42,1,,80.85,257,2,,,229,centre,80.85,ok,0,0,1,1,1,1,1,10,150
45444,game,3,,,42,1,,80.85,257,2,,,229,centre,80.85,ok,0,0,1,1,1,1,1,10,150
45445,game,3,,,42,1,,80.85,257,2,,,229,centre,80.85,ok,0,0,1,1,1,1,1,10,150
45521,game,3,,,42,1,,80.85,257,2,,,229,centre,80.85,ok,0,0,1,1,1,1,1,10,150
45522,game,3,,,42,1,,80.85,257,2,,,229,centre,80.85,ok,0,0,1,1,1,1,1,10,150
45547,game,3,,,42,1,67.98,80.85,257,2,,,229,centre,80.85,ok,0,0,1,1,1,1,1,10,150
45547,game,3,,,42,1,67.98,80.85,257,2,,,229,centre,80.85,ok,0,0,1,1,1,1,1,10,150
45622,game,3,,,42,1,66.2,67.98,257,2,,,229,centre,67.98,ok,0,0,1,1,1,1,1,10,150
45623,game,3,,,42,1,66.2,67.98,257,2,,,229,centre,67.98,ok,0,0,1,1,1,1,1,10,150
45646,game,3,,,42,1,66.2,67.98,257,2,,,229,centre,67.98,ok,0,0,1,1,1,1,1,10,150
45647,game,3,,,42,1,66.2,67.98,257,2,,,229,centre,67.98,ok,0,0,1,1,1,1,1,10,150
45681,game,3,,,42,1,66.2,66.2,257,2,,,229,centre,66.2,ok,0,0,1,1,1,1,1,10,150
45726,game,3,,,42,1,66.2,66.2,257,2,202.7,,229,centre,66.2,ok,0,0,1,1,1,1,1,10,150
45731,game,3,,,42,1,66.2,66.2,257,2,73.66,,230,centre,66.2,ok,0,0,1,1,1,1,1,10,150
45739,game,3,,,42,1,66.2,66.2,257,2,73.66,73.66,230,centre,66.2,ok,0,0,1,1,1,1,1,10,150
45838,game,3,,,42,1,79.49,66.2,257,2,,73.66,230,centre,66.2,ok,0,0,1,1,1,1,1,10,150
45839,game,3,,,42,1,79.49,66.2,257,2,,73.66,230,centre,66.2,ok,0,0,1,1,1,1,1,10,150
45863,game,3,,,42,1,79.49,66.2,257,2,,73.66,230,centre,66.2,ok,0,0,1,1,1,1,1,10,150
45863,game,3,,,42,1,79.49,66.2,257,2,,73.66,230,centre,66.2,ok,0,0,1,1,1,1,1,10,150
45931,game,3,,,42,1,81.14,79.49,257,2,,73.66,230,centre,79.49,ok,0,0,1,1,1,1,1,10,150
45964,game,3,,,42,1,81.14,81.14,257,2,129.96,73.66,230,centre,81.14,ok,0,0,1,1,1,1,1,10,150
45964,game,3,,,42,1,81.14,81.14,257,2,129.96,73.66,230,centre,81.14,ok,0,0,1,1,1,1,1,10,150
45988,game,3,,,42,1,81.14,81.14,257,2,,73.66,230,centre,81.14,ok,0,0,1,1,1,1,1,10,150
45989,game,3,,,42,1,81.14,81.14,257,2,,73.66,230,centre,81.14,ok,0,0,1,1,1,1,1,10,150
45989,game,3,,,42,1,,81.14,257,2,,73.66,230,centre,81.14,ok,0,0,1,1,1,1,1,10,150
46034,game,3,,,42,1,,81.14,257,2,,73.66,230,centre,81.14,ok,0,0,1,1,1,1,1,10,150
46035,game,3,,,42,1,,81.14,257,2,,73.66,230,centre,81.14,ok,0,0,1,1,1,1,1,10,150
46136,game,3,,,42,1,,81.14,257,2,,73.66,230,centre,81.14,ok,0,0,1,1,1,1,1,10,150
46136,game,3,,,42,1,,81.14,257,2,,73.66,230,centre,81.14,ok,0,0,1,1,1,1,1,10,150
46142,game,3,,,42,1,,81.14,257,2,,73.66,230,centre,81.14,ok,0,0,1,1,1,1,1,10,150
46239,game,3,,,42,1,,81.14,257,2,,,230,centre,81.14,ok,0,0,1,1,1,1,1,10,150
46239,game,3,,,42,1,,81.14,257,2,,,230,centre,81.14,ok,0,0,1,1,1,1,1,10,150
46251,game,3,,,42,1,,81.14,257,2,,,230,centre,81.14,ok,0,0,1,1,1,1,1,10,150
46267,game,3,,,42,1,,81.14,257,2,,,230,centre,81.14,ok,0,0,1,1,1,1,1,10,150
46267,game,3,,,42,1,,81.14,257,2,,,230,centre,81.14,ok,0,0,1,1,1,1,1,10,150
46340,game,3,,,42,1,,81.14,257,2,,,230,centre,81.14,ok,0,0,1,1,1,1,1,10,150
46340,game,3,,,42,1,,81.14,257,2,,,230,centre,81.14,ok,0,0,1,1,1,1,1,10,150
46347,game,3,,,42,1,,,257,2,,,230,,,ok,1,1,1,1,,,1,10,150
46443,game,3,,,42,1,81.34,,257,2,,,230,,,ok,1,2,1,1,,,1,10,150
46443,game,3,,,42,1,81.34,,257,2,,,230,,,ok,1,2,1,1,,,1,10,150
46467,game,3,,,42,1,81.34,,257,2,,,230,,,ok,1,2,1,1,,,1,10,150
46468,game,3,,,42,1,81.34,,257,2,,,230,,,ok,1,2,1,1,,,1,10,150
46496,game,3,,,42,1,81.34,81.34,257,2,,,230,centre,81.34,ok,0,0,1,1,1,1,1,10,150
46496,game,3,,,42,1,81.34,81.34,257,2,,,230,centre,81.34,ok,0,0,1,1,1,1,1,10,150
46519,game,3,,,42,1,81.34,81.34,257,2,,,230,centre,81.34,ok,0,0,1,1,1,1,1,10,150
46551,game,3,,,42,1,81.75,81.34,257,2,,,230,centre,81.34,ok,0,0,1,1,1,1,1,10,150
46648,game,3,,,42,1,81.75,81.75,257,2,,,230,centre,81.75,ok,0,0,1,1,1,1,1,10,150
46649,game,3,,,42,1,81.75,81.75,257,2,,,230,centre,81.75,ok,0,0,1,1,1,1,1,10,150
46669,game,3,,,42,1,81.75,81.75,257,2,,,230,centre,81.75,ok,0,0,1,1,1,1,1,10,150
46669,game,3,,,42,1,81.77,81.75,257,2,,,230,centre,81.75,ok,0,0,1,1,1,1,1,10,150
46670,game,3,,,42,1,83.02,81.75,257,2,,,230,centre,81.75,ok,0,0,1,1,1,1,1,10,150
46751,game,3,,,42,1,83.02,83.02,257,2,,,230,centre,83.02,ok,0,0,1,1,1,1,1,10,150
46751,game,3,,,42,1,83.02,83.02,257,2,,,230,centre,83.02,ok,0,0,1,1,1,1,1,10,150
46762,game,3,,,42,1,,83.02,257,2,,,230,centre,83.02,ok,0,0,1,1,1,1,1,10,150
46852,game,3,,,42,1,,83.02,257,2,,,230,centre,83.02,ok,0,0,1,1,1,1,1,10,150
46853,game,3,,,42,1,,83.02,257,2,,,230,centre,83.02,ok,0,0,1,1,1,1,1,10,150
46873,game,3,,,42,1,,83.02,257,2,,,230,centre,83.02,ok,0,0,1,1,1,1,1,10,150
46874,game,3,,,42,1,,83.02,257,2,,,230,centre,83.02,ok,0,0,1,1,1,1,1,10,150
46956,game,3,,,42,1,,83.02,257,2,,,230,centre,83.02,ok,0,0,1,1,1,1,1,10,150
46956,game,3,,,42,1,,83.02,257,2,,,230,centre,83.02,ok,0,0,1,1,1,1,1,10,150
46978,game,3,,,42,1,,83.02,257,2,,,230,centre,83.02,ok,0,0,1,1,1,1,1,10,150
46978,game,3,,,42,1,,83.02,257,2,,,230,centre,83.02,ok,0,0,1,1,1,1,1,10,150
47057,game,3,232.49,,42,1,,83.02,257,2,,,230,centre,83.02,ok,0,0,1,1,1,1,1,10,150
47057,game,3,232.49,,42,1,,83.02,257,2,,,230,centre,83.02,ok,0,0,1,1,1,1,1,10,150
47070,game,3,232.49,232.49,42,1,,83.02,257,2,118.25,,230,centre,83.02,ok,0,0,1,1,1,1,1,10,150
47160,game,3,,232.49,42,1,,,257,2,,118.25,237,right,118.25,ok,0,0,1,1,2,2,1,10,150
47161,game,3,,232.49,42,1,,,257,2,,118.25,237,right,118.25,ok,0,0,1,1,2,2,1,10,150
47172,game,3,,232.49,42,1,,,257,2,,118.25,237,right,118.25,ok,0,0,1,1,2,2,1,10,150
47188,game,3,,232.49,42,1,,,257,2,,118.25,237,right,118.25,ok,0,0,1,1,2,2,1,10,150
47188,game,3,,232.49,42,1,,,257,2,,118.25,237,right,118.25,ok,0,0,1,1,2,2,1,10,150
47264,game,3,,232.49,42,1,,,257,2,,118.25,237,right,118.25,ok,0,0,1,1,2,2,1,10,150
47265,game,3,,232.49,42,1,,,257,2,,118.25,237,right,118.25,ok,0,0,1,1,2,2,1,10,150
47285,game,3,,232.49,42,1,,,257,2,,118.25,237,right,118.25,ok,0,0,1,1,2,2,1,10,150
47361,game,3,,232.49,42,1,,,257,2,,118.25,237,right,118.25,ok,0,0,1,1,2,2,1,10,150
47362,game,3,,232.49,42,1,,,257,2,,118.25,237,right,118.25,ok,0,0,1,1,2,2,1,10,150
47367,game,3,,232.49,42,1,,,257,2,,118.25,237,right,118.25,ok,0,0,1,1,2,2,1,10,150
47370,game,3,,232.49,42,1,,,257,2,51.84,118.25,237,right,118.25,ok,0,0,1,1,2,2,1,10,150
47469,game,3,,232.49,42,1,79.4,,257,2,51.84,51.84,244,right,51.84,ok,0,0,1,1,2,0,1,10,150
47470,game,3,,232.49,42,1,79.4,,257,2,51.84,51.84,244,right,51.84,ok,0,0,1,1,2,0,1,10,150
47491,game,3,,232.49,42,1,79.4,79.4,257,2,51.84,51.84,244,right,51.84,ok,0,0,1,1,2,0,1,10,150
47491,game,3,,232.49,42,1,79.4,79.4,257,2,51.84,51.84,244,right,51.84,ok,0,0,1,1,2,0,1,10,150
47571,game,3,,,42,1,79.4,79.4,257,2,,51.84,244,right,51.84,ok,0,0,1,1,2,0,1,10,150
47571,game,3,,,42,1,79.4,79.4,257,2,,51.84,244,right,51.84,ok,0,0,1,1,2,0,1,10,150
47580,game,3,,,42,1,79.4,79.4,257,2,,51.84,244,right,51.84,ok,0,0,1,1,2,0,1,10,150
47593,game,3,,,42,1,79.4,79.4,257,2,,51.84,244,right,51.84,ok,0,0,1,1,2,0,1,10,150
47593,game,3,,,42,1,79.4,79.4,257,2,,51.84,244,right,51.84,ok,0,0,1,1,2,0,1,10,150
47673,game,3,,,42,1,79.04,79.4,257,2,,51.84,244,right,51.84,ok,0,0,1,1,2,0,1,10,150
47673,game,3,,,42,1,79.04,79.4,257,2,,51.84,244,right,51.84,ok,0,0,1,1,2,0,1,10,150
47690,game,3,,,42,1,79.04,79.4,257,2,,51.84,244,right,51.84,ok,0,0,1,1,2,0,1,10,150
47691,game,3,,,42,1,79.04,79.4,257,2,,51.84,244,right,51.84,ok,0,0,1,1,2,0,1,10,150
47775,game,3,,,42,1,79.04,79.04,257,2,,51.84,244,right,51.84,ok,0,0,1,1,2,0,1,10,150
47775,game,3,,,42,1,79.04,79.04,257,2,,51.84,244,right,51.84,ok,0,0,1,1,2,0,1,10,150
47798,game,3,,,42,1,79.04,79.04,257,2,,51.84,244,right,51.84,ok,0,0,1,1,2,0,1,10,150
47799,game,3,,,42,1,78.63,79.04,257,2,,51.84,244,right,51.84,ok,0,0,1,1,2,0,1,10,150
47799,game,3,,,42,1,78.63,79.04,257,2,,51.84,244,right,51.84,ok,0,0,1,1,2,0,1,10,150
47877,game,3,,,42,1,78.63,78.63,257,2,,51.84,244,right,51.84,ok,0,0,1,1,2,0,1,10,150
47884,game,3,,,42,1,78.63,78.63,257,2,,51.84,244,right,51.84,ok,0,0,1,1,2,0,1,10,150
47885,game,3,,,42,1,78.63,78.63,257,2,,51.84,244,right,51.84,ok,0,0,1,1,2,0,1,10,150
47980,game,3,,,42,1,78.63,78.63,257,2,,,244,centre,78.63,ok,0,0,1,1,1,1,1,10,150
47981,game,3,,,42,1,78.63,78.63,257,2,,,244,centre,78.63,ok,0,0,1,1,1,1,1,10,150
47987,game,3,,,42,1,78.63,78.63,257,2,,,244,centre,78.63,ok,0,0,1,1,1,1,1,10,150
48001,game,3,,,42,1,78.65,78.63,257,2,,,244,centre,78.63,ok,0,0,1,1,1,1,1,10,150
48002,game,3,,,42,1,78.67,78.63,257,2,,,244,centre,78.63,ok,0,0,1,1,1,1,1,10,150
48082,game,3,,,42,1,78.67,78.67,257,2,53.08,,244,centre,78.67,ok,0,0,1,1,1,1,1,10,150
48082,game,3,,,42,1,78.67,78.67,257,2,,,244,centre,78.67,ok,0,0,1,1,1,1,1,10,150
48103,game,3,,,42,1,79.2,78.67,257,2,,,244,centre,78.67,ok,0,0,1,1,1,1,1,10,150
48103,game,3,,,42,1,79.2,78.67,257,2,,,244,centre,78.67,ok,0,0,1,1,1,1,1,10,150
48185,game,3,,,42,1,79.2,79.2,257,2,,,244,centre,79.2,ok,0,0,1,1,1,1,1,10,150
48185,game,3,,,42,1,79.2,79.2,257,2,,,244,centre,79.2,ok,0,0,1,1,1,1,1,10,150
48203,game,3,,,42,1,79.2,79.2,257,2,,,244,centre,79.2,ok,0,0,1,1,1,1,1,10,150
48203,game,3,,,42,1,79.58,79.2,257,2,,,244,centre,79.2,ok,0,0,1,1,1,1,1,10,150
48290,game,3,,,42,1,79.22,79.58,257,2,,,244,centre,79.58,ok,0,0,1,1,1,1,1,10,150
48290,game,3,,,42,1,79.22,79.58,257,2,,,244,centre,79.58,ok,0,0,1,1,1,1,1,10,150
48312,game,3,,,42,1,79.22,79.58,257,2,,,244,centre,79.58,ok,0,0,1,1,1,1,1,10,150
48313,game,3,,,42,1,79.22,79.58,257,2,,,244,centre,79.58,ok,0,0,1,1,1,1,1,10,150
48390,game,3,,,42,1,79.22,79.22,257,2,,,244,centre,79.22,ok,0,0,1,1,1,1,1,10,150
48390,game,3,,,42,1,80.02,79.22,257,2,,,244,centre,79.22,ok,0,0,1,1,1,1,1,10,150
48399,game,3,,,42,1,80.02,79.22,257,2,,,244,centre,79.22,ok,0,0,1,1,1,1,1,10,150
48400,game,3,,,42,1,80.02,79.22,257,2,,,244,centre,79.22,ok,0,0,1,1,1,1,1,10,150
48400,game,3,,,42,1,80.02,79.22,257,2,,,244,centre,79.22,ok,0,0,1,1,1,1,1,10,150
48497,game,3,,,42,1,80.02,80.02,257,2,,,244,centre,80.02,ok,0,0,1,1,1,1,1,10,150
48497,game,3,,,42,1,80.02,80.02,257,2,,,244,centre,80.02,ok,0,0,1,1,1,1,1,10,150
48522,game,3,,,42,1,80.02,80.02,257,2,,,244,centre,80.02,ok,0,0,1,1,1,1,1,10,150
48523,game,3,,,42,1,80.04,80.02,257,2,,,244,centre,80.02,ok,0,0,1,1,1,1,1,10,150
48597,game,3,,,42,1,80.45,80.04,257,2,,,244,centre,80.04,ok,0,0,1,1,1,1,1,10,150
48597,game,3,,,42,1,80.45,80.04,257,2,,,244,centre,80.04,ok,0,0,1,1,1,1,1,10,150
48620,game,3,,,42,1,80.45,80.04,257,2,,,244,centre,80.04,ok,0,0,1,1,1,1,1,10,150
48696,game,3,,,42,1,80.45,80.45,257,2,,,244,centre,80.45,ok,0,0,1,1,1,1,1,10,150
48697,game,3,,,42,1,80.48,80.45,257,2,,,244,centre,80.45,ok,0,0,1,1,1,1,1,10,150
48717,game,3,,,42,1,80.48,80.45,257,2,,,244,centre,80.45,ok,0,0,1,1,1,1,1,10,150
48717,game,3,,,42,1,80.48,80.45,257,2,,,244,centre,80.45,ok,0,0,1,1,1,1,1,10,150
48718,game,3,,,42,1,80.48,80.45,257,2,,,244,centre,80.45,ok,0,0,1,1,1,1,1,10,150
48800,game,3,,,42,1,80.02,80.48,257,2,,,244,centre,80.48,ok,0,0,1,1,1,1,1,10,150
48800,game,3,,,42,1,80.02,80.48,257,2,,,244,centre,80.48,ok,0,0,1,1,1,1,1,10,150
48825,game,3,,,42,1,80.02,80.48,257,2,,,244,centre,80.48,ok,0,0,1,1,1,1,1,10,150
48826,game,3,,,42,1,80.02,80.48,257,2,,,244,centre,80.48,ok,0,0,1,1,1,1,1,10,150
48850,game,3,,,42,1,81.36,80.02,257,2,,,244,centre,80.02,ok,0,0,1,1,1,1,1,10,150
48856,game,3,,,42,1,81.36,80.02,257,2,232.19,,244,centre,80.02,ok,0,0,1,1,1,1,1,10,150
48952,game,3,,,42,1,,81.36,257,2,,232.19,251,centre,81.36,ok,0,0,1,1,1,1,1,10,150
48953,game,3,,,42,1,,81.36,257,2,,232.19,251,centre,81.36,ok,0,0,1,1,1,1,1,10,150
48971,game,3,,,42,1,,81.36,257,2,,232.19,251,centre,81.36,ok,0,0,1,1,1,1,1,10,150
49041,game,3,,,42,1,,81.36,257,2,,232.19,251,centre,81.36,ok,0,0,1,1,1,1,1,10,150
49042,game,3,,,42,1,,81.36,257,2,,232.19,251,centre,81.36,ok,0,0,1,1,1,1,1,10,150
49067,game,3,,,42,1,,81.36,257,2,,232.19,251,centre,81.36,ok,0,0,1,1,1,1,1,10,150
49068,game,3,,,42,1,,81.36,257,2,,232.19,251,centre,81.36,ok,0,0,1,1,1,1,1,10,150
49068,game,3,,,42,1,,81.36,257,2,,232.19,251,centre,81.36,ok,0,0,1,1,1,1,1,10,150
49118,game,3,,,42,1,191.15,81.36,257,2,,232.19,251,centre,81.36,ok,0,0,1,1,1,1,1,10,150
49211,game,3,,,42,1,191.15,191.15,264,2,,232.19,251,centre,191.15,ok,1,0,1,1,,,1,10,150
49211,game,3,,,42,1,191.15,191.15,264,2,,232.19,251,centre,191.15,ok,1,0,1,1,,,1,10,150
49236,game,3,,,42,1,191.15,191.15,264,2,,232.19,251,centre,191.15,ok,1,1,1,1,,,1,10,150
49236,game,3,,,42,1,191.15,191.15,264,2,,232.19,251,centre,191.15,ok,1,2,1,1,,,1,10,150
49236,game,3,,,42,1,,191.15,264,2,,232.19,251,centre,191.15,ok,1,2,1,1,,,1,10,150
49261,game,3,,,42,1,,191.15,264,2,,232.19,251,centre,191.15,ok,1,2,1,1,,,1,10,150
49325,game,3,,,42,1,,191.15,264,2,,,251,centre,191.15,ok,1,3,1,1,,,1,10,150
49333,game,3,,,42,1,,191.15,264,2,,,251,centre,191.15,ok,1,4,1,1,,,1,10,150
49336,game,3,,,42,1,,191.15,264,2,,,251,centre,191.15,ok,1,4,1,1,,,1,10,150
49419,game,3,,,42,1,136.5,191.15,264,2,,,251,centre,191.15,ok,1,5,1,1,,,1,10,150
49420,game,3,,,42,1,136.5,191.15,264,2,,,251,centre,191.15,ok,1,5,1,1,,,1,10,150
49440,game,3,,,42,1,136.5,191.15,265,2,,,251,centre,191.15,ok,1,6,1,1,,,1,10,150
49518,game,3,,,42,1,243.94,136.5,271,2,,,251,centre,136.5,ok,0,0,1,1,1,2,1,10,150
49519,game,3,,,42,1,243.94,136.5,271,2,,,251,centre,136.5,ok,0,0,1,1,1,2,1,10,150
49532,game,3,,,42,1,243.94,136.5,271,2,,,251,centre,136.5,ok,0,0,1,1,1,2,1,10,150
49618,game,3,,,42,1,,243.94,278,2,,,251,centre,243.94,ok,1,0,1,1,,,1,10,150
49619,game,3,,,42,1,,243.94,278,2,,,251,centre,243.94,ok,1,0,1,1,,,1,10,150
49642,game,3,,,42,1,,243.94,278,2,,,251,centre,243.94,ok,1,0,1,1,,,1,10,150
49643,game,3,,,42,1,,243.94,278,2,,,251,centre,243.94,ok,1,0,1,1,,,1,10,150
49643,game,3,,,42,1,,243.94,278,2,,,251,centre,243.94,ok,1,0,1,1,,,1,10,150
49721,game,3,,,42,1,,243.94,278,2,,,251,centre,243.94,ok,1,1,1,1,,,1,10,150
49721,game,3,,,42,1,,243.94,278,2,,,251,centre,243.94,ok,1,1,1,1,,,1,10,150
49744,game,3,,,42,1,,243.94,278,2,,,251,centre,243.94,ok,1,1,1,1,,,1,10,150
49745,game,3,,,42,1,80.64,243.94,278,2,,,251,centre,243.94,ok,1,2,1,1,,,1,10,150
49827,game,3,,,42,1,77.54,80.64,285,2,,,251,centre,80.64,ok,0,0,1,1,1,1,1,10,150
49827,game,3,,,42,1,77.54,80.64,285,2,,,251,centre,80.64,ok,0,0,1,1,1,1,1,10,150
49836,game,3,,,42,1,77.54,80.64,285,2,,,251,centre,80.64,ok,0,0,1,1,1,1,1,10,150
49850,game,3,,,42,1,77.54,80.64,285,2,,,251,centre,80.64,ok,0,0,1,1,1,1,1,10,150
49926,game,3,,,42,1,76.9,77.54,285,2,,,251,centre,77.54,ok,0,0,1,1,1,1,1,10,150
49926,game,3,,,42,1,76.9,77.54,285,2,,,251,centre,77.54,ok,0,0,1,1,1,1,1,10,150
49948,game,3,,,42,1,76.9,77.54,285,2,,,251,centre,77.54,ok,0,0,1,1,1,1,1,10,150
49949,game,3,,,42,1,76.9,77.54,285,2,,,251,centre,77.54,ok,0,0,1,1,1,1,1,10,150
50030,game,3,,,42,1,76.9,76.9,285,2,,,251,centre,76.9,ok,0,0,1,1,1,1,1,10,150
50035,game,3,,,42,1,,76.9,285,2,,,251,centre,76.9,ok,0,0,1,1,1,1,1,10,150
50035,game,3,,,42,1,,76.9,285,2,,,251,centre,76.9,ok,0,0,1,1,1,1,1,10,150
50135,game,3,,,42,1,,76.9,285,2,,,251,centre,76.9,ok,0,0,1,1,1,1,1,10,150
50135,game,3,,,42,1,,76.9,285,2,,,251,centre,76.9,ok,0,0,1,1,1,1,1,10,150
50143,game,3,,,42,1,,76.9,285,2,188.36,,251,centre,76.9,ok,0,0,1,1,1,1,1,10,150
50143,game,3,,,42,1,,76.9,285,2,188.36,,252,centre,76.9,ok,0,0,1,1,1,1,1,10,150
50144,game,3,,,42,1,,76.9,285,2,127.1,,252,centre,76.9,ok,0,0,1,1,1,1,1,10,150
50167,game,3,,,42,1,,76.9,285,2,127.1,,253,centre,76.9,ok,0,0,1,1,1,1,1,10,150
50235,game,3,,,42,1,,76.9,285,2,127.1,127.1,259,centre,76.9,ok,0,0,1,1,1,1,1,10,150
50245,game,3,,,42,1,,76.9,285,2,,127.1,259,centre,76.9,ok,0,0,1,1,1,1,1,10,150
50339,game,3,,,42,1,,76.9,285,2,,127.1,259,centre,76.9,ok,0,0,1,1,1,1,1,10,150
50339,game,3,,,42,1,,76.9,285,2,,127.1,259,centre,76.9,ok,0,0,1,1,1,1,1,10,150
50363,game,3,,,42,1,,76.9,285,2,,127.1,259,centre,76.9,ok,0,0,1,1,1,1,1,10,150
50363,game,3,,,42,1,,76.9,285,2,,127.1,259,centre,76.9,ok,0,0,1,1,1,1,1,10,150
50364,game,3,,,42,1,,76.9,285,2,,127.1,259,centre,76.9,ok,0,0,1,1,1,1,1,10,150
50438,game,3,,,42,1,,,285,2,,127.1,259,right,127.1,ok,0,0,1,1,2,2,1,10,150
50439,game,3,,,42,1,,,285,2,,127.1,259,right,127.1,ok,0,0,1,1,2,2,1,10,150
50463,game,3,,,42,1,,,285,2,,127.1,259,right,127.1,ok,0,0,1,1,2,2,1,10,150
50542,game,3,,,42,1,,,285,2,,127.1,259,right,127.1,ok,0,0,1,1,2,2,1,10,150
50543,game,3,,,42,1,,,285,2,,127.1,259,right,127.1,ok,0,0,1,1,2,2,1,10,150
50565,game,3,,,42,1,,,285,2,,127.1,259,right,127.1,ok,0,0,1,1,2,2,1,10,150
50567,game,3,,,42,1,,,285,2,,127.1,259,right,127.1,ok,0,0,1,1,2,2,1,10,150
50685,game,3,,,42,1,,,285,2,,,259,,,ok,1,0,1,1,,,1,10,150
50689,game,3,,,42,1,,,285,2,231.03,,259,,,ok,1,1,1,1,,,1,10,150
50690,game,3,,,42,1,,,285,2,,,259,,,ok,1,1,1,1,,,1,10,150
50707,game,3,,,42,1,155.96,,285,2,,,259,,,ok,1,2,1,1,,,1,10,150
50707,game,3,,,42,1,155.96,,286,2,,,259,,,ok,1,3,1,1,,,1,10,150
50777,game,3,,,42,1,155.96,155.96,292,2,110.34,,259,centre,155.96,ok,1,4,1,1,,,1,10,150
50778,game,3,,,42,1,155.96,155.96,292,2,110.34,,259,centre,155.96,ok,1,4,1,1,,,1,10,150
50789,game,3,,,42,1,,155.96,292,2,110.34,110.34,259,right,110.34,ok,0,0,1,1,2,2,1,10,150
50794,game,3,238.78,,42,1,,155.96,292,2,110.34,110.34,259,right,110.34,ok,0,0,1,1,2,2,1,10,150
50879,game,3,,238.78,42,1,,155.96,292,2,,110.34,259,right,110.34,ok,0,0,1,1,2,2,1,10,150
50880,game,3,,238.78,42,1,,155.96,292,2,,110.34,259,right,110.34,ok,0,0,1,1,2,2,1,10,150
50905,game,3,,238.78,42,1,,155.96,292,2,,110.34,259,right,110.34,ok,0,0,1,1,2,2,1,10,150
50905,game,3,,238.78,42,1,,155.96,292,2,,110.34,259,right,110.34,ok,0,0,1,1,2,2,1,10,150
50979,game,3,,238.78,42,1,,155.96,292,2,,110.34,259,right,110.34,ok,0,0,1,1,2,2,1,10,150
50979,game,3,,238.78,42,1,,155.96,292,2,,110.34,259,right,110.34,ok,0,0,1,1,2,2,1,10,150
51005,game,3,,238.78,42,1,,155.96,292,2,,110.34,259,right,110.34,ok,0,0,1,1,2,2,1,10,150
51086,game,3,,238.78,42,1,,155.96,292,2,,110.34,259,right,110.34,ok,0,0,1,1,2,2,1,10,150
51086,game,3,,238.78,42,1,,155.96,292,2,,110.34,259,right,110.34,ok,0,0,1,1,2,2,1,10,150
51105,game,3,,238.78,42,1,,155.96,292,2,,110.34,259,right,110.34,ok,0,0,1,1,2,2,1,10,150
51105,game,3,,238.78,42,1,,155.96,292,2,,110.34,259,right,110.34,ok,0,0,2,2,2,2,1,10,150
51186,game,3,,238.78,42,1,,,292,2,,110.34,259,right,110.34,ok,0,0,2,2,2,2,1,10,150
51190,game,3,,238.78,42,1,,,292,2,,110.34,259,right,110.34,ok,0,0,2,2,2,2,1,10,150
51191,game,3,,238.78,42,1,,,292,2,,110.34,259,right,110.34,ok,0,0,2,2,2,2,1,10,150
51217,game,3,,238.78,42,1,,,292,2,,110.34,259,right,110.34,ok,0,0,2,2,2,2,1,10,150
51288,game,3,,,42,1,,,292,2,,,259,,,ok,1,0,2,2,,,1,10,150
51296,game,3,,,42,1,,,292,2,,,259,,,ok,1,1,2,2,,,1,10,150
51296,game,3,,,42,1,,,292,2,,,259,,,ok,1,1,2,2,,,1,10,150
51321,game,3,,,42,1,,,292,2,,,259,,,ok,1,1,2,2,,,1,10,150
51376,game,3,,,42,1,,,292,2,,,259,,,ok,1,2,2,2,,,1,10,150
51376,game,3,,,42,1,,,292,2,,,259,,,ok,1,2,2,2,,,1,10,150
51400,game,3,,,42,1,,,292,2,,,259,,,ok,1,2,2,2,,,1,10,150
51466,game,3,,,42,1,,,292,2,,,259,,,ok,1,3,2,2,,,1,10,150
51584,game,3,,,42,1,,,292,2,,,259,,,ok,1,4,2,2,,,1,10,150
51585,game,3,,,42,1,,,292,2,,,259,,,ok,1,4,2,2,,,1,10,150
51606,game,3,,,42,1,,,292,2,,,259,,,ok,1,4,2,2,,,1,10,150
51607,game,3,,,42,1,,,292,2,,,259,,,ok,1,4,2,2,,,1,10,150
51608,game,3,,,42,1,,,292,2,,,259,,,ok,1,5,2,2,,,1,10,150
51608,game,3,,,42,1,,,292,2,,,259,,,ok,1,5,2,2,,,1,10,150
51679,game,3,,,42,1,,,292,2,,,259,,,ok,1,6,2,2,,,1,10,150
51688,game,3,,,42,1,,,292,2,,,259,,,ok,1,7,2,2,,,1,10,150
51691,game,3,,,42,1,,,292,2,,,259,,,ok,1,7,2,2,,,1,10,150
51769,game,3,,,42,1,,,292,2,,,259,,,ok,1,8,2,2,,,1,10,150
51769,game,3,,,42,1,,,292,2,,,259,,,ok,1,8,2,2,,,1,10,150
51778,game,3,,,42,1,,,292,2,,,259,,,ok,1,8,2,2,,,1,10,150
51793,game,3,,,42,1,,,292,2,,,259,,,ok,1,9,2,2,,,1,10,150
51873,game,3,,,42,1,,,292,2,,,259,,,ok,1,10,2,2,,,1,10,150
51882,game,3,,,42,1,,,292,2,,,259,,,ok,1,11,2,2,,,1,10,150
51882,game,3,,,42,1,,,292,2,,,259,,,ok,1,11,2,2,,,1,10,150
51895,game,3,,,42,1,,,292,2,,,259,,,ok,1,11,2,2,,,1,10,150
51972,game,3,,,42,1,,,292,2,,,259,,,ok,1,12,2,2,,,1,10,150
51973,game,3,,,42,1,,,292,2,,,259,,,ok,1,12,2,2,,,1,10,150
51994,game,3,,,42,1,,,292,2,,,259,,,ok,1,13,2,2,,,1,10,150
51995,game,3,,,42,1,,,292,2,,,259,,,ok,1,14,2,2,,,1,10,150
52076,game,3,,,42,1,,,292,2,,,259,,,ok,1,15,2,2,,,1,10,150
52077,game,3,,,42,1,,,292,2,,,259,,,ok,1,15,2,2,,,1,10,150
52101,game,3,,,42,1,,,292,2,,,259,,,ok,1,16,2,2,,,1,10,150
52179,game,3,,,42,1,,,292,2,241.42,,259,,,ok,1,17,2,2,,,1,10,150
52180,game,3,,,42,1,,,292,2,,,259,,,ok,1,17,2,2,,,1,10,150
52202,game,3,,,42,1,,,292,2,,,259,,,ok,1,17,2,2,,,1,10,150
52203,game,3,,,42,1,,,292,2,,,259,,,ok,1,18,2,2,,,1,10,150
52281,game,3,,,42,1,,,292,2,,,259,,,ok,1,19,2,2,,,1,10,150
52281,game,3,,,42,1,,,292,2,,,259,,,ok,1,19,2,2,,,1,10,150
52302,game,3,,,42,1,,,292,2,,,259,,,ok,1,19,2,2,,,1,10,150
52303,game,3,,,42,1,,,292,2,,,259,,,ok,1,20,2,2,,,1,10,150
52384,game,3,,,42,1,,,292,2,,,259,,,ok,1,21,2,2,,,1,10,150
52384,game,3,,,42,1,,,292,2,,,259,,,ok,1,21,2,2,,,1,10,150
52408,game,3,,,42,1,,,292,2,,,259,,,ok,1,21,2,2,,,1,10,150
52485,game,3,,,42,1,,,292,2,,,259,,,ok,1,22,2,2,,,1,10,150
52486,game,3,,,42,1,,,292,2,,,259,,,ok,1,22,2,2,,,1,10,150
52507,game,3,,,42,1,,,292,2,,,259,,,ok,1,23,2,2,,,1,10,150
52508,game,3,,,42,1,,,292,2,,,259,,,ok,1,24,2,2,,,1,10,150
52588,game,3,,,42,1,,,292,2,199.99,,259,,,ok,1,25,2,2,,,1,10,150
52589,game,3,,,42,1,,,292,2,,,259,,,ok,1,25,2,2,,,1,10,150
52613,game,3,,,42,1,,,292,2,,,259,,,ok,1,25,2,2,,,1,10,150
52614,game,3,,,42,1,,,292,2,,,259,,,ok,1,26,2,2,,,1,10,150
52642,game,3,,,42,1,,,292,2,,,259,,,ok,1,27,2,2,,,1,10,150
52642,game,3,,,42,1,,,292,2,,,259,,,ok,1,27,2,2,,,1,10,150
52728,game,3,,,42,1,,,292,2,,,259,,,ok,1,28,2,2,,,1,10,150
52729,game,3,,,42,1,,,292,2,,,259,,,ok,1,29,2,2,,,1,10,150
52738,game,3,,,42,1,,,292,2,,,259,,,ok,1,30,2,2,,,1,10,150
52810,game,3,,,42,1,,,292,2,221.72,,259,,,ok,1,31,2,2,,,1,10,150
52810,game,3,,,42,1,,,292,2,221.72,,259,,,ok,1,31,2,2,,,1,10,150
52835,game,3,,,42,1,,,292,2,221.72,,260,,,ok,1,32,2,2,,,1,10,150
52898,game,3,,,42,1,,,292,2,221.72,221.72,266,right,221.72,ok,1,33,2,2,,,1,10,150
52898,game,3,,,42,1,,,292,2,221.72,221.72,266,right,221.72,ok,1,33,2,2,,,1,10,150
52913,game,3,,,42,1,,,292,2,,221.72,266,right,221.72,ok,1,34,2,2,,,1,10,150
52997,game,3,,,42,1,,,292,2,,221.72,266,right,221.72,ok,1,35,2,2,,,1,10,150
52997,game,3,,,42,1,,,292,2,,221.72,266,right,221.72,ok,1,35,2,2,,,1,10,150
53021,game,3,,,42,1,,,292,2,,221.72,266,right,221.72,ok,1,35,2,2,,,1,10,150
53022,game,3,,,42,1,,,292,2,,221.72,266,right,221.72,ok,1,35,2,2,,,1,10,150
53100,game,3,216.36,,42,1,,,292,2,,221.72,266,right,221.72,ok,1,36,2,2,,,1,10,150
53101,game,3,,,42,1,,,292,2,,221.72,266,right,221.72,ok,1,36,2,2,,,1,10,150
53125,game,3,,,42,1,,,292,2,,221.72,266,right,221.72,ok,1,36,2,2,,,1,10,150
53126,game,3,,,42,1,,,292,2,,221.72,266,right,221.72,ok,1,37,2,2,,,1,10,150
53213,game,3,,,42,1,,,292,2,,221.72,266,right,221.72,ok,1,38,2,2,,,1,10,150
53213,game,3,,,42,1,,,292,2,,221.72,266,right,221.72,ok,1,38,2,2,,,1,10,150
53238,game,3,,,42,1,,,292,2,,221.72,266,right,221.72,ok,1,38,2,2,,,1,10,150
53239,game,3,,,42,1,,,292,2,,221.72,266,right,221.72,ok,1,39,2,2,,,1,10,150
53303,game,3,,,42,1,,,292,2,155.7,,266,,,ok,1,40,2,2,,,1,10,150
53305,game,3,,,42,1,,,292,2,155.7,,267,,,ok,1,41,2,2,,,1,10,150
53317,game,3,,,42,1,,,292,2,155.7,,269,,,ok,1,42,2,2,,,1,10,150
53407,game,3,,,42,1,,,292,2,,155.7,273,right,155.7,ok,1,43,2,2,,,1,10,150
53408,game,3,,,42,1,,,292,2,,155.7,273,right,155.7,ok,1,44,2,2,,,1,10,150
53409,game,3,,,42,1,,,292,2,,155.7,273,right,155.7,ok,1,44,2,2,,,1,10,150
53440,game,3,,,42,1,,,292,2,,155.7,273,right,155.7,ok,1,44,2,2,,,1,10,150
53510,game,3,,,42,1,,,292,2,,155.7,273,right,155.7,ok,1,45,2,2,,,1,10,150
53510,game,3,,,42,1,,,292,2,,155.7,273,right,155.7,ok,1,45,2,2,,,1,10,150
53534,game,3,,,42,1,,,292,2,,155.7,273,right,155.7,ok,1,46,2,2,,,1,10,150
53560,game,3,,,42,1,,,292,2,249.02,155.7,273,right,155.7,ok,1,47,2,2,,,1,10,150
53560,game,3,,,42,1,,,292,2,249.02,155.7,273,right,155.7,ok,1,47,2,2,,,1,10,150
53582,game,3,,,42,1,,,292,2,249.02,155.7,274,right,155.7,ok,1,48,2,2,,,1,10,150
53663,game,3,,,42,1,,,292,2,,249.02,280,right,249.02,ok,1,49,2,2,,,1,10,150
53664,game,3,,,42,1,,,292,2,,249.02,280,right,249.02,ok,1,49,2,2,,,1,10,150
53684,game,3,,,42,1,,,292,2,,249.02,280,right,249.02,ok,1,49,2,2,,,1,10,150
53748,game,3,,,42,1,,,292,2,,249.02,280,right,249.02,ok,1,50,2,2,,,1,10,150
53748,game,3,,,42,1,,,292,2,,249.02,280,right,249.02,ok,1,50,2,2,,,1,10,150
53772,game,3,,,42,1,,,292,2,,249.02,280,right,249.02,ok,1,50,2,2,,,1,10,150
53773,game,3,,,42,1,,,292,2,,249.02,280,right,249.02,ok,1,51,2,2,,,1,10,150
53831,game,3,,,42,1,,,292,2,,249.02,280,right,249.02,ok,1,52,2,2,,,1,10,150
53836,game,3,,,42,1,,,292,2,,249.02,280,right,249.02,ok,1,53,2,2,,,1,10,150
53919,game,3,,,42,1,,,292,2,,249.02,280,right,249.02,ok,1,54,2,2,,,1,10,150
53920,game,3,,,42,1,,,292,2,,249.02,280,right,249.02,ok,1,54,2,2,,,1,10,150
53936,game,3,,,42,1,,,292,2,,249.02,280,right,249.02,ok,1,55,2,2,,,1,10,150
54022,game,3,,,42,1,,,292,2,,,280,,,ok,1,56,2,2,,,1,10,150
54023,game,3,,,42,1,,,292,2,,,280,,,ok,1,56,2,2,,,1,10,150
54036,game,3,,,42,1,,,292,2,,,280,,,ok,1,57,2,2,,,1,10,150
54037,game,3,,,42,1,,,292,2,,,280,,,ok,1,58,2,2,,,1,10,150
54038,game,3,,,42,1,,,292,2,,,280,,,ok,1,58,2,2,,,1,10,150
54054,game,3,,,42,1,,,292,2,69.49,,280,,,ok,1,59,2,2,,,1,10,150
54135,game,3,,,42,1,151.88,,292,2,69.49,69.49,287,right,69.49,ok,0,0,2,2,2,1,1,10,150
54136,game,3,,,42,1,151.88,,292,2,69.49,69.49,287,right,69.49,ok,0,0,2,2,2,1,1,10,150
54153,game,3,,,42,1,151.88,151.88,292,2,,69.49,287,right,69.49,ok,0,0,2,2,2,1,1,10,150
54230,game,3,,,42,1,160.18,151.88,292,2,,69.49,287,right,69.49,ok,0,0,2,2,2,1,1,10,150
54231,game,3,,,42,1,160.18,151.88,292,2,,69.49,287,right,69.49,ok,0,0,2,2,2,1,1,10,150
54242,game,3,,,42,1,160.18,151.88,292,2,,69.49,287,right,69.49,ok,0,0,2,2,2,1,1,10,150
54336,game,3,,,42,1,,160.18,292,2,,69.49,287,right,69.49,ok,0,0,2,2,2,1,1,10,150
54336,game,3,,,42,1,,160.18,292,2,,69.49,287,right,69.49,ok,0,0,2,2,2,1,1,10,150
54350,game,3,,,42,1,,160.18,292,2,,69.49,287,right,69.49,ok,0,0,2,2,2,1,1,10,150
54350,game,3,,,42,1,,160.18,292,2,,69.49,287,right,69.49,ok,0,0,2,2,2,1,1,10,150
54351,game,3,,,42,1,,160.18,292,2,,69.49,287,right,69.49,ok,0,0,2,2,2,1,1,10,150
54430,game,3,,,42,1,,160.18,292,2,,69.49,287,right,69.49,ok,0,0,2,2,2,1,1,10,150
54431,game,3,,,42,1,,160.18,292,2,,69.49,287,right,69.49,ok,0,0,2,2,2,1,1,10,150
54534,game,3,,,42,1,,160.18,292,2,,,287,centre,160.18,ok,1,0,2,2,,,1,10,150
54535,game,3,,,42,1,,160.18,292,2,,,287,centre,160.18,ok,1,0,2,2,,,1,10,150
54552,game,3,,,42,1,,160.18,292,2,,,287,centre,160.18,ok,1,0,2,2,,,1,10,150
54553,game,3,,,42,1,,160.18,292,2,,,287,centre,160.18,ok,1,1,2,2,,,1,10,150
54553,game,3,,,42,1,,160.18,292,2,,,287,centre,160.18,ok,1,1,2,2,,,1,10,150
54639,game,3,,,42,1,161.52,160.18,292,2,,,287,centre,160.18,ok,1,2,2,2,,,1,10,150
54639,game,3,,,42,1,161.52,160.18,292,2,,,287,centre,160.18,ok,1,2,2,2,,,1,10,150
54647,game,3,,,42,1,,160.18,292,2,,,287,centre,160.18,ok,1,2,2,2,,,1,10,150
54654,game,3,,,42,1,,160.18,292,2,,,287,centre,160.18,ok,1,3,2,2,,,1,10,150
54738,game,3,,,42,1,,,292,2,,,287,,,ok,1,4,2,2,,,1,10,150
54748,game,3,,,42,1,,,292,2,,,287,,,ok,1,5,2,2,,,1,10,150
54748,game,3,,,42,1,,,292,2,,,287,,,ok,1,5,2,2,,,1,10,150
54764,game,3,,,42,1,,,292,2,,,287,,,ok,1,5,2,2,,,1,10,150
54786,game,3,,,42,1,,,292,2,133.98,,287,,,ok,1,6,2,2,,,1,10,150
54872,game,3,,,42,1,,,292,2,,133.98,294,right,133.98,ok,0,0,2,2,2,2,1,10,150
54873,game,3,,,42,1,,,292,2,,133.98,294,right,133.98,ok,0,0,2,2,2,2,1,10,150
54884,game,3,,,42,1,,,292,2,,133.98,294,right,133.98,ok,0,0,2,2,2,2,1,10,150
54959,game,3,,,42,1,,,292,2,,133.98,294,right,133.98,ok,0,0,2,2,2,2,1,10,150
54960,game,3,,,42,1,,,292,2,,133.98,294,right,133.98,ok,0,0,2,2,2,2,1,10,150
54975,game,3,,,42,1,,,292,2,,133.98,294,right,133.98,ok,0,0,2,2,2,2,1,10,150
55047,game,3,,,42,1,,,292,2,,133.98,294,right,133.98,ok,0,0,2,2,2,2,1,10,150
55051,game,3,,,42,1,,,292,2,,133.98,294,right,133.98,ok,0,0,2,2,2,2,1,10,150
55052,game,3,,,42,1,,,292,2,,133.98,294,right,133.98,ok,0,0,2,2,2,2,1,10,150
55148,game,3,,,42,1,,,292,2,249.91,133.98,294,right,133.98,ok,0,0,2,2,2,2,1,10,150
55150,game,3,,,42,1,,,292,2,249.91,133.98,295,right,133.98,ok,0,0,2,2,2,2,1,10,150
55151,game,3,,,42,1,,,292,2,249.91,133.98,295,right,133.98,ok,0,0,2,2,2,2,1,10,150
55168,game,3,,,42,1,,,292,2,249.91,133.98,295,right,133.98,ok,0,0,2,2,2,2,1,10,150
55251,game,3,,,42,1,,,292,2,249.91,249.91,301,right,249.91,ok,1,0,2,2,,,1,10,150
55252,game,3,,,42,1,,,292,2,249.91,249.91,301,right,249.91,ok,1,0,2,2,,,1,10,150
55268,game,3,,,42,1,126.57,,292,2,,249.91,301,right,249.91,ok,1,1,2,2,,,1,10,150
55268,game,3,,,42,1,126.57,126.57,292,2,,249.91,301,centre,126.57,ok,0,0,2,2,1,2,1,10,150
55269,game,3,,,42,1,126.57,126.57,292,2,,249.91,301,centre,126.57,ok,0,0,2,2,1,2,1,10,150
55353,game,3,,,42,1,,126.57,292,2,,249.91,301,centre,126.57,ok,0,0,2,2,1,2,1,10,150
55363,game,3,,,42,1,,126.57,292,2,,249.91,301,centre,126.57,ok,0,0,2,2,1,2,1,10,150
55456,game,3,,,42,1,,126.57,292,2,,249.91,301,centre,126.57,ok,0,0,2,2,1,2,1,10,150
55464,game,3,,,42,1,,126.57,292,2,,249.91,301,centre,126.57,ok,0,0,2,2,1,2,1,10,150
55464,game,3,,,42,1,,126.57,292,2,,249.91,301,centre,126.57,ok,0,0,2,2,1,2,1,10,150
55482,game,3,,,42,1,,126.57,292,2,73.26,249.91,301,centre,126.57,ok,0,0,2,2,1,2,1,10,150
55482,game,3,,,42,1,,126.57,292,2,73.26,249.91,302,centre,126.57,ok,0,0,2,2,1,2,1,10,150
55483,game,3,,,42,1,,126.57,292,2,73.26,249.91,302,centre,126.57,ok,0,0,2,2,1,2,1,10,150
55560,game,3,121.99,,42,1,,126.57,292,2,73.26,73.26,308,right,73.26,ok,0,0,2,2,2,1,1,10,150
55561,game,3,121.99,,42,1,,126.57,292,2,73.26,73.26,308,right,73.26,ok,0,0,2,2,2,1,1,10,150
55575,game,3,121.99,121.99,42,1,,126.57,292,2,,73.26,308,right,73.26,ok,0,0,2,2,2,1,1,10,150
55576,game,3,121.99,121.99,42,1,,126.57,292,2,,73.26,308,right,73.26,ok,0,0,2,2,2,1,1,10,150
55664,game,3,121.99,121.99,42,1,136.75,126.57,292,2,,73.26,308,right,73.26,ok,0,0,2,2,2,1,1,10,150
55686,game,3,122.55,121.99,42,1,136.75,136.75,292,2,,73.26,308,right,73.26,ok,0,0,2,2,2,1,1,10,150
55764,game,3,,122.55,42,1,,136.75,292,2,143.58,73.26,308,right,73.26,ok,0,0,2,2,2,1,1,10,150
55765,game,3,,122.55,42,1,,136.75,292,2,143.58,73.26,308,right,73.26,ok,0,0,2,2,2,1,1,10,150
55779,game,3,,122.55,42,1,,136.75,292,2,143.58,73.26,308,right,73.26,ok,0,0,2,2,2,1,1,10,150
55780,game,3,,122.55,42,1,,136.75,292,2,143.58,73.26,309,right,73.26,ok,0,0,2,2,2,1,1,10,150
55780,game,3,,122.55,42,1,,136.75,292,2,143.58,73.26,309,right,73.26,ok,0,0,2,2,2,1,1,10,150
55788,game,3,,122.55,42,1,,136.75,292,2,143.58,73.26,309,right,73.26,ok,0,0,2,2,2,1,1,10,150
55874,game,3,122.71,122.55,42,1,,136.75,292,2,,143.58,315,left,122.55,ok,0,0,2,2,0,2,1,10,150
55875,game,3,122.71,122.55,42,1,,136.75,292,2,,143.58,315,left,122.55,ok,0,0,2,2,0,2,1,10,150
55875,game,3,122.71,122.55,42,1,,136.75,292,2,,143.58,315,left,122.55,ok,0,0,2,2,0,2,1,10,150
55890,game,3,122.71,122.55,42,1,115.9,136.75,292,2,,143.58,315,left,122.55,ok,0,0,2,2,0,2,1,10,150
55973,game,3,,122.71,42,1,140.99,115.9,292,2,,143.58,315,left,122.71,ok,0,0,2,2,0,2,1,10,150
55975,game,3,,122.71,42,1,140.99,115.9,293,2,,143.58,315,left,122.71,ok,0,0,2,2,0,2,1,10,150
55976,game,3,,122.71,42,1,140.99,115.9,293,2,,143.58,315,left,122.71,ok,0,0,2,2,0,2,1,10,150
55994,game,3,,122.71,42,1,140.99,115.9,293,2,,143.58,315,left,122.71,ok,0,0,2,2,0,2,1,10,150
56073,game,3,,122.71,42,1,140.99,140.99,299,2,,143.58,315,left,122.71,ok,0,0,2,2,0,2,1,10,150
56074,game,3,,122.71,42,1,140.99,140.99,299,2,,143.58,315,left,122.71,ok,0,0,2,2,0,2,1,10,150
56085,game,3,,122.71,42,1,,140.99,299,2,,143.58,315,left,122.71,ok,0,0,2,2,0,2,1,10,150
56171,game,3,,122.71,42,1,,140.99,299,2,,143.58,315,left,122.71,ok,0,0,2,2,0,2,1,10,150
56172,game,3,,122.71,42,1,,140.99,299,2,,143.58,315,left,122.71,ok,0,0,2,2,0,2,1,10,150
56190,game,3,,122.71,42,1,,140.99,299,2,,143.58,315,left,122.71,ok,0,0,2,2,0,2,1,10,150
56190,game,3,,122.71,42,1,,140.99,299,2,,143.58,315,left,122.71,ok,0,0,2,2,0,2,1,10,150
56191,game,3,,122.71,42,1,,140.99,299,2,,143.58,315,left,122.71,ok,0,0,2,2,0,2,1,10,150
56275,game,3,,122.71,42,1,,140.99,299,2,,,315,left,122.71,ok,0,0,2,2,0,2,1,10,150
56276,game,3,,122.71,42,1,,140.99,299,2,,,315,left,122.71,ok,0,0,2,2,0,2,1,10,150
56298,game,3,,122.71,42,1,,140.99,299,2,,,315,left,122.71,ok,0,0,2,2,0,2,1,10,150
56372,game,3,,,42,1,,140.99,299,2,,,315,centre,140.99,ok,0,0,2,2,1,2,1,10,150
56378,game,3,156.13,,42,1,,140.99,299,2,,,315,centre,140.99,ok,0,0,2,2,1,2,1,10,150
56381,game,3,147.64,,42,1,,140.99,299,2,,,315,centre,140.99,ok,0,0,2,2,1,2,1,10,150
56409,game,3,147.64,147.64,42,1,,140.99,299,2,,,315,centre,140.99,ok,0,0,2,2,1,2,1,10,150
56481,game,3,147.64,147.64,42,1,,,299,2,,,315,left,147.64,ok,0,0,2,2,0,2,1,10,150
56484,game,3,147.64,147.64,42,1,,,299,2,,,315,left,147.64,ok,0,0,2,2,0,2,1,10,150
56502,game,3,147.64,147.64,42,1,,,299,2,,,315,left,147.64,ok,0,0,2,2,0,2,1,10,150
56515,game,3,,147.64,42,1,,,299,2,,,315,left,147.64,ok,0,0,2,2,0,2,1,10,150
56580,game,3,,147.64,42,1,,,299,2,,,315,left,147.64,ok,0,0,2,2,0,2,1,10,150
56581,game,3,,147.64,42,1,,,299,2,,,315,left,147.64,ok,0,0,2,2,0,2,1,10,150
56604,game,3,,147.64,42,1,,,299,2,,,315,left,147.64,ok,0,0,2,2,0,2,1,10,150
56605,game,3,,147.64,42,1,,,299,2,,,315,left,147.64,ok,0,0,0,2,0,2,1,10,150
56682,game,3,,147.64,42,1,,,299,2,,,315,left,147.64,ok,0,0,0,2,0,2,1,10,150
56683,game,3,,147.64,42,1,,,299,2,,,315,left,147.64,ok,0,0,0,2,0,2,1,10,150
56706,game,3,,147.64,42,1,,,299,2,,,315,left,147.64,ok,0,0,0,2,0,2,1,10,150
56788,game,3,,147.64,42,1,,,299,2,,,315,left,147.64,ok,0,0,0,2,0,2,1,10,150
56788,game,3,,147.64,42,1,,,299,2,,,315,left,147.64,ok,0,0,0,2,0,2,1,10,150
56814,game,3,,147.64,42,1,,,299,2,,,315,left,147.64,ok,0,0,0,2,0,2,1,10,150
56815,game,3,,147.64,42,1,,,299,2,,,315,left,147.64,ok,0,0,0,2,0,2,1,10,150
56815,game,3,,147.64,42,1,,,299,2,,,315,left,147.64,ok,0,0,0,2,0,2,1,10,150
56896,game,3,,,42,1,,,299,2,,,315,,,ok,1,0,0,2,,,1,10,150
56897,game,3,,,42,1,,,299,2,,,315,,,ok,1,0,0,2,,,1,10,150
56921,game,3,,,42,1,,,299,2,,,315,,,ok,1,0,0,2,,,1,10,150
56922,game,3,,,42,1,,,299,2,,,315,,,ok,1,1,0,2,,,1,10,150
56995,game,3,,,42,1,,,299,2,,,315,,,ok,1,2,0,2,,,1,10,150
56995,game,3,,,42,1,,,299,2,,,315,,,ok,1,2,0,2,,,1,10,150
57012,game,3,,,42,1,,,299,2,,,315,,,ok,1,2,0,2,,,1,10,150
57027,game,3,,,42,1,,,299,2,,,315,,,ok,1,3,0,2,,,1,10,150
57094,game,3,,,42,1,,,299,2,,,315,,,ok,1,4,0,2,,,1,10,150
57095,game,3,,,42,1,,,299,2,,,315,,,ok,1,4,0,2,,,1,10,150
57116,game,3,,,42,1,,,299,2,,,315,,,ok,1,4,0,2,,,1,10,150
57117,game,3,,,42,1,,,299,2,,,315,,,ok,1,5,0,2,,,1,10,150
57196,game,3,,,42,1,,,299,2,,,315,,,ok,1,6,0,2,,,1,10,150
57196,game,3,,,42,1,,,299,2,,,315,,,ok,1,6,0,2,,,1,10,150
57218,game,3,,,42,1,,,299,2,,,315,,,ok,1,7,0,2,,,1,10,150
57302,game,3,,,42,1,,,299,2,,,315,,,ok,1,8,0,2,,,1,10,150
57303,game,3,,,42,1,,,299,2,,,315,,,ok,1,8,0,2,,,1,10,150
57323,game,3,,,42,1,,,299,2,,,315,,,ok,1,9,0,2,,,1,10,150
57324,game,3,,,42,1,,,299,2,,,315,,,ok,1,10,0,2,,,1,10,150
57400,game,3,,,42,1,,,299,2,,,315,,,ok,1,11,0,2,,,1,10,150
57401,game,3,,,42,1,,,299,2,,,315,,,ok,1,11,0,2,,,1,10,150
57424,game,3,,,42,1,,,299,2,,,315,,,ok,1,11,0,2,,,1,10,150
57425,game,3,,,42,1,,,299,2,,,315,,,ok,1,12,0,2,,,1,10,150
57505,game,3,,,42,1,,,299,2,,,315,,,ok,1,13,0,2,,,1,10,150
57505,game,3,,,42,1,,,299,2,,,315,,,ok,1,13,0,2,,,1,10,150
57527,game,3,,,42,1,,,299,2,,,315,,,ok,1,13,0,2,,,1,10,150
57528,game,3,,,42,1,,,299,2,,,315,,,ok,1,13,0,2,,,1,10,150
57605,game,3,,,42,1,,,299,2,,,315,,,ok,1,14,0,2,,,1,10,150
57605,game,3,,,42,1,,,299,2,,,315,,,ok,1,14,0,2,,,1,10,150
57630,game,3,,,42,1,,,299,2,,,315,,,ok,1,14,0,2,,,1,10,150
57707,game,3,124.94,,42,1,,,299,2,,,315,,,ok,1,15,0,2,,,1,10,150
57707,game,3,124.94,,42,1,,,299,2,,,315,,,ok,1,15,0,2,,,1,10,150
57728,game,3,124.94,124.94,42,1,,,299,2,,,315,left,124.94,ok,0,0,0,2,0,2,1,10,150
57728,game,3,124.94,124.94,42,1,,,299,2,,,315,left,124.94,ok,0,0,0,2,0,2,1,10,150
57811,game,3,,124.94,42,1,,,299,2,,,315,left,124.94,ok,0,0,0,2,0,2,1,10,150
57812,game,3,,124.94,42,1,,,299,2,,,315,left,124.94,ok,0,0,0,2,0,2,1,10,150
57817,game,3,,124.94,42,1,,,299,2,,,315,left,124.94,ok,0,0,0,2,0,2,1,10,150
57821,game,3,,124.94,42,1,135.66,,299,2,,,315,left,124.94,ok,0,0,0,2,0,2,1,10,150
57822,game,3,,124.94,42,1,135.66,,299,2,,,315,left,124.94,ok,0,0,0,2,0,2,1,10,150
57913,game,3,,124.94,42,1,135.66,135.66,299,2,,,315,left,124.94,ok,0,0,0,2,0,2,1,10,150
57917,game,3,,124.94,42,1,133.56,135.66,299,2,,,315,left,124.94,ok,0,0,0,2,0,2,1,10,150
58014,game,3,,124.94,42,1,133.56,133.56,299,2,,,315,left,124.94,ok,0,0,0,2,0,2,1,10,150
58015,game,3,,124.94,42,1,133.56,133.56,299,2,,,315,left,124.94,ok,0,0,0,2,0,2,1,10,150
58038,game,3,,124.94,42,1,,133.56,299,2,,,315,left,124.94,ok,0,0,0,2,0,2,1,10,150
58039,game,3,,124.94,42,1,,133.56,299,2,,,315,left,124.94,ok,0,0,0,2,0,2,1,10,150
58039,game,3,,124.94,42,1,,133.56,299,2,,,315,left,124.94,ok,0,0,0,2,0,2,1,10,150
58050,game,3,,124.94,42,1,,133.56,299,2,,,315,left,124.94,ok,0,0,0,2,0,2,1,10,150
58118,game,3,,124.94,42,1,,133.56,299,2,,,315,left,124.94,ok,0,0,0,2,0,2,1,10,150
58118,game,3,,124.94,42,1,,133.56,299,2,,,315,left,124.94,ok,0,0,0,2,0,2,1,10,150
58140,game,3,,124.94,42,1,,133.56,299,2,,,315,left,124.94,ok,0,0,0,2,0,2,1,10,150
58233,game,3,,,42,1,,133.56,299,2,,,315,centre,133.56,ok,0,0,0,2,1,2,1,10,150
58233,game,3,,,42,1,,133.56,299,2,,,315,centre,133.56,ok,0,0,0,2,1,2,1,10,150
58256,game,3,,,42,1,,133.56,299,2,,,315,centre,133.56,ok,0,0,0,2,1,2,1,10,150
58257,game,3,,,42,1,,133.56,299,2,,,315,centre,133.56,ok,0,0,0,2,1,2,1,10,150
58322,game,3,,,42,1,,133.56,299,2,89.23,,315,centre,133.56,ok,0,0,0,2,1,2,1,10,150
58322,game,3,,,42,1,,133.56,299,2,,,315,centre,133.56,ok,0,0,0,2,1,2,1,10,150
58346,game,3,,,42,1,,133.56,299,2,,,315,centre,133.56,ok,0,0,0,2,1,2,1,10,150
58347,game,3,,,42,1,,133.56,299,2,,,315,centre,133.56,ok,0,0,0,2,1,2,1,10,150
58427,game,3,,,42,1,,,299,2,,,315,,,ok,1,0,0,2,,,1,10,150
58427,game,3,,,42,1,,,299,2,,,315,,,ok,1,0,0,2,,,1,10,150
58451,game,3,,,42,1,,,299,2,,,315,,,ok,1,1,0,2,,,1,10,150
58530,game,3,,,42,1,,,299,2,,,315,,,ok,1,2,0,2,,,1,10,150
58530,game,3,,,42,1,,,299,2,,,315,,,ok,1,2,0,2,,,1,10,150
58552,game,3,,,42,1,,,299,2,,,315,,,ok,1,2,0,2,,,1,10,150
58553,game,3,,,42,1,,,299,2,,,315,,,ok,1,3,0,2,,,1,10,150
58629,game,3,,,42,1,,,299,2,,,315,,,ok,1,4,0,2,,,1,10,150
58629,game,3,,,42,1,,,299,2,,,315,,,ok,1,4,0,2,,,1,10,150
58654,game,3,,,42,1,,,299,2,,,315,,,ok,1,4,0,2,,,1,10,150
58683,game,3,,,42,1,143.53,,299,2,,,315,,,ok,1,5,0,2,,,1,10,150
58684,game,3,,,42,1,143.53,,299,2,202.1,,315,,,ok,1,5,0,2,,,1,10,150
58706,game,3,,,42,1,143.53,,299,2,202.1,,315,,,ok,1,5,0,2,,,1,10,150
58780,game,3,,,42,1,,143.53,299,2,,202.1,322,centre,143.53,ok,0,0,0,2,1,2,1,10,150
58781,game,3,,,42,1,,143.53,299,2,,202.1,322,centre,143.53,ok,0,0,0,2,1,2,1,10,150
58791,game,3,,,42,1,,143.53,299,2,,202.1,322,centre,143.53,ok,0,0,0,2,1,2,1,10,150
58871,game,3,,,42,1,140.41,143.53,299,2,,202.1,322,centre,143.53,ok,0,0,0,2,1,2,1,10,150
58872,game,3,,,42,1,140.41,143.53,299,2,,202.1,322,centre,143.53,ok,0,0,0,2,1,2,1,10,150
58883,game,3,,,42,1,140.41,143.53,299,2,,202.1,322,centre,143.53,ok,0,0,0,2,1,2,1,10,150
58890,game,3,,,42,1,140.41,143.53,299,2,,202.1,322,centre,143.53,ok,0,0,0,2,1,2,1,10,150
58953,game,3,,,42,1,140.41,140.41,299,2,,202.1,322,centre,140.41,ok,0,0,0,2,1,2,1,10,150
58954,game,3,,,42,1,140.41,140.41,299,2,,202.1,322,centre,140.41,ok,0,0,0,2,1,2,1,10,150
58964,game,3,,,42,1,133.6,140.41,299,2,,202.1,322,centre,140.41,ok,0,0,0,2,1,2,1,10,150
58964,game,3,,,42,1,133.6,140.41,299,2,,202.1,322,centre,140.41,ok,0,0,0,2,1,2,1,10,150
59043,game,3,,,42,1,133.6,133.6,299,2,,202.1,322,centre,133.6,ok,0,0,0,2,1,2,1,10,150
59047,game,3,,,42,1,,133.6,299,2,,202.1,322,centre,133.6,ok,0,0,0,2,1,2,1,10,150
59058,game,3,,,42,1,,133.6,299,2,,202.1,322,centre,133.6,ok,0,0,0,2,1,2,1,10,150
59146,game,3,,,42,1,,133.6,299,2,,,322,centre,133.6,ok,0,0,1,2,1,2,1,10,150
59147,game,3,,,42,1,,133.6,299,2,,,322,centre,133.6,ok,0,0,1,2,1,2,1,10,150
59165,game,3,,,42,1,,133.6,299,2,,,322,centre,133.6,ok,0,0,1,2,1,2,1,10,150
59244,game,3,,,42,1,,133.6,299,2,,,322,centre,133.6,ok,0,0,1,2,1,2,1,10,150
59245,game,3,,,42,1,,133.6,299,2,,,322,centre,133.6,ok,0,0,1,2,1,2,1,10,150
59258,game,3,,,42,1,,133.6,299,2,,,322,centre,133.6,ok,0,0,1,2,1,2,1,10,150
59259,game,3,,,42,1,,133.6,299,2,,,322,centre,133.6,ok,0,0,1,2,1,2,1,10,150
59346,game,3,,,42,1,,133.6,299,2,,,322,centre,133.6,ok,0,0,1,2,1,2,1,10,150
59347,game,3,,,42,1,,133.6,299,2,,,322,centre,133.6,ok,0,0,1,2,1,2,1,10,150
59450,game,3,,,42,1,,,299,2,,,322,,,ok,1,0,1,2,,,1,10,150
59451,game,3,,,42,1,,,299,2,,,322,,,ok,1,0,1,2,,,1,10,150
59463,game,3,,,42,1,,,299,2,,,322,,,ok,1,0,1,2,,,1,10,150
59464,game,3,,,42,1,,,299,2,,,322,,,ok,1,0,1,2,,,1,10,150
59464,game,3,,,42,1,,,299,2,200.64,,322,,,ok,1,1,1,2,,,1,10,150
59465,game,3,,,42,1,,,299,2,,,322,,,ok,1,1,1,2,,,1,10,150
59551,game,3,,,42,1,,,299,2,,,322,,,ok,1,2,1,2,,,1,10,150
59552,game,3,,,42,1,,,299,2,,,322,,,ok,1,2,1,2,,,1,10,150
59567,game,3,,,42,1,129.26,,299,2,,,322,,,ok,1,3,1,2,,,1,10,150
59672,game,3,,,42,1,129.26,129.26,299,2,,,322,centre,129.26,ok,0,0,1,2,1,2,1,10,150
59673,game,3,,,42,1,129.26,129.26,299,2,,,322,centre,129.26,ok,0,0,1,2,1,2,1,10,150
59688,game,3,,,42,1,129.26,129.26,299,2,,,322,centre,129.26,ok,0,0,1,2,1,2,1,10,150
59688,game,3,,,42,1,,129.26,299,2,,,322,centre,129.26,ok,0,0,1,2,1,2,1,10,150
59689,game,3,,,42,1,,129.26,299,2,,,322,centre,129.26,ok,0,0,1,2,1,2,1,10,150
59760,game,3,,,42,1,,129.26,299,2,246.33,,322,centre,129.26,ok,0,0,1,2,1,2,1,10,150
59761,game,3,,,42,1,,129.26,299,2,246.33,,322,centre,129.26,ok,0,0,1,2,1,2,1,10,150
59768,game,3,,,42,1,,129.26,299,2,246.33,,322,centre,129.26,ok,0,0,1,2,1,2,1,10,150
59859,game,3,126,,42,1,,129.26,299,2,,246.33,329,centre,129.26,ok,0,0,1,2,1,2,1,10,150
59860,game,3,126,,42,1,,129.26,299,2,,246.33,329,centre,129.26,ok,0,0,1,2,1,2,1,10,150
59875,game,3,126,,42,1,,129.26,299,2,,246.33,329,centre,129.26,ok,0,0,1,2,1,2,1,10,150
59876,game,3,126,126,42,1,,129.26,299,2,,246.33,329,centre,129.26,ok,0,0,1,2,1,2,1,10,150
59961,game,3,225.75,126,42,1,,129.26,299,2,,246.33,329,centre,129.26,ok,0,0,1,2,1,2,1,10,150
59963,game,3,225.75,126,43,1,,129.26,299,2,,246.33,329,centre,129.26,ok,0,0,1,2,1,2,1,10,150
59963,game,3,225.75,126,43,1,,129.26,299,2,,246.33,329,centre,129.26,ok,0,0,1,2,1,2,1,10,150
60064,game,3,,225.75,49,1,130.37,,299,2,,246.33,329,left,225.75,ok,1,0,1,2,,,1,10,150
60065,game,3,,225.75,49,1,130.37,,299,2,,246.33,329,left,225.75,ok,1,0,1,2,,,1,10,150
60075,game,3,,225.75,49,1,,,299,2,,246.33,329,left,225.75,ok,1,0,1,2,,,1,10,150
60082,game,3,,225.75,49,1,,,299,2,,246.33,329,left,225.75,ok,1,1,1,2,,,1,10,150
60082,game,3,,225.75,49,1,,,299,2,,246.33,329,left,225.75,ok,1,1,1,2,,,1,10,150
60167,game,3,122.35,225.75,49,1,,,299,2,,246.33,329,left,225.75,ok,1,2,1,2,,,1,10,150
60168,game,3,122.35,225.75,49,1,,,299,2,,246.33,329,left,225.75,ok,1,2,1,2,,,1,10,150
60178,game,3,122.35,225.75,49,1,,,299,2,,246.33,329,left,225.75,ok,1,2,1,2,,,1,10,150