t,screen,left_node,left_raw_cm,left_filtered_cm,left_rejected,centre_node,centre_raw_cm,centre_filtered_cm,centre_rejected,right_node,right_raw_cm,right_filtered_cm,right_rejected,active_sensor,active_cm,status,held,bad_readings,grid_x,grid_y,raw_grid_x,raw_grid_y,calibrated,alert_cm,max_cm
64,game,3,,,0,1,30.63,31.47,0,2,,,0,centre,31.47,ok,0,0,1,0,1,0,1,10,150
64,game,3,,,0,1,30.63,31.47,0,2,,,0,centre,31.47,ok,0,0,1,0,1,0,1,10,150
78,game,3,,,0,1,30.63,31.47,0,2,,,0,centre,31.47,ok,0,0,1,0,1,0,1,10,150
79,game,3,,,0,1,30.63,31.47,0,2,,,0,centre,31.47,ok,0,0,1,0,1,0,1,10,150
79,game,3,,,0,1,30.63,31.47,0,2,,,0,centre,31.47,ok,0,0,1,0,1,0,1,10,150
98,game,3,,,0,1,30.63,31.47,0,2,,,0,centre,31.47,ok,0,0,1,0,1,0,1,10,150
166,game,3,,,0,1,30.2,30.63,0,2,,,0,centre,30.63,ok,0,0,1,0,1,0,1,10,150
167,game,3,,,0,1,30.2,30.63,0,2,,,0,centre,30.63,ok,0,0,1,0,1,0,1,10,150
179,game,3,,,0,1,30.2,30.63,0,2,,,0,centre,30.63,ok,0,0,1,0,1,0,1,10,150
179,game,3,,,0,1,30.2,30.63,0,2,,,0,centre,30.63,ok,0,0,1,0,1,0,1,10,150
268,game,3,,,0,1,30.17,30.2,0,2,,,0,centre,30.2,ok,0,0,1,0,1,0,1,10,150
268,game,3,,,0,1,30.17,30.2,0,2,,,0,centre,30.2,ok,0,0,1,0,1,0,1,10,150
282,game,3,,,0,1,30.17,30.2,0,2,,,0,centre,30.2,ok,0,0,1,0,1,0,1,10,150
283,game,3,,,0,1,30.17,30.2,0,2,,,0,centre,30.2,ok,0,0,1,0,1,0,1,10,150
297,game,3,,,0,1,30.17,30.2,0,2,50.8,,0,centre,30.2,ok,0,0,1,0,1,0,1,10,150
297,game,3,,,0,1,30.17,30.2,0,2,50.8,,0,centre,30.2,ok,0,0,1,0,1,0,1,10,150
372,game,3,,,0,1,30.17,30.17,0,2,,50.8,0,centre,30.17,ok,0,0,1,0,1,0,1,10,150
372,game,3,,,0,1,30.17,30.17,0,2,,50.8,0,centre,30.17,ok,0,0,1,0,1,0,1,10,150
383,game,3,,,0,1,30.54,30.17,0,2,,50.8,0,centre,30.17,ok,0,0,1,0,1,0,1,10,150
384,game,3,,,0,1,30.54,30.17,0,2,,50.8,0,centre,30.17,ok,0,0,1,0,1,0,1,10,150
476,game,3,,,0,1,30.54,30.54,0,2,,50.8,0,centre,30.54,ok,0,0,1,0,1,0,1,10,150
577,game,3,,,0,1,30.54,30.54,0,2,,50.8,0,centre,30.54,ok,0,0,1,0,1,0,1,10,150
580,game,3,,,0,1,30.54,30.54,0,2,,50.8,0,centre,30.54,ok,0,0,1,0,1,0,1,10,150
580,game,3,,,0,1,30.54,30.54,0,2,,50.8,0,centre,30.54,ok,0,0,1,0,1,0,1,10,150
594,game,3,,,0,1,30.54,30.54,0,2,,50.8,0,centre,30.54,ok,0,0,1,0,1,0,1,10,150
595,game,3,,,0,1,30.54,30.54,0,2,86.4,50.8,0,centre,30.54,ok,0,0,1,0,1,0,1,10,150
596,game,3,194.57,,0,1,30.54,30.54,0,2,86.4,50.8,0,centre,30.54,ok,0,0,1,0,1,0,1,10,150
604,game,3,194.57,194.57,0,1,30.96,30.54,0,2,86.4,50.8,2,centre,30.54,ok,0,0,1,0,1,0,1,10,150
605,game,3,194.57,194.57,0,1,30.96,30.54,0,2,86.4,50.8,2,centre,30.54,ok,0,0,1,0,1,0,1,10,150
687,game,3,,194.57,0,1,30.13,30.96,0,2,86.4,86.4,7,centre,30.96,ok,0,0,1,0,1,0,1,10,150
688,game,3,,194.57,0,1,30.13,30.96,0,2,86.4,86.4,7,centre,30.96,ok,0,0,1,0,1,0,1,10,150
706,game,3,,194.57,0,1,30.13,30.96,0,2,86.4,86.4,7,centre,30.96,ok,0,0,1,0,1,0,1,10,150
780,game,3,,194.57,0,1,30.13,30.13,0,2,,86.4,7,centre,30.13,ok,0,0,1,0,1,0,1,10,150
781,game,3,,194.57,0,1,30.13,30.13,0,2,,86.4,7,centre,30.13,ok,0,0,1,0,1,0,1,10,150
799,game,3,,194.57,0,1,31.4,30.13,0,2,,86.4,7,centre,30.13,ok,0,0,1,0,1,0,1,10,150
800,game,3,,194.57,0,1,31.4,30.13,0,2,,86.4,7,centre,30.13,ok,0,0,1,0,1,0,1,10,150
902,game,3,,194.57,0,1,31.4,31.4,0,2,,86.4,7,centre,31.4,ok,0,0,1,0,1,0,1,10,150
902,game,3,,194.57,0,1,31.4,31.4,0,2,,86.4,7,centre,31.4,ok,0,0,1,0,1,0,1,10,150
919,game,3,,194.57,0,1,31.4,31.4,0,2,,86.4,7,centre,31.4,ok,0,0,1,0,1,0,1,10,150
920,game,3,,194.57,0,1,41.64,31.4,0,2,,86.4,7,centre,31.4,ok,0,0,1,0,1,0,1,10,150
920,game,3,,194.57,0,1,41.64,31.4,0,2,,86.4,7,centre,31.4,ok,0,0,1,0,1,0,1,10,150
1005,game,3,,194.57,0,1,183.04,41.64,0,2,,86.4,7,centre,41.64,ok,0,0,1,0,1,0,1,10,150
1006,game,3,,194.57,0,1,183.04,41.64,0,2,,86.4,7,centre,41.64,ok,0,0,1,0,1,0,1,10,150
1017,game,3,,194.57,0,1,183.04,41.64,1,2,,86.4,7,centre,41.64,ok,0,0,1,0,1,0,1,10,150
1017,game,3,,194.57,0,1,183.04,41.64,2,2,,86.4,7,centre,41.64,ok,0,0,1,0,1,0,1,10,150
1025,game,3,,194.57,0,1,183.04,41.64,4,2,,86.4,7,centre,41.64,ok,0,0,1,0,1,0,1,10,150
1026,game,3,,194.57,0,1,183.04,41.64,4,2,,86.4,7,centre,41.64,ok,0,0,1,0,1,0,1,10,150
1093,game,3,,,0,1,183.04,183.04,7,2,,86.4,7,right,86.4,ok,0,0,1,0,2,1,1,10,150
1098,game,3,,,0,1,,183.04,7,2,,86.4,7,right,86.4,ok,0,0,1,0,2,1,1,10,150
1100,game,3,,,0,1,,183.04,7,2,,86.4,7,right,86.4,ok,0,0,1,0,2,1,1,10,150
1195,game,3,,,0,1,,183.04,7,2,,,7,centre,183.04,ok,1,0,1,0,,,1,10,150
1200,game,3,,,0,1,,183.04,7,2,,,7,centre,183.04,ok,1,1,1,0,,,1,10,150
1296,game,3,,,0,1,,183.04,7,2,66.85,,7,centre,183.04,ok,1,2,1,0,,,1,10,150
1297,game,3,,,0,1,,183.04,7,2,66.85,,7,centre,183.04,ok,1,2,1,0,,,1,10,150
1306,game,3,,,0,1,,183.04,7,2,66.85,,7,centre,183.04,ok,1,2,1,0,,,1,10,150
1316,game,3,,,0,1,60.09,183.04,7,2,66.85,66.85,7,right,66.85,ok,0,0,1,0,2,1,1,10,150
1399,game,3,,,0,1,,60.09,14,2,,66.85,7,right,66.85,ok,0,0,1,0,2,1,1,10,150
1401,game,3,,,0,1,,60.09,14,2,,66.85,7,right,66.85,ok,0,0,1,0,2,1,1,10,150
1402,game,3,,,0,1,,60.09,14,2,,66.85,7,right,66.85,ok,0,0,1,0,2,1,1,10,150
1418,game,3,,,0,1,,60.09,14,2,,66.85,7,right,66.85,ok,0,0,1,0,2,1,1,10,150
1419,game,3,,,0,1,,60.09,14,2,,66.85,7,right,66.85,ok,0,0,1,0,2,1,1,10,150
1500,game,3,,,0,1,,60.09,14,2,,66.85,7,right,66.85,ok,0,0,1,0,2,1,1,10,150
1500,game,3,,,0,1,,60.09,14,2,,66.85,7,right,66.85,ok,0,0,1,0,2,1,1,10,150
1602,game,3,,,0,1,,60.09,14,2,,66.85,7,right,66.85,ok,0,0,1,0,2,1,1,10,150
1605,game,3,,,0,1,,60.09,14,2,,66.85,7,right,66.85,ok,0,0,1,0,2,1,1,10,150
1605,game,3,,,0,1,,60.09,14,2,,66.85,7,right,66.85,ok,0,0,1,0,2,1,1,10,150
1622,game,3,,,0,1,,60.09,14,2,,66.85,7,right,66.85,ok,0,0,1,0,2,1,1,10,150
1623,game,3,,,0,1,,60.09,14,2,,66.85,7,right,66.85,ok,0,0,1,0,2,1,1,10,150
1702,game,3,,,0,1,,60.09,14,2,,66.85,7,right,66.85,ok,0,0,1,0,2,1,1,10,150
1708,game,3,,,0,1,77.16,60.09,14,2,,66.85,7,right,66.85,ok,0,0,1,0,2,1,1,10,150
1709,game,3,,,0,1,77.16,60.09,14,2,,66.85,7,right,66.85,ok,0,0,1,0,2,1,1,10,150
1809,game,3,,,0,1,79.88,77.16,14,2,,,7,centre,77.16,ok,0,0,2,1,1,1,1,10,150
1810,game,3,,,0,1,79.88,77.16,14,2,,,7,centre,77.16,ok,0,0,2,1,1,1,1,10,150
1823,game,3,,,0,1,79.88,77.16,14,2,,,7,centre,77.16,ok,0,0,2,1,1,1,1,10,150
1829,game,3,,,0,1,79.88,77.16,14,2,,,7,centre,77.16,ok,0,0,2,1,1,1,1,10,150
1830,game,3,,,0,1,79.88,77.16,14,2,,,7,centre,77.16,ok,0,0,2,1,1,1,1,10,150
1830,game,3,,,0,1,79.88,77.16,14,2,,,7,centre,77.16,ok,0,0,2,1,1,1,1,10,150
1908,game,3,,,0,1,,79.88,14,2,,,7,centre,79.88,ok,0,0,2,1,1,1,1,10,150
1909,game,3,,,0,1,,79.88,14,2,,,7,centre,79.88,ok,0,0,2,1,1,1,1,10,150
1921,game,3,,,0,1,,79.88,14,2,,,7,centre,79.88,ok,0,0,2,1,1,1,1,10,150
2017,game,3,,,0,1,,79.88,14,2,,,7,centre,79.88,ok,0,0,2,1,1,1,1,10,150
2018,game,3,,,0,1,,79.88,14,2,,,7,centre,79.88,ok,0,0,2,1,1,1,1,10,150
2027,game,3,,,0,1,,79.88,14,2,,,7,centre,79.88,ok,0,0,2,1,1,1,1,10,150
2036,game,3,,,0,1,82.27,79.88,14,2,,,7,centre,79.88,ok,0,0,2,1,1,1,1,10,150
2113,game,3,,,0,1,82.27,82.27,14,2,56.7,,7,centre,82.27,ok,0,0,2,1,1,1,1,10,150
2114,game,3,,,0,1,82.27,82.27,14,2,,,7,centre,82.27,ok,0,0,2,1,1,1,1,10,150
2124,game,3,,,0,1,82.27,82.27,14,2,,,7,centre,82.27,ok,0,0,2,1,1,1,1,10,150
2129,game,3,,,0,1,108.56,82.27,14,2,,,7,centre,82.27,ok,0,0,2,1,1,1,1,10,150
2129,game,3,,,0,1,108.56,82.27,14,2,,,7,centre,82.27,ok,0,0,2,1,1,1,1,10,150
2214,game,3,157.54,,0,1,108.56,108.56,21,2,,,7,centre,108.56,ok,0,0,2,1,1,2,1,10,150
2221,game,3,157.54,157.54,0,1,,108.56,21,2,,,7,centre,108.56,ok,0,0,2,1,1,2,1,10,150
2231,game,3,157.54,157.54,0,1,,108.56,21,2,,,7,centre,108.56,ok,0,0,2,1,1,2,1,10,150
2317,game,3,,157.54,0,1,,108.56,21,2,,,7,centre,108.56,ok,0,0,2,1,1,2,1,10,150
2318,game,3,,157.54,0,1,,108.56,21,2,,,7,centre,108.56,ok,0,0,2,1,1,2,1,10,150
2331,game,3,,157.54,0,1,,108.56,21,2,,,7,centre,108.56,ok,0,0,2,1,1,2,1,10,150
2335,game,3,,157.54,0,1,86.47,108.56,21,2,,,7,centre,108.56,ok,0,0,2,1,1,2,1,10,150
2337,game,3,,157.54,0,1,86.47,108.56,21,2,,,7,centre,108.56,ok,0,0,2,1,1,2,1,10,150
2421,game,3,,157.54,0,1,,86.47,21,2,,,7,centre,86.47,ok,0,0,2,1,1,1,1,10,150
2421,game,3,,157.54,0,1,,86.47,21,2,,,7,centre,86.47,ok,0,0,2,1,1,1,1,10,150
2520,game,3,,157.54,0,1,,86.47,21,2,185.48,,7,centre,86.47,ok,0,0,2,1,1,1,1,10,150
2520,game,3,,157.54,0,1,,86.47,21,2,,,7,centre,86.47,ok,0,0,2,1,1,1,1,10,150
2530,game,3,,157.54,0,1,,86.47,21,2,,,7,centre,86.47,ok,0,0,2,1,1,1,1,10,150
2550,game,3,,157.54,0,1,,86.47,21,2,,,7,centre,86.47,ok,0,0,2,1,1,1,1,10,150
2551,game,3,,157.54,0,1,,86.47,21,2,,,7,centre,86.47,ok,0,0,2,1,1,1,1,10,150
2623,game,3,,157.54,0,1,,86.47,21,2,,,7,centre,86.47,ok,0,0,2,1,1,1,1,10,150
2624,game,3,,157.54,0,1,,86.47,21,2,,,7,centre,86.47,ok,0,0,2,1,1,1,1,10,150
2641,game,3,,157.54,0,1,,86.47,21,2,,,7,centre,86.47,ok,0,0,2,1,1,1,1,10,150
2641,game,3,,157.54,0,1,,86.47,21,2,,,7,centre,86.47,ok,0,0,2,1,1,1,1,10,150
2678,game,3,,,0,1,,86.47,21,2,,,7,centre,86.47,ok,0,0,1,1,1,1,1,10,150
2679,game,3,,,0,1,,86.47,21,2,,,7,centre,86.47,ok,0,0,1,1,1,1,1,10,150
2828,game,3,,,0,1,80.79,,21,2,,,7,,,ok,1,0,1,1,,,1,10,150
2829,game,3,,,0,1,82.47,80.79,21,2,,,7,centre,80.79,ok,0,0,1,1,1,1,1,10,150
2830,game,3,,,0,1,82.47,80.79,21,2,,,7,centre,80.79,ok,0,0,1,1,1,1,1,10,150
2854,game,3,,,0,1,82.47,80.79,21,2,,,7,centre,80.79,ok,0,0,1,1,1,1,1,10,150
2854,game,3,,,0,1,82.47,80.79,21,2,,,7,centre,80.79,ok,0,0,1,1,1,1,1,10,150
2869,game,3,,,0,1,82.47,80.79,21,2,,,7,centre,80.79,ok,0,0,1,1,1,1,1,10,150
2930,game,3,,,0,1,82.47,82.47,21,2,251.59,,7,centre,82.47,ok,0,0,1,1,1,1,1,10,150
2930,game,3,,,0,1,82.47,82.47,21,2,,,7,centre,82.47,ok,0,0,1,1,1,1,1,10,150
2945,game,3,,,0,1,85,82.47,21,2,,,7,centre,82.47,ok,0,0,1,1,1,1,1,10,150
3033,game,3,,,0,1,85,85,21,2,,,7,centre,85,ok,0,0,1,1,1,1,1,10,150
3034,game,3,,,0,1,85,85,21,2,,,7,centre,85,ok,0,0,1,1,1,1,1,10,150
3046,game,3,,,0,1,85,85,21,2,,,7,centre,85,ok,0,0,1,1,1,1,1,10,150
3046,game,3,,,0,1,,85,21,2,,,7,centre,85,ok,0,0,1,1,1,1,1,10,150
3148,game,3,,,0,1,81.89,85,21,2,,,7,centre,85,ok,0,0,1,1,1,1,1,10,150
3148,game,3,,,0,1,81.89,85,21,2,,,7,centre,85,ok,0,0,1,1,1,1,1,10,150
3158,game,3,,,0,1,81.89,85,21,2,,,7,centre,85,ok,0,0,1,1,1,1,1,10,150
3170,game,3,,,0,1,81.89,85,21,2,,,7,centre,85,ok,0,0,1,1,1,1,1,10,150
3251,game,3,,,0,1,81.48,81.89,21,2,,,7,centre,81.89,ok,0,0,1,1,1,1,1,10,150
3252,game,3,,,0,1,81.48,81.89,21,2,,,7,centre,81.89,ok,0,0,1,1,1,1,1,10,150
3271,game,3,,,0,1,81.48,81.89,21,2,,,7,centre,81.89,ok,0,0,1,1,1,1,1,10,150
3283,game,3,,,0,1,81.48,81.89,21,2,,,7,centre,81.89,ok,0,0,1,1,1,1,1,10,150
3301,game,3,,,0,1,81.48,81.89,21,2,,,7,centre,81.89,ok,0,0,1,1,1,1,1,10,150
3302,game,3,,,0,1,81.48,81.89,21,2,,,7,centre,81.89,ok,0,0,1,1,1,1,1,10,150
3343,game,3,,,0,1,81.48,81.48,21,2,,,7,centre,81.48,ok,0,0,1,1,1,1,1,10,150
3343,game,3,,,0,1,81.48,81.48,21,2,,,7,centre,81.48,ok,0,0,1,1,1,1,1,10,150
3364,game,3,,,0,1,81.48,81.48,21,2,,,7,centre,81.48,ok,0,0,1,1,1,1,1,10,150
3443,game,3,,,0,1,81.48,81.48,21,2,,,7,centre,81.48,ok,0,0,1,1,1,1,1,10,150
3443,game,3,,,0,1,81.05,81.48,21,2,,,7,centre,81.48,ok,0,0,1,1,1,1,1,10,150
3454,game,3,,,0,1,81.05,81.48,21,2,,,7,centre,81.48,ok,0,0,1,1,1,1,1,10,150
3468,game,3,,,0,1,81.05,81.48,21,2,,,7,centre,81.48,ok,0,0,1,1,1,1,1,10,150
3546,game,3,,,0,1,81.05,81.05,21,2,,,7,centre,81.05,ok,0,0,1,1,1,1,1,10,150
3551,game,3,,,0,1,81.05,81.05,21,2,,,7,centre,81.05,ok,0,0,1,1,1,1,1,10,150
3556,game,3,,,0,1,81.45,81.05,21,2,,,7,centre,81.05,ok,0,0,1,1,1,1,1,10,150
3556,game,3,,,0,1,81.45,81.05,21,2,,,7,centre,81.05,ok,0,0,1,1,1,1,1,10,150
3578,game,3,163.05,,0,1,81.45,81.05,21,2,,,7,centre,81.05,ok,0,0,1,1,1,1,1,10,150
3649,game,3,,163.05,0,1,81.05,81.45,21,2,181.74,,7,centre,81.45,ok,0,0,1,1,1,1,1,10,150
3650,game,3,,163.05,0,1,81.05,81.45,21,2,,,8,centre,81.45,ok,0,0,1,1,1,1,1,10,150
3651,game,3,,163.05,0,1,81.05,81.45,21,2,,,8,centre,81.45,ok,0,0,1,1,1,1,1,10,150
3676,game,3,,163.05,0,1,81.05,81.45,21,2,,,8,centre,81.45,ok,0,0,1,1,1,1,1,10,150
3676,game,3,,163.05,0,1,81.05,81.45,21,2,,,8,centre,81.45,ok,0,0,1,1,1,1,1,10,150
3751,game,3,,163.05,0,1,81.05,81.05,21,2,,,8,centre,81.05,ok,0,0,1,1,1,1,1,10,150
3755,game,3,,163.05,0,1,81.05,81.05,21,2,,,8,centre,81.05,ok,0,0,1,1,1,1,1,10,150
3855,game,3,,163.05,0,1,81.03,81.05,21,2,,,8,centre,81.05,ok,0,0,1,1,1,1,1,10,150
3856,game,3,,163.05,0,1,81.46,81.05,21,2,,,8,centre,81.05,ok,0,0,1,1,1,1,1,10,150
3870,game,3,,163.05,0,1,81.46,81.05,21,2,,,8,centre,81.05,ok,0,0,1,1,1,1,1,10,150
3871,game,3,,163.05,0,1,81.46,81.05,21,2,,,8,centre,81.05,ok,0,0,1,1,1,1,1,10,150
3871,game,3,,163.05,0,1,81.46,81.05,21,2,,,8,centre,81.05,ok,0,0,1,1,1,1,1,10,150
3960,game,3,,163.05,0,1,81.09,81.46,21,2,,,8,centre,81.46,ok,0,0,1,1,1,1,1,10,150
3962,game,3,,163.05,0,1,81.09,81.46,21,2,,,8,centre,81.46,ok,0,0,1,1,1,1,1,10,150
3962,game,3,,163.05,0,1,81.09,81.46,21,2,,,8,centre,81.46,ok,0,0,1,1,1,1,1,10,150
3977,game,3,,163.05,0,1,81.09,81.46,21,2,,,8,centre,81.46,ok,0,0,1,1,1,1,1,10,150
4062,game,3,,,0,1,81.07,81.09,21,2,,,8,centre,81.09,ok,0,0,1,1,1,1,1,10,150
4062,game,3,,,0,1,81.07,81.09,21,2,,,8,centre,81.09,ok,0,0,1,1,1,1,1,10,150
4075,game,3,,,0,1,81.07,81.09,21,2,,,8,centre,81.09,ok,0,0,1,1,1,1,1,10,150
4076,game,3,,,0,1,81.07,81.09,21,2,,,8,centre,81.09,ok,0,0,1,1,1,1,1,10,150
4092,game,3,,,0,1,81.07,81.09,21,2,,,8,centre,81.09,ok,0,0,1,1,1,1,1,10,150
4159,game,3,,,0,1,81.03,81.07,21,2,,,8,centre,81.07,ok,0,0,1,1,1,1,1,10,150
4159,game,3,,,0,1,81.03,81.07,21,2,,,8,centre,81.07,ok,0,0,1,1,1,1,1,10,150
4262,game,3,,,0,1,81.03,81.03,21,2,,,8,centre,81.03,ok,0,0,1,1,1,1,1,10,150
4263,game,3,,,0,1,81.03,81.03,21,2,,,8,centre,81.03,ok,0,0,1,1,1,1,1,10,150
4281,game,3,,,0,1,81.03,81.03,21,2,,,8,centre,81.03,ok,0,0,1,1,1,1,1,10,150
4282,game,3,,,0,1,81.03,81.03,21,2,,,8,centre,81.03,ok,0,0,1,1,1,1,1,10,150
4283,game,3,,,0,1,81.05,81.03,21,2,,,8,centre,81.03,ok,0,0,1,1,1,1,1,10,150
4364,game,3,,,0,1,81.07,81.05,21,2,,,8,centre,81.05,ok,0,0,1,1,1,1,1,10,150
4365,game,3,,,0,1,81.07,81.05,21,2,,,8,centre,81.05,ok,0,0,1,1,1,1,1,10,150
4376,game,3,,,0,1,81.07,81.05,21,2,,,8,centre,81.05,ok,0,0,1,1,1,1,1,10,150
4377,game,3,,,0,1,81.07,81.05,21,2,,,8,centre,81.05,ok,0,0,1,1,1,1,1,10,150
4468,game,3,,,0,1,80.66,81.07,21,2,,,8,centre,81.07,ok,0,0,1,1,1,1,1,10,150
4469,game,3,,,0,1,80.66,81.07,21,2,,,8,centre,81.07,ok,0,0,1,1,1,1,1,10,150
4484,game,3,,,0,1,80.66,81.07,21,2,,,8,centre,81.07,ok,0,0,1,1,1,1,1,10,150
4484,game,3,,,0,1,80.66,81.07,21,2,,,8,centre,81.07,ok,0,0,1,1,1,1,1,10,150
4494,game,3,,,0,1,80.66,81.07,21,2,,,8,centre,81.07,ok,0,0,1,1,1,1,1,10,150
4569,game,3,,,0,1,80.67,80.66,21,2,,,8,centre,80.66,ok,0,0,1,1,1,1,1,10,150
4569,game,3,,,0,1,80.67,80.66,21,2,,,8,centre,80.66,ok,0,0,1,1,1,1,1,10,150
4585,game,3,,,0,1,80.67,80.66,21,2,,,8,centre,80.66,ok,0,0,1,1,1,1,1,10,150
4586,game,3,,,0,1,80.67,80.66,21,2,,,8,centre,80.66,ok,0,0,1,1,1,1,1,10,150
4587,game,3,,,0,1,80.67,80.66,21,2,,,8,centre,80.66,ok,0,0,1,1,1,1,1,10,150
4672,game,3,,,0,1,80.66,80.67,21,2,,,8,centre,80.67,ok,0,0,1,1,1,1,1,10,150
4673,game,3,,,0,1,80.66,80.67,21,2,,,8,centre,80.67,ok,0,0,1,1,1,1,1,10,150
4776,game,3,,,0,1,80.67,80.66,21,2,,,8,centre,80.66,ok,0,0,1,1,1,1,1,10,150
4777,game,3,,,0,1,80.67,80.66,21,2,,,8,centre,80.66,ok,0,0,1,1,1,1,1,10,150
4791,game,3,,,0,1,80.67,80.66,21,2,,,8,centre,80.66,ok,0,0,1,1,1,1,1,10,150
4799,game,3,,,0,1,80.67,80.66,21,2,,,8,centre,80.66,ok,0,0,1,1,1,1,1,10,150
4800,game,3,,,0,1,80.67,80.66,21,2,,,8,centre,80.66,ok,0,0,1,1,1,1,1,10,150
4809,game,3,,,0,1,80.67,80.66,21,2,,,8,centre,80.66,ok,0,0,1,1,1,1,1,10,150
4876,game,3,,,0,1,80.67,80.67,21,2,,,8,centre,80.67,ok,0,0,1,1,1,1,1,10,150
4876,game,3,,,0,1,80.67,80.67,21,2,,,8,centre,80.67,ok,0,0,1,1,1,1,1,10,150
4981,game,3,,,0,1,81.1,80.67,21,2,,,8,centre,80.67,ok,0,0,1,1,1,1,1,10,150
4983,game,3,,,0,1,81.1,80.67,21,2,,,8,centre,80.67,ok,0,0,1,1,1,1,1,10,150
4984,game,3,,,0,1,81.1,80.67,21,2,,,8,centre,80.67,ok,0,0,1,1,1,1,1,10,150
5000,game,3,,,0,1,81.1,80.67,21,2,,,8,centre,80.67,ok,0,0,1,1,1,1,1,10,150
5009,game,3,,,0,1,81.1,80.67,21,2,,,8,centre,80.67,ok,0,0,1,1,1,1,1,10,150
5009,game,3,,,0,1,81.1,80.67,21,2,,,8,centre,80.67,ok,0,0,1,1,1,1,1,10,150
5082,game,3,,,0,1,80.69,81.1,21,2,,,8,centre,81.1,ok,0,0,1,1,1,1,1,10,150
5084,game,3,,,0,1,80.69,81.1,21,2,,,8,centre,81.1,ok,0,0,1,1,1,1,1,10,150
5085,game,3,,,0,1,80.69,81.1,21,2,,,8,centre,81.1,ok,0,0,1,1,1,1,1,10,150
5098,game,3,,,0,1,80.69,81.1,21,2,,,8,centre,81.1,ok,0,0,1,1,1,1,1,10,150
5188,game,3,,,0,1,80.69,80.69,21,2,,,8,centre,80.69,ok,0,0,1,1,1,1,1,10,150
5189,game,3,,,0,1,80.69,80.69,21,2,,,8,centre,80.69,ok,0,0,1,1,1,1,1,10,150
5199,game,3,,,0,1,80.69,80.69,21,2,,,8,centre,80.69,ok,0,0,1,1,1,1,1,10,150
5201,game,3,,,0,1,80.69,80.69,21,2,,,8,centre,80.69,ok,0,0,1,1,1,1,1,10,150
5201,game,3,,,0,1,80.69,80.69,21,2,,,8,centre,80.69,ok,0,0,1,1,1,1,1,10,150
5285,game,3,,,0,1,80.69,80.69,21,2,,,8,centre,80.69,ok,0,0,1,1,1,1,1,10,150
5292,game,3,,,0,1,80.71,80.69,21,2,,,8,centre,80.69,ok,0,0,1,1,1,1,1,10,150
5389,game,3,,,0,1,80.71,80.71,21,2,,,8,centre,80.71,ok,0,0,1,1,1,1,1,10,150
5390,game,3,,,0,1,80.71,80.71,21,2,,,8,centre,80.71,ok,0,0,1,1,1,1,1,10,150
5405,game,3,,,0,1,80.71,80.71,21,2,,,8,centre,80.71,ok,0,0,1,1,1,1,1,10,150
5406,game,3,,,0,1,80.71,80.71,21,2,,,8,centre,80.71,ok,0,0,1,1,1,1,1,10,150
5406,game,3,,,0,1,80.71,80.71,21,2,,,8,centre,80.71,ok,0,0,1,1,1,1,1,10,150
5423,game,3,,,0,1,80.71,80.71,21,2,,,8,centre,80.71,ok,0,0,1,1,1,1,1,10,150
5491,game,3,,,0,1,80.73,80.71,21,2,221.85,,8,centre,80.71,ok,0,0,1,1,1,1,1,10,150
5492,game,3,,,0,1,80.73,80.71,21,2,221.85,,8,centre,80.71,ok,0,0,1,1,1,1,1,10,150
5504,game,3,,,0,1,80.73,80.71,21,2,221.85,,8,centre,80.71,ok,0,0,1,1,1,1,1,10,150
5608,game,3,,,0,1,80.73,80.73,21,2,221.85,221.85,8,centre,80.73,ok,0,0,1,1,1,1,1,10,150
5609,game,3,,,0,1,80.73,80.73,21,2,221.85,221.85,8,centre,80.73,ok,0,0,1,1,1,1,1,10,150
5622,game,3,,,0,1,80.73,80.73,21,2,221.85,221.85,8,centre,80.73,ok,0,0,1,1,1,1,1,10,150
5623,game,3,,,0,1,80.73,80.73,21,2,221.85,221.85,8,centre,80.73,ok,0,0,1,1,1,1,1,10,150
5623,game,3,,,0,1,80.73,80.73,21,2,,221.85,8,centre,80.73,ok,0,0,1,1,1,1,1,10,150
5637,game,3,,,0,1,80.73,80.73,21,2,,221.85,8,centre,80.73,ok,0,0,1,1,1,1,1,10,150
5701,game,3,,,0,1,80.73,80.73,21,2,,221.85,8,centre,80.73,ok,0,0,1,1,1,1,1,10,150
5702,game,3,,,0,1,80.73,80.73,21,2,,221.85,8,centre,80.73,ok,0,0,1,1,1,1,1,10,150
5715,game,3,,,0,1,80.73,80.73,21,2,,221.85,8,centre,80.73,ok,0,0,1,1,1,1,1,10,150
5802,game,3,,,0,1,80.73,80.73,21,2,,221.85,8,centre,80.73,ok,0,0,1,1,1,1,1,10,150
5804,game,3,,,0,1,80.73,80.73,21,2,,221.85,8,centre,80.73,ok,0,0,1,1,1,1,1,10,150
5817,game,3,,,0,1,80.73,80.73,21,2,,221.85,8,centre,80.73,ok,0,0,1,1,1,1,1,10,150
5825,game,3,,,0,1,80.73,80.73,21,2,46.97,221.85,8,centre,80.73,ok,0,0,1,1,1,1,1,10,150
5826,game,3,,,0,1,80.71,80.73,21,2,46.97,221.85,8,centre,80.73,ok,0,0,1,1,1,1,1,10,150
5836,game,3,,,0,1,80.71,80.73,21,2,46.97,221.85,8,centre,80.73,ok,0,0,1,1,1,1,1,10,150
5902,game,3,,,0,1,80.71,80.71,21,2,46.97,46.97,15,right,46.97,ok,0,0,1,1,2,0,1,10,150
6005,game,3,,,0,1,81.1,80.71,21,2,46.97,46.97,15,right,46.97,ok,0,0,1,1,2,0,1,10,150
6006,game,3,,,0,1,81.1,80.71,21,2,46.97,46.97,15,right,46.97,ok,0,0,1,1,2,0,1,10,150
6020,game,3,,,0,1,81.1,80.71,21,2,46.97,46.97,15,right,46.97,ok,0,0,1,1,2,0,1,10,150
6021,game,3,,,0,1,81.1,80.71,21,2,46.97,46.97,15,right,46.97,ok,0,0,1,1,2,0,1,10,150
6034,game,3,,,0,1,81.1,80.71,21,2,,46.97,15,right,46.97,ok,0,0,1,1,2,0,1,10,150
6035,game,3,,,0,1,81.1,80.71,21,2,,46.97,15,right,46.97,ok,0,0,1,1,2,0,1,10,150
6102,game,3,,,0,1,81.1,81.1,21,2,65.14,46.97,15,right,46.97,ok,0,0,1,1,2,0,1,10,150
6107,game,3,,,0,1,81.1,81.1,21,2,167.59,46.97,15,right,46.97,ok,0,0,1,1,2,0,1,10,150
6113,game,3,,,0,1,81.09,81.1,21,2,167.59,46.97,17,right,46.97,ok,0,0,1,1,2,0,1,10,150
6120,game,3,,,0,1,81.09,81.1,21,2,167.59,46.97,17,right,46.97,ok,0,0,1,1,2,0,1,10,150
6209,game,3,,,0,1,81.09,81.09,21,2,167.59,167.59,22,centre,81.09,ok,0,0,1,1,1,1,1,10,150
6209,game,3,,,0,1,81.09,81.09,21,2,167.59,167.59,22,centre,81.09,ok,0,0,1,1,1,1,1,10,150
6221,game,3,,,0,1,81.09,81.09,21,2,167.59,167.59,22,centre,81.09,ok,0,0,1,1,1,1,1,10,150
6222,game,3,,,0,1,81.09,81.09,21,2,167.59,167.59,22,centre,81.09,ok,0,0,1,1,1,1,1,10,150
6310,game,3,,,0,1,81.09,81.09,21,2,,167.59,22,centre,81.09,ok,0,0,1,1,1,1,1,10,150
6311,game,3,,,0,1,81.09,81.09,21,2,,167.59,22,centre,81.09,ok,0,0,1,1,1,1,1,10,150
6321,game,3,,,0,1,81.09,81.09,21,2,,167.59,22,centre,81.09,ok,0,0,1,1,1,1,1,10,150
6322,game,3,,,0,1,81.09,81.09,21,2,,167.59,22,centre,81.09,ok,0,0,1,1,1,1,1,10,150
6414,game,3,,,0,1,81.07,81.09,21,2,,167.59,22,centre,81.09,ok,0,0,1,1,1,1,1,10,150
6416,game,3,,,0,1,81.07,81.09,21,2,,167.59,22,centre,81.09,ok,0,0,1,1,1,1,1,10,150
6416,game,3,,,0,1,81.07,81.09,21,2,,167.59,22,centre,81.09,ok,0,0,1,1,1,1,1,10,150
6435,game,3,,,0,1,81.07,81.09,21,2,,167.59,22,centre,81.09,ok,0,0,1,1,1,1,1,10,150
6437,game,3,,,0,1,81.07,81.09,21,2,,167.59,22,centre,81.09,ok,0,0,1,1,1,1,1,10,150
6515,game,3,,,0,1,81.07,81.07,21,2,,167.59,22,centre,81.07,ok,0,0,1,1,1,1,1,10,150
6516,game,3,,,0,1,81.07,81.07,21,2,,167.59,22,centre,81.07,ok,0,0,1,1,1,1,1,10,150
6530,game,3,,,0,1,81.07,81.07,21,2,,167.59,22,centre,81.07,ok,0,0,1,1,1,1,1,10,150
6531,game,3,,,0,1,81.07,81.07,21,2,,167.59,22,centre,81.07,ok,0,0,1,1,1,1,1,10,150
6622,game,3,,,0,1,81.07,81.07,21,2,,167.59,22,centre,81.07,ok,0,0,1,1,1,1,1,10,150
6623,game,3,,,0,1,81.91,81.07,21,2,,167.59,22,centre,81.07,ok,0,0,1,1,1,1,1,10,150
6623,game,3,,,0,1,81.91,81.07,21,2,,167.59,22,centre,81.07,ok,0,0,1,1,1,1,1,10,150
6640,game,3,,,0,1,81.91,81.07,21,2,,167.59,22,centre,81.07,ok,0,0,1,1,1,1,1,10,150
6649,game,3,,,0,1,81.91,81.07,21,2,,167.59,22,centre,81.07,ok,0,0,1,1,1,1,1,10,150
6721,game,3,,,0,1,81.07,81.91,21,2,,,22,centre,81.91,ok,0,0,1,1,1,1,1,10,150
6723,game,3,,,0,1,81.07,81.91,21,2,,,22,centre,81.91,ok,0,0,1,1,1,1,1,10,150
6734,game,3,,,0,1,81.07,81.91,21,2,,,22,centre,81.91,ok,0,0,1,1,1,1,1,10,150
6823,game,3,,,0,1,81.48,81.07,21,2,,,22,centre,81.07,ok,0,0,1,1,1,1,1,10,150
6823,game,3,,,0,1,81.48,81.07,21,2,,,22,centre,81.07,ok,0,0,1,1,1,1,1,10,150
6832,game,3,,,0,1,81.48,81.07,21,2,,,22,centre,81.07,ok,0,0,1,1,1,1,1,10,150
6833,game,3,,,0,1,81.48,81.07,21,2,,,22,centre,81.07,ok,0,0,1,1,1,1,1,10,150
6925,game,3,,,0,1,81.05,81.48,21,2,,,22,centre,81.48,ok,0,0,1,1,1,1,1,10,150
6926,game,3,,,0,1,81.05,81.48,21,2,,,22,centre,81.48,ok,0,0,1,1,1,1,1,10,150
6938,game,3,,,0,1,81.05,81.48,21,2,,,22,centre,81.48,ok,0,0,1,1,1,1,1,10,150
6942,game,3,,,0,1,81.05,81.05,21,2,,,22,centre,81.05,ok,0,0,1,1,1,1,1,10,150
6943,game,3,,,0,1,81.05,81.05,21,2,,,22,centre,81.05,ok,0,0,1,1,1,1,1,10,150
6981,game,3,,,0,1,81.05,81.05,21,2,,,22,centre,81.05,ok,0,0,1,1,1,1,1,10,150
7025,game,3,,,0,1,81.05,81.05,21,2,,,22,centre,81.05,ok,0,0,1,1,1,1,1,10,150
7035,game,3,,,0,1,81.05,81.05,21,2,234.3,,22,centre,81.05,ok,0,0,1,1,1,1,1,10,150
7040,game,3,,,0,1,80.21,81.05,21,2,234.3,,23,centre,81.05,ok,0,0,1,1,1,1,1,10,150
7130,game,3,,,0,1,80.21,80.21,21,2,,234.3,29,centre,80.21,ok,0,0,1,1,1,1,1,10,150
7135,game,3,,,0,1,80.62,80.21,21,2,,234.3,29,centre,80.21,ok,0,0,1,1,1,1,1,10,150
7136,game,3,,,0,1,80.62,80.21,21,2,,234.3,29,centre,80.21,ok,0,0,1,1,1,1,1,10,150
7231,game,3,,,0,1,80.62,80.62,21,2,,234.3,29,centre,80.62,ok,0,0,1,1,1,1,1,10,150
7231,game,3,,,0,1,80.62,80.62,21,2,,234.3,29,centre,80.62,ok,0,0,1,1,1,1,1,10,150
7246,game,3,,,0,1,80.62,80.62,21,2,,234.3,29,centre,80.62,ok,0,0,1,1,1,1,1,10,150
7247,game,3,,,0,1,81.48,80.62,21,2,,234.3,29,centre,80.62,ok,0,0,1,1,1,1,1,10,150
7247,game,3,,,0,1,81.48,80.62,21,2,,234.3,29,centre,80.62,ok,0,0,1,1,1,1,1,10,150
7335,game,3,,,0,1,81.05,81.48,21,2,238.08,234.3,29,centre,81.48,ok,0,0,1,1,1,1,1,10,150
7336,game,3,,,0,1,81.05,81.48,21,2,,234.3,29,centre,81.48,ok,0,0,1,1,1,1,1,10,150
7352,game,3,,,0,1,81.05,81.48,21,2,,234.3,29,centre,81.48,ok,0,0,1,1,1,1,1,10,150
7352,game,3,,,0,1,81.05,81.48,21,2,,234.3,29,centre,81.48,ok,0,0,1,1,1,1,1,10,150
7371,game,3,,,0,1,81.05,81.48,21,2,,234.3,29,centre,81.48,ok,0,0,1,1,1,1,1,10,150
7438,game,3,,,0,1,81.48,81.05,21,2,,234.3,29,centre,81.05,ok,0,0,1,1,1,1,1,10,150
7439,game,3,,,0,1,81.48,81.05,21,2,,234.3,29,centre,81.05,ok,0,0,1,1,1,1,1,10,150
7455,game,3,,,0,1,81.48,81.05,21,2,,234.3,29,centre,81.05,ok,0,0,1,1,1,1,1,10,150
7455,game,3,,,0,1,81.48,81.05,21,2,,234.3,29,centre,81.05,ok,0,0,1,1,1,1,1,10,150
7541,game,3,,,0,1,81.48,81.48,21,2,,,29,centre,81.48,ok,0,0,1,1,1,1,1,10,150
7546,game,3,,,0,1,81.48,81.48,21,2,,,29,centre,81.48,ok,0,0,1,1,1,1,1,10,150
7556,game,3,,,0,1,81.48,81.48,21,2,65.17,,29,centre,81.48,ok,0,0,1,1,1,1,1,10,150
7564,game,3,,,0,1,81.91,81.48,21,2,65.17,,29,centre,81.48,ok,0,0,1,1,1,1,1,10,150
7582,game,3,,,0,1,81.91,81.48,21,2,65.17,,29,centre,81.48,ok,0,0,1,1,1,1,1,10,150
7644,game,3,,,0,1,81.46,81.91,21,2,65.17,,36,centre,81.91,ok,0,0,1,1,1,1,1,10,150
7644,game,3,,,0,1,81.46,81.91,21,2,65.17,,36,centre,81.91,ok,0,0,1,1,1,1,1,10,150
7680,game,3,,,0,1,81.46,81.91,21,2,65.17,,36,centre,81.91,ok,0,0,1,1,1,1,1,10,150
7745,game,3,,,0,1,81.5,81.46,21,2,,65.17,36,right,65.17,ok,0,0,1,1,2,1,1,10,150
7746,game,3,,,0,1,81.5,81.46,21,2,,65.17,36,right,65.17,ok,0,0,1,1,2,1,1,10,150
7768,game,3,,,0,1,81.5,81.46,21,2,,65.17,36,right,65.17,ok,0,0,1,1,2,1,1,10,150
7769,game,3,,,0,1,81.5,81.46,21,2,,65.17,36,right,65.17,ok,0,0,1,1,2,1,1,10,150
7786,game,3,,,0,1,81.5,81.46,21,2,,65.17,36,right,65.17,ok,0,0,1,1,2,1,1,10,150
7858,game,3,,,0,1,81.1,81.5,21,2,,65.17,36,right,65.17,ok,0,0,1,1,2,1,1,10,150
7859,game,3,,,0,1,81.1,81.5,21,2,,65.17,36,right,65.17,ok,0,0,1,1,2,1,1,10,150
7875,game,3,,,0,1,81.1,81.5,21,2,,65.17,36,right,65.17,ok,0,0,1,1,2,1,1,10,150
7876,game,3,,,0,1,81.1,81.5,21,2,,65.17,36,right,65.17,ok,0,0,1,1,2,1,1,10,150
7950,game,3,,,0,1,81.1,81.1,21,2,,65.17,36,right,65.17,ok,0,0,1,1,2,1,1,10,150
7953,game,3,,,0,1,81.1,81.1,21,2,,65.17,36,right,65.17,ok,0,0,1,1,2,1,1,10,150
7969,game,3,,,0,1,81.1,81.1,21,2,,65.17,36,right,65.17,ok,0,0,1,1,2,1,1,10,150
7970,game,3,,,0,1,80.66,81.1,21,2,,65.17,36,right,65.17,ok,0,0,1,1,2,1,1,10,150
7971,game,3,,,0,1,80.66,81.1,21,2,,65.17,36,right,65.17,ok,0,0,1,1,2,1,1,10,150
8053,game,3,,,0,1,80.66,80.66,21,2,,65.17,36,right,65.17,ok,0,0,1,1,2,1,1,10,150
8057,game,3,,,0,1,80.66,80.66,21,2,,65.17,36,right,65.17,ok,0,0,1,1,2,1,1,10,150
8071,game,3,,,0,1,80.66,80.66,21,2,,65.17,36,right,65.17,ok,0,0,1,1,2,1,1,10,150
8154,game,3,,,0,1,80.66,80.66,21,2,,,36,centre,80.66,ok,0,0,1,1,1,1,1,10,150
8155,game,3,,,0,1,81.07,80.66,21,2,,,36,centre,80.66,ok,0,0,1,1,1,1,1,10,150
8174,game,3,,,0,1,81.07,80.66,21,2,,,36,centre,80.66,ok,0,0,1,1,1,1,1,10,150
8264,game,3,,,0,1,80.62,81.07,21,2,,,36,centre,81.07,ok,0,0,1,1,1,1,1,10,150
8265,game,3,,,0,1,80.62,81.07,21,2,,,36,centre,81.07,ok,0,0,1,1,1,1,1,10,150
8290,game,3,,,0,1,80.62,81.07,21,2,,,36,centre,81.07,ok,0,0,1,1,1,1,1,10,150
8290,game,3,,,0,1,80.62,81.07,21,2,,,36,centre,81.07,ok,0,0,1,1,1,1,1,10,150
8291,game,3,,,0,1,80.62,81.07,21,2,,,36,centre,81.07,ok,0,0,1,1,1,1,1,10,150
8292,game,3,,,0,1,80.62,81.07,21,2,,,36,centre,81.07,ok,0,0,1,1,1,1,1,10,150
8357,game,3,,,0,1,80.64,80.62,21,2,,,36,centre,80.62,ok,0,0,1,1,1,1,1,10,150
8357,game,3,,,0,1,80.64,80.62,21,2,,,36,centre,80.62,ok,0,0,1,1,1,1,1,10,150
8389,game,3,,,0,1,80.64,80.62,21,2,,,36,centre,80.62,ok,0,0,1,1,1,1,1,10,150
8458,game,3,,,0,1,81.05,80.64,21,2,,,36,centre,80.64,ok,0,0,1,1,1,1,1,10,150
8459,game,3,,,0,1,80.21,80.64,21,2,,,36,centre,80.64,ok,0,0,1,1,1,1,1,10,150
8466,game,3,,,0,1,80.21,80.64,21,2,,,36,centre,80.64,ok,0,0,1,1,1,1,1,10,150
8467,game,3,,,0,1,80.21,80.64,21,2,,,36,centre,80.64,ok,0,0,1,1,1,1,1,10,150
8495,game,3,,,0,1,80.21,80.64,21,2,,,36,centre,80.64,ok,0,0,1,1,1,1,1,10,150
8563,game,3,,,0,1,80.21,80.21,21,2,,,36,centre,80.21,ok,0,0,1,1,1,1,1,10,150
8563,game,3,,,0,1,81.05,80.21,21,2,,,36,centre,80.21,ok,0,0,1,1,1,1,1,10,150
8576,game,3,,,0,1,81.05,80.21,21,2,,,36,centre,80.21,ok,0,0,1,1,1,1,1,10,150
8577,game,3,,,0,1,81.05,80.21,21,2,,,36,centre,80.21,ok,0,0,1,1,1,1,1,10,150
8666,game,3,,,0,1,80.6,81.05,21,2,,,36,centre,81.05,ok,0,0,1,1,1,1,1,10,150
8667,game,3,,,0,1,80.6,81.05,21,2,,,36,centre,81.05,ok,0,0,1,1,1,1,1,10,150
8681,game,3,,,0,1,80.6,81.05,21,2,,,36,centre,81.05,ok,0,0,1,1,1,1,1,10,150
8682,game,3,,,0,1,80.6,81.05,21,2,,,36,centre,81.05,ok,0,0,1,1,1,1,1,10,150
8771,game,3,,,0,1,80.6,80.6,21,2,,,36,centre,80.6,ok,0,0,1,1,1,1,1,10,150
8772,game,3,,,0,1,80.6,80.6,21,2,,,36,centre,80.6,ok,0,0,1,1,1,1,1,10,150
8784,game,3,,,0,1,80.6,80.6,21,2,,,36,centre,80.6,ok,0,0,1,1,1,1,1,10,150
8785,game,3,,,0,1,80.6,80.6,21,2,,,36,centre,80.6,ok,0,0,1,1,1,1,1,10,150
8876,game,3,,,0,1,80.6,80.6,21,2,,,36,centre,80.6,ok,0,0,1,1,1,1,1,10,150
8881,game,3,,,0,1,81.02,80.6,21,2,,,36,centre,80.6,ok,0,0,1,1,1,1,1,10,150
8895,game,3,,,0,1,81.02,81.02,21,2,,,36,centre,81.02,ok,0,0,1,1,1,1,1,10,150
8895,game,3,,,0,1,81.02,81.02,21,2,,,36,centre,81.02,ok,0,0,1,1,1,1,1,10,150
8972,game,3,,,0,1,81.36,81.02,21,2,,,36,centre,81.02,ok,0,0,1,1,1,1,1,10,150
8972,game,3,,,0,1,81.36,81.02,21,2,,,36,centre,81.02,ok,0,0,1,1,1,1,1,10,150
8984,game,3,,,0,1,81.36,81.02,21,2,,,36,centre,81.02,ok,0,0,1,1,1,1,1,10,150
8988,game,3,249.5,,0,1,81.36,81.02,21,2,,,36,centre,81.02,ok,0,0,1,1,1,1,1,10,150
9029,game,3,,249.5,0,1,81.36,81.36,21,2,,,36,centre,81.36,ok,0,0,1,1,1,1,1,10,150
9075,game,3,,249.5,0,1,84.33,81.36,21,2,,,36,centre,81.36,ok,0,0,1,1,1,1,1,10,150
9075,game,3,,249.5,0,1,84.33,81.36,21,2,,,36,centre,81.36,ok,0,0,1,1,1,1,1,10,150
9098,game,3,,249.5,0,1,84.33,81.36,21,2,92.63,,36,centre,81.36,ok,0,0,1,1,1,1,1,10,150
9176,game,3,,249.5,0,1,,84.33,21,2,79.66,92.63,36,centre,84.33,ok,0,0,1,1,1,1,1,10,150
9177,game,3,,249.5,0,1,,84.33,21,2,79.66,92.63,36,centre,84.33,ok,0,0,1,1,1,1,1,10,150
9192,game,3,,249.5,0,1,,84.33,21,2,79.66,92.63,36,centre,84.33,ok,0,0,1,1,1,1,1,10,150
9193,game,3,,249.5,0,1,,84.33,21,2,79.66,92.63,36,centre,84.33,ok,0,0,1,1,1,1,1,10,150
9281,game,3,,249.5,0,1,248.43,84.33,21,2,,79.66,36,centre,84.33,ok,0,0,1,1,1,1,1,10,150
9282,game,3,,249.5,0,1,248.43,84.33,21,2,,79.66,36,centre,84.33,ok,0,0,1,1,1,1,1,10,150
9297,game,3,,249.5,0,1,248.43,84.33,21,2,,79.66,36,centre,84.33,ok,0,0,1,1,1,1,1,10,150
9298,game,3,,249.5,0,1,248.43,84.33,22,2,,79.66,36,centre,84.33,ok,0,0,1,1,1,1,1,10,150
9299,game,3,,249.5,0,1,248.43,84.33,22,2,,79.66,36,centre,84.33,ok,0,0,1,1,1,1,1,10,150
9380,game,3,,,0,1,248.43,248.43,28,2,,79.66,36,right,79.66,ok,0,0,1,1,2,1,1,10,150
9394,game,3,,,0,1,235.13,248.43,28,2,,79.66,36,right,79.66,ok,0,0,1,1,2,1,1,10,150
9484,game,3,,,0,1,,235.13,28,2,,79.66,36,right,79.66,ok,0,0,1,1,2,1,1,10,150
9485,game,3,,,0,1,,235.13,28,2,97.14,79.66,36,right,79.66,ok,0,0,1,1,2,1,1,10,150
9502,game,3,,,0,1,,235.13,28,2,97.14,79.66,36,right,79.66,ok,0,0,1,1,2,1,1,10,150
9503,game,3,,,0,1,,235.13,28,2,97.14,79.66,36,right,79.66,ok,0,0,1,1,2,1,1,10,150
9503,game,3,,,0,1,,235.13,28,2,97.14,79.66,36,right,79.66,ok,0,0,1,1,2,1,1,10,150
9524,game,3,,,0,1,,235.13,28,2,97.14,79.66,36,right,79.66,ok,0,0,1,1,2,1,1,10,150
9586,game,3,,,0,1,,235.13,28,2,,97.14,36,right,97.14,ok,0,0,1,1,2,1,1,10,150
9587,game,3,,,0,1,,235.13,28,2,,97.14,36,right,97.14,ok,0,0,1,1,2,1,1,10,150
9602,game,3,,,0,1,79.92,235.13,28,2,,97.14,36,right,97.14,ok,0,0,1,1,2,1,1,10,150
9603,game,3,,,0,1,79.92,235.13,29,2,,97.14,36,right,97.14,ok,0,0,1,1,2,1,1,10,150
9689,game,3,,,0,1,,79.92,35,2,,97.14,36,centre,79.92,ok,0,0,1,1,1,1,1,10,150
9690,game,3,,,0,1,,79.92,35,2,,97.14,36,centre,79.92,ok,0,0,1,1,1,1,1,10,150
9706,game,3,,,0,1,,79.92,35,2,,97.14,36,centre,79.92,ok,0,0,1,1,1,1,1,10,150
9793,game,3,,,0,1,,79.92,35,2,,97.14,36,centre,79.92,ok,0,0,1,1,1,1,1,10,150
9793,game,3,,,0,1,,79.92,35,2,,97.14,36,centre,79.92,ok,0,0,1,1,1,1,1,10,150
9806,game,3,,,0,1,,79.92,35,2,,97.14,36,centre,79.92,ok,0,0,1,1,1,1,1,10,150
9807,game,3,,,0,1,,79.92,35,2,,97.14,36,centre,79.92,ok,0,0,1,1,1,1,1,10,150
9894,game,3,,,0,1,,79.92,35,2,63.09,97.14,36,centre,79.92,ok,0,0,1,1,1,1,1,10,150
9896,game,3,,,0,1,,79.92,35,2,,97.14,36,centre,79.92,ok,0,0,1,1,1,1,1,10,150
9897,game,3,,,0,1,,79.92,35,2,,97.14,36,centre,79.92,ok,0,0,1,1,1,1,1,10,150
9914,game,3,,,0,1,,79.92,35,2,,97.14,36,centre,79.92,ok,0,0,1,1,1,1,1,10,150
9915,game,3,,,0,1,,79.92,35,2,,97.14,36,centre,79.92,ok,0,0,1,1,1,1,1,10,150
9994,game,3,,,0,1,,79.92,35,2,,97.14,36,centre,79.92,ok,0,0,1,1,1,1,1,10,150
10051,game,3,,,0,1,,,35,2,,97.14,36,right,97.14,ok,0,0,1,1,2,1,1,10,150
10052,game,3,,,0,1,,,35,2,,97.14,36,right,97.14,ok,0,0,1,1,2,1,1,10,150
10066,game,3,,,0,1,,,35,2,74.36,97.14,36,right,97.14,ok,0,0,1,1,2,1,1,10,150
10088,game,3,,,0,1,,,35,2,74.36,97.14,36,right,97.14,ok,0,0,1,1,2,1,1,10,150
10154,game,3,,,0,1,,,35,2,74.36,74.36,36,right,74.36,ok,0,0,1,1,2,1,1,10,150
10155,game,3,,,0,1,,,35,2,,74.36,36,right,74.36,ok,0,0,1,1,2,1,1,10,150
10155,game,3,,,0,1,,,35,2,,74.36,36,right,74.36,ok,0,0,1,1,2,1,1,10,150
10174,game,3,,,0,1,,,35,2,,74.36,36,right,74.36,ok,0,0,1,1,2,1,1,10,150
10245,game,3,,,0,1,,,35,2,,74.36,36,right,74.36,ok,0,0,1,1,2,1,1,10,150
10246,game,3,,,0,1,,,35,2,,74.36,36,right,74.36,ok,0,0,1,1,2,1,1,10,150
10247,game,3,,,0,1,,,35,2,,74.36,36,right,74.36,ok,0,0,1,1,2,1,1,10,150
10266,game,3,,,0,1,,,35,2,,74.36,36,right,74.36,ok,0,0,2,1,2,1,1,10,150
10318,game,3,,,0,1,,,35,2,77.21,74.36,36,right,74.36,ok,0,0,2,1,2,1,1,10,150
10318,game,3,,,0,1,,,35,2,77.21,74.36,36,right,74.36,ok,0,0,2,1,2,1,1,10,150
10410,game,3,,,0,1,,,35,2,250.46,77.21,36,right,77.21,ok,0,0,2,1,2,1,1,10,150
10410,game,3,,,0,1,,,35,2,250.46,77.21,36,right,77.21,ok,0,0,2,1,2,1,1,10,150
10422,game,3,,,0,1,,,35,2,250.46,77.21,36,right,77.21,ok,0,0,2,1,2,1,1,10,150
10459,game,3,,,0,1,,,35,2,,250.46,43,right,250.46,ok,1,0,2,1,,,1,10,150
10460,game,3,,,0,1,,,35,2,,250.46,43,right,250.46,ok,1,0,2,1,,,1,10,150
10510,game,3,,,0,1,,,35,2,,250.46,43,right,250.46,ok,1,1,2,1,,,1,10,150
10514,game,3,,,0,1,,,35,2,,250.46,43,right,250.46,ok,1,2,2,1,,,1,10,150
10610,game,3,,,0,1,,,35,2,,250.46,43,right,250.46,ok,1,3,2,1,,,1,10,150
10619,game,3,,,0,1,,,35,2,,250.46,43,right,250.46,ok,1,4,2,1,,,1,10,150
10619,game,3,,,0,1,,,35,2,,250.46,43,right,250.46,ok,1,4,2,1,,,1,10,150
10638,game,3,,,0,1,,,35,2,,250.46,43,right,250.46,ok,1,5,2,1,,,1,10,150
10713,game,3,,,0,1,,,35,2,,250.46,43,right,250.46,ok,1,6,2,1,,,1,10,150
10714,game,3,,,0,1,,,35,2,,250.46,43,right,250.46,ok,1,6,2,1,,,1,10,150
10730,game,3,,,0,1,,,35,2,,250.46,43,right,250.46,ok,1,7,2,1,,,1,10,150
10815,game,3,,,0,1,,,35,2,,,43,,,ok,1,8,2,1,,,1,10,150
10816,game,3,,,0,1,,,35,2,,,43,,,ok,1,9,2,1,,,1,10,150
10817,game,3,,,0,1,,,35,2,,,43,,,ok,1,9,2,1,,,1,10,150
10834,game,3,,,0,1,,,35,2,,,43,,,ok,1,9,2,1,,,1,10,150
10917,game,3,,,0,1,,,35,2,,,43,,,ok,1,10,2,1,,,1,10,150
10918,game,3,,,0,1,,,35,2,,,43,,,ok,1,10,2,1,,,1,10,150
10931,game,3,,,0,1,,,35,2,,,43,,,ok,1,10,2,1,,,1,10,150
10932,game,3,,,0,1,,,35,2,,,43,,,ok,1,10,2,1,,,1,10,150
11023,game,3,,,0,1,,,35,2,,,43,,,ok,1,11,2,1,,,1,10,150
11024,game,3,,,0,1,,,35,2,,,43,,,ok,1,12,2,1,,,1,10,150
11123,game,3,,,0,1,,,35,2,,,43,,,ok,1,13,2,1,,,1,10,150
11123,game,3,,,0,1,,,35,2,,,43,,,ok,1,13,2,1,,,1,10,150
11138,game,3,,,0,1,,,35,2,,,43,,,ok,1,13,2,1,,,1,10,150
11140,game,3,,,0,1,,,35,2,,,43,,,ok,1,14,2,1,,,1,10,150
11140,game,3,,,0,1,,,35,2,,,43,,,ok,1,14,2,1,,,1,10,150
11223,game,3,,,0,1,,,35,2,,,43,,,ok,1,15,2,1,,,1,10,150
11224,game,3,,,0,1,,,35,2,,,43,,,ok,1,15,2,1,,,1,10,150
11240,game,3,,,0,1,185.58,,35,2,,,43,,,ok,1,16,2,1,,,1,10,150
11241,game,3,,,0,1,185.58,,36,2,,,43,,,ok,1,17,2,1,,,1,10,150
11329,game,3,,,0,1,185.58,185.58,42,2,,,43,centre,185.58,ok,1,18,2,1,,,1,10,150
11329,game,3,,,0,1,185.58,185.58,42,2,,,43,centre,185.58,ok,1,18,2,1,,,1,10,150
11345,game,3,,,0,1,,185.58,42,2,,,43,centre,185.58,ok,1,19,2,1,,,1,10,150
11346,game,3,,,0,1,,185.58,42,2,,,43,centre,185.58,ok,1,20,2,1,,,1,10,150
11430,game,3,,,0,1,175.15,185.58,42,2,,,43,centre,185.58,ok,1,21,2,1,,,1,10,150
11431,game,3,,,0,1,175.15,185.58,42,2,,,43,centre,185.58,ok,1,21,2,1,,,1,10,150
11446,game,3,,,0,1,175.15,185.58,42,2,,,43,centre,185.58,ok,1,21,2,1,,,1,10,150
11447,game,3,,,0,1,175.15,185.58,42,2,,,43,centre,185.58,ok,1,21,2,1,,,1,10,150
11533,game,3,,,0,1,175.15,175.15,42,2,,,43,centre,175.15,ok,1,22,2,1,,,1,10,150
11538,game,3,,,0,1,,175.15,42,2,,,43,centre,175.15,ok,1,23,2,1,,,1,10,150
11539,game,3,,,0,1,,175.15,42,2,,,43,centre,175.15,ok,1,23,2,1,,,1,10,150
11639,game,3,,,0,1,,175.15,42,2,,,43,centre,175.15,ok,1,24,2,1,,,1,10,150
11640,game,3,,,0,1,,175.15,42,2,,,43,centre,175.15,ok,1,24,2,1,,,1,10,150
11660,game,3,,,0,1,,175.15,42,2,,,43,centre,175.15,ok,1,24,2,1,,,1,10,150
11660,game,3,,,0,1,,175.15,42,2,,,43,centre,175.15,ok,1,24,2,1,,,1,10,150
11676,game,3,,,0,1,,175.15,42,2,,,43,centre,175.15,ok,1,24,2,1,,,1,10,150
11677,game,3,,,0,1,,175.15,42,2,,,43,centre,175.15,ok,1,24,2,1,,,1,10,150
11736,game,3,,,0,1,,175.15,42,2,,,43,centre,175.15,ok,1,25,2,1,,,1,10,150
11749,game,3,,,0,1,,175.15,42,2,,,43,centre,175.15,ok,1,26,2,1,,,1,10,150
11757,game,3,,,0,1,,175.15,42,2,,,43,centre,175.15,ok,1,27,2,1,,,1,10,150
11851,game,3,,,0,1,,175.15,42,2,,,43,centre,175.15,ok,1,28,2,1,,,1,10,150
11852,game,3,,,0,1,,175.15,42,2,,,43,centre,175.15,ok,1,28,2,1,,,1,10,150
11876,game,3,,,0,1,,175.15,42,2,,,43,centre,175.15,ok,1,28,2,1,,,1,10,150
11941,game,3,,,0,1,,,42,2,105.11,,43,,,ok,1,29,2,1,,,1,10,150
11942,game,3,,,0,1,,,42,2,,,43,,,ok,1,29,2,1,,,1,10,150
11960,game,3,,,0,1,,,42,2,,,43,,,ok,1,29,2,1,,,1,10,150
11961,game,3,,,0,1,,,42,2,,,43,,,ok,1,30,2,1,,,1,10,150
12044,game,3,,,0,1,,,42,2,,,43,,,ok,1,31,2,1,,,1,10,150
12045,game,3,,,0,1,,,42,2,,,43,,,ok,1,31,2,1,,,1,10,150
12058,game,3,,,0,1,,,42,2,,,43,,,ok,1,32,2,1,,,1,10,150
12059,game,3,,,0,1,,,42,2,,,43,,,ok,1,33,2,1,,,1,10,150
12146,game,3,,,0,1,,,42,2,,,43,,,ok,1,34,2,1,,,1,10,150
12147,game,3,,,0,1,,,42,2,,,43,,,ok,1,34,2,1,,,1,10,150
12162,game,3,,,0,1,,,42,2,,,43,,,ok,1,34,2,1,,,1,10,150
12248,game,3,,,0,1,,,42,2,,,43,,,ok,1,35,2,1,,,1,10,150
12248,game,3,,,0,1,,,42,2,,,43,,,ok,1,35,2,1,,,1,10,150
12265,game,3,,,0,1,,,42,2,,,43,,,ok,1,35,2,1,,,1,10,150
12266,game,3,,,0,1,,,42,2,,,43,,,ok,1,36,2,1,,,1,10,150
12353,game,3,,,0,1,,,42,2,,,43,,,ok,1,37,2,1,,,1,10,150
12355,game,3,,,0,1,,,42,2,,,43,,,ok,1,38,2,1,,,1,10,150
12355,game,3,,,0,1,,,42,2,,,43,,,ok,1,38,2,1,,,1,10,150
12375,game,3,,,0,1,,,42,2,,,43,,,ok,1,38,2,1,,,1,10,150
12376,game,3,,,0,1,,,42,2,,,43,,,ok,1,38,2,1,,,1,10,150
12454,game,3,,,0,1,,,42,2,,,43,,,ok,1,39,2,1,,,1,10,150
12465,game,3,,,0,1,,,42,2,,,43,,,ok,1,40,2,1,,,1,10,150
12465,game,3,,,0,1,,,42,2,,,43,,,ok,1,40,2,1,,,1,10,150
12505,game,3,,,0,1,,,42,2,,,43,,,ok,1,41,2,1,,,1,10,150
12506,game,3,,,0,1,,,42,2,,,43,,,ok,1,41,2,1,,,1,10,150
12556,game,3,,,0,1,,,42,2,,,43,,,ok,1,42,2,1,,,1,10,150
12671,game,3,,,0,1,,,42,2,,,43,,,ok,1,43,2,1,,,1,10,150
12672,game,3,,,0,1,,,42,2,,,43,,,ok,1,43,2,1,,,1,10,150
12690,game,3,,,0,1,,,42,2,,,43,,,ok,1,43,2,1,,,1,10,150
12690,game,3,,,0,1,,,42,2,,,43,,,ok,1,43,2,1,,,1,10,150
12711,game,3,,,0,1,,,42,2,,,43,,,ok,1,44,2,1,,,1,10,150
12763,game,3,,,0,1,,,42,2,,,43,,,ok,1,45,2,1,,,1,10,150
12766,game,3,,,0,1,,,42,2,,,43,,,ok,1,46,2,1,,,1,10,150
12767,game,3,,,0,1,,,42,2,,,43,,,ok,1,46,2,1,,,1,10,150
12786,game,3,,,0,1,,,42,2,,,43,,,ok,1,46,2,1,,,1,10,150
12864,game,3,,,0,1,,,42,2,,,43,,,ok,1,47,2,1,,,1,10,150
12864,game,3,,,0,1,,,42,2,,,43,,,ok,1,47,2,1,,,1,10,150
12880,game,3,,,0,1,,,42,2,,,43,,,ok,1,48,2,1,,,1,10,150
12965,game,3,,,0,1,,,42,2,,,43,,,ok,1,49,2,1,,,1,10,150
12966,game,3,,,0,1,,,42,2,,,43,,,ok,1,50,2,1,,,1,10,150
12966,game,3,,,0,1,,,42,2,,,43,,,ok,1,50,2,1,,,1,10,150
12993,game,3,,,0,1,,,42,2,,,43,,,ok,1,51,2,1,,,1,10,150
13074,game,3,,,0,1,,,42,2,163.73,,43,,,ok,1,52,2,1,,,1,10,150
13075,game,3,,,0,1,,,42,2,,,43,,,ok,1,52,2,1,,,1,10,150
13090,game,3,,,0,1,,,42,2,,,43,,,ok,1,53,2,1,,,1,10,150
13091,game,3,,,0,1,,,42,2,,,43,,,ok,1,54,2,1,,,1,10,150
13172,game,3,,,0,1,,,42,2,,,43,,,ok,1,55,2,1,,,1,10,150
13173,game,3,,,0,1,,,42,2,,,43,,,ok,1,55,2,1,,,1,10,150
13190,game,3,,,0,1,,,42,2,,,43,,,ok,1,55,2,1,,,1,10,150
13191,game,3,,,0,1,,,42,2,,,43,,,ok,1,56,2,1,,,1,10,150
13273,game,3,,,0,1,,,42,2,,,43,,,ok,1,57,2,1,,,1,10,150
13275,game,3,,,0,1,,,42,2,,,43,,,ok,1,58,2,1,,,1,10,150
13275,game,3,,,0,1,,,42,2,,,43,,,ok,1,58,2,1,,,1,10,150
13375,game,3,,,0,1,,,42,2,,,43,,,ok,1,59,2,1,,,1,10,150
13376,game,3,,,0,1,,,42,2,,,43,,,ok,1,59,2,1,,,1,10,150
13388,game,3,,,0,1,,,42,2,,,43,,,ok,1,60,2,1,,,1,10,150
13389,game,3,,,0,1,,,42,2,,,43,,,ok,1,60,2,1,,,1,10,150
13477,game,3,,,0,1,,,42,2,124.89,,43,,,ok,1,61,2,1,,,1,10,150
13479,game,3,,,0,1,,,42,2,,124.89,43,right,124.89,ok,0,0,2,1,2,2,1,10,150
13480,game,3,,,0,1,,,42,2,,124.89,43,right,124.89,ok,0,0,2,1,2,2,1,10,150
13580,game,3,,,0,1,,,42,2,,124.89,43,right,124.89,ok,0,0,2,1,2,2,1,10,150
13581,game,3,,,0,1,,,42,2,,124.89,43,right,124.89,ok,0,0,2,1,2,2,1,10,150
13598,game,3,,,0,1,,,42,2,,124.89,43,right,124.89,ok,0,0,2,1,2,2,1,10,150
13599,game,3,,,0,1,,,42,2,,124.89,43,right,124.89,ok,0,0,2,1,2,2,1,10,150
13684,game,3,,,0,1,,,42,2,,124.89,43,right,124.89,ok,0,0,2,1,2,2,1,10,150
13684,game,3,,,0,1,,,42,2,,124.89,43,right,124.89,ok,0,0,2,1,2,2,1,10,150
13701,game,3,,,0,1,,,42,2,,124.89,43,right,124.89,ok,0,0,2,1,2,2,1,10,150
13702,game,3,,,0,1,,,42,2,,124.89,43,right,124.89,ok,0,0,2,1,2,2,1,10,150
13785,game,3,,,0,1,,,42,2,,124.89,43,right,124.89,ok,0,0,2,1,2,2,1,10,150
13786,game,3,,,0,1,,,42,2,,124.89,43,right,124.89,ok,0,0,2,1,2,2,1,10,150
13802,game,3,,,0,1,,,42,2,,124.89,43,right,124.89,ok,0,0,2,1,2,2,1,10,150
13803,game,3,,,0,1,,,42,2,,124.89,43,right,124.89,ok,0,0,2,1,2,2,1,10,150
13804,game,3,,,0,1,,,42,2,,124.89,43,right,124.89,ok,0,0,2,1,2,2,1,10,150
13888,game,3,,,0,1,,,42,2,,,43,,,ok,1,1,2,1,,,1,10,150
13892,game,3,,,0,1,,,42,2,,,43,,,ok,1,2,2,1,,,1,10,150
13990,game,3,,,0,1,,,42,2,,,43,,,ok,1,3,2,1,,,1,10,150
13990,game,3,,,0,1,,,42,2,,,43,,,ok,1,3,2,1,,,1,10,150
14018,game,3,,,0,1,,,42,2,,,43,,,ok,1,4,2,1,,,1,10,150
14019,game,3,,,0,1,,,42,2,,,43,,,ok,1,5,2,1,,,1,10,150
14091,game,3,,,0,1,,,42,2,,,43,,,ok,1,6,2,1,,,1,10,150
14093,game,3,,,0,1,,,42,2,,,43,,,ok,1,7,2,1,,,1,10,150
14094,game,3,,,0,1,,,42,2,,,43,,,ok,1,7,2,1,,,1,10,150
14112,game,3,,,0,1,,,42,2,,,43,,,ok,1,8,2,1,,,1,10,150
14195,game,3,,,0,1,,,42,2,,,43,,,ok,1,9,2,1,,,1,10,150
14196,game,3,,,0,1,,,42,2,,,43,,,ok,1,9,2,1,,,1,10,150
14222,game,3,,,0,1,,,42,2,,,43,,,ok,1,9,2,1,,,1,10,150
14223,game,3,,,0,1,,,42,2,,,43,,,ok,1,10,2,1,,,1,10,150
14224,game,3,,,0,1,,,42,2,,,43,,,ok,1,10,2,1,,,1,10,150
14297,game,3,,,0,1,,,42,2,,,43,,,ok,1,11,2,1,,,1,10,150
14305,game,3,,,0,1,,,42,2,,,43,,,ok,1,12,2,1,,,1,10,150
14402,game,3,,,0,1,82.1,,42,2,,,43,,,ok,1,13,2,1,,,1,10,150
14403,game,3,,,0,1,82.1,,42,2,,,43,,,ok,1,13,2,1,,,1,10,150
14414,game,3,,,0,1,82.1,,42,2,,,43,,,ok,1,13,2,1,,,1,10,150
14424,game,3,,,0,1,82.1,,42,2,,,43,,,ok,1,13,2,1,,,1,10,150
14425,game,3,,,0,1,82.1,,42,2,,,43,,,ok,1,13,2,1,,,1,10,150
14502,game,3,,,0,1,82.89,82.1,49,2,,,43,centre,82.1,ok,0,0,2,1,1,1,1,10,150
14503,game,3,,,0,1,82.89,82.1,49,2,,,43,centre,82.1,ok,0,0,2,1,1,1,1,10,150
14520,game,3,,,0,1,82.89,82.1,49,2,,,43,centre,82.1,ok,0,0,2,1,1,1,1,10,150
14608,game,3,,,0,1,,82.89,49,2,,,43,centre,82.89,ok,0,0,2,1,1,1,1,10,150
14613,game,3,,,0,1,,82.89,49,2,,,43,centre,82.89,ok,0,0,2,1,1,1,1,10,150
14613,game,3,,,0,1,,82.89,49,2,,,43,centre,82.89,ok,0,0,2,1,1,1,1,10,150
14633,game,3,,,0,1,,82.89,49,2,,,43,centre,82.89,ok,0,0,2,1,1,1,1,10,150
14633,game,3,,,0,1,,82.89,49,2,,,43,centre,82.89,ok,0,0,2,1,1,1,1,10,150
14646,game,3,,,0,1,,82.89,49,2,,,43,centre,82.89,ok,0,0,2,1,1,1,1,10,150
14706,game,3,,,0,1,,82.89,49,2,,,43,centre,82.89,ok,0,0,2,1,1,1,1,10,150
14717,game,3,,,0,1,,82.89,49,2,,,43,centre,82.89,ok,0,0,2,1,1,1,1,10,150
14813,game,3,,,0,1,,82.89,49,2,,,43,centre,82.89,ok,0,0,2,1,1,1,1,10,150
14817,game,3,,,0,1,,82.89,49,2,,,43,centre,82.89,ok,0,0,2,1,1,1,1,10,150
14818,game,3,,,0,1,,82.89,49,2,,,43,centre,82.89,ok,0,0,2,1,1,1,1,10,150
14913,game,3,,,0,1,179.73,82.89,49,2,,,43,centre,82.89,ok,0,0,2,1,1,1,1,10,150
14913,game,3,,,0,1,179.73,82.89,49,2,,,43,centre,82.89,ok,0,0,2,1,1,1,1,10,150
14932,game,3,,,0,1,179.73,82.89,49,2,,,43,centre,82.89,ok,0,0,2,1,1,1,1,10,150
14932,game,3,,,0,1,179.73,82.89,49,2,,,43,centre,82.89,ok,0,0,2,1,1,1,1,10,150
14959,game,3,,,0,1,179.73,82.89,55,2,,,43,centre,82.89,ok,0,0,2,1,1,1,1,10,150
14966,game,3,,,0,1,179.73,179.73,56,2,158.02,,43,centre,179.73,ok,1,1,2,1,,,1,10,150
14968,game,3,,,0,1,,179.73,56,2,158.02,,43,centre,179.73,ok,1,1,2,1,,,1,10,150
15118,game,3,,,0,1,,179.73,56,2,,158.02,43,right,158.02,ok,1,2,2,1,,,1,10,150
15121,game,3,,,0,1,,179.73,56,2,,158.02,43,right,158.02,ok,1,3,2,1,,,1,10,150
15122,game,3,,,0,1,,179.73,56,2,,158.02,43,right,158.02,ok,1,3,2,1,,,1,10,150
15140,game,3,,,0,1,,179.73,56,2,,158.02,43,right,158.02,ok,1,3,2,1,,,1,10,150
15141,game,3,,,0,1,,179.73,56,2,,158.02,43,right,158.02,ok,1,4,2,1,,,1,10,150
15142,game,3,,,0,1,,179.73,56,2,,158.02,43,right,158.02,ok,1,4,2,1,,,1,10,150
15225,game,3,,,0,1,,179.73,56,2,,158.02,43,right,158.02,ok,1,5,2,1,,,1,10,150
15244,game,3,,,0,1,,179.73,56,2,,158.02,43,right,158.02,ok,1,6,2,1,,,1,10,150
15244,game,3,,,0,1,,179.73,56,2,,158.02,43,right,158.02,ok,1,6,2,1,,,1,10,150
15326,game,3,,,0,1,,,56,2,248.8,158.02,43,right,158.02,ok,1,7,2,1,,,1,10,150
15326,game,3,,,0,1,,,56,2,248.8,158.02,43,right,158.02,ok,1,7,2,1,,,1,10,150
15341,game,3,,,0,1,,,56,2,,158.02,44,right,158.02,ok,1,8,2,1,,,1,10,150
15342,game,3,,,0,1,,,56,2,,158.02,44,right,158.02,ok,1,9,2,1,,,1,10,150
15346,game,3,213.86,,0,1,,,56,2,,158.02,44,right,158.02,ok,1,10,2,1,,,1,10,150
15427,game,3,,213.86,0,1,,,56,2,,158.02,44,right,158.02,ok,1,11,2,1,,,1,10,150
15429,game,3,,213.86,0,1,,,56,2,,158.02,44,right,158.02,ok,1,11,2,1,,,1,10,150
15446,game,3,,213.86,0,1,,,56,2,,158.02,44,right,158.02,ok,1,11,2,1,,,1,10,150
15447,game,3,,213.86,0,1,,,56,2,,158.02,44,right,158.02,ok,1,12,2,1,,,1,10,150
15526,game,3,,213.86,0,1,,,56,2,,,44,left,213.86,ok,1,13,2,1,,,1,10,150
15527,game,3,,213.86,0,1,,,56,2,,,44,left,213.86,ok,1,13,2,1,,,1,10,150
15630,game,3,,213.86,0,1,,,56,2,,,44,left,213.86,ok,1,14,2,1,,,1,10,150
15631,game,3,,213.86,0,1,,,56,2,,,44,left,213.86,ok,1,14,2,1,,,1,10,150
15642,game,3,,213.86,0,1,,,56,2,,,44,left,213.86,ok,1,15,2,1,,,1,10,150
15731,game,3,,213.86,0,1,,,56,2,,,44,left,213.86,ok,1,16,2,1,,,1,10,150
15732,game,3,,213.86,0,1,,,56,2,,,44,left,213.86,ok,1,16,2,1,,,1,10,150
15748,game,3,,213.86,0,1,,,56,2,,,44,left,213.86,ok,1,16,2,1,,,1,10,150
15749,game,3,,213.86,0,1,,,56,2,,,44,left,213.86,ok,1,16,2,1,,,1,10,150
15760,game,3,,213.86,0,1,,,56,2,,,44,left,213.86,ok,1,17,2,1,,,1,10,150
15834,game,3,,,0,1,,,56,2,,,44,,,ok,1,18,2,1,,,1,10,150
15834,game,3,,,0,1,,,56,2,,,44,,,ok,1,18,2,1,,,1,10,150
15849,game,3,,,0,1,,,56,2,,,44,,,ok,1,19,2,1,,,1,10,150
15850,game,3,,,0,1,,,56,2,,,44,,,ok,1,20,2,1,,,1,10,150
15936,game,3,,,0,1,,,56,2,,,44,,,ok,1,21,2,1,,,1,10,150
15936,game,3,,,0,1,,,56,2,,,44,,,ok,1,21,2,1,,,1,10,150
15947,game,3,,,0,1,,,56,2,,,44,,,ok,1,22,2,1,,,1,10,150
16039,game,3,,,0,1,,,56,2,,,44,,,ok,1,23,2,1,,,1,10,150
16040,game,3,,,0,1,,,56,2,,,44,,,ok,1,23,2,1,,,1,10,150
16057,game,3,,,0,1,,,56,2,,,44,,,ok,1,23,2,1,,,1,10,150
16058,game,3,,,0,1,,,56,2,,,44,,,ok,1,23,2,1,,,1,10,150
16143,game,3,,,0,1,,,56,2,,,44,,,ok,1,24,2,1,,,1,10,150
16148,game,3,,,0,1,,,56,2,,,44,,,ok,1,25,2,1,,,1,10,150
16148,game,3,,,0,1,,,56,2,,,44,,,ok,1,25,2,1,,,1,10,150
16163,game,3,,,0,1,229.11,,56,2,,,44,,,ok,1,26,2,1,,,1,10,150
16242,game,3,,,0,1,,229.11,63,2,,,44,centre,229.11,ok,1,27,2,1,,,1,10,150
16243,game,3,,,0,1,,229.11,63,2,,,44,centre,229.11,ok,1,27,2,1,,,1,10,150
16258,game,3,,,0,1,,229.11,63,2,,,44,centre,229.11,ok,1,27,2,1,,,1,10,150
16259,game,3,,,0,1,,229.11,63,2,,,44,centre,229.11,ok,1,28,2,1,,,1,10,150
16349,game,3,,,0,1,91.98,229.11,63,2,,,44,centre,229.11,ok,1,29,2,1,,,1,10,150
16351,game,3,,,0,1,91.98,229.11,63,2,,,44,centre,229.11,ok,1,29,2,1,,,1,10,150
16365,game,3,,,0,1,91.98,229.11,63,2,,,44,centre,229.11,ok,1,29,2,1,,,1,10,150
16366,game,3,,,0,1,91.98,229.11,63,2,,,44,centre,229.11,ok,1,29,2,1,,,1,10,150
16448,game,3,,,0,1,249.52,91.98,70,2,,,44,centre,91.98,ok,0,0,2,1,1,1,1,10,150
16450,game,3,,,0,1,249.52,91.98,70,2,,,44,centre,91.98,ok,0,0,2,1,1,1,1,10,150
16466,game,3,,,0,1,249.52,91.98,71,2,,,44,centre,91.98,ok,0,0,2,1,1,1,1,10,150
16548,game,3,,,0,1,249.52,249.52,77,2,,,44,centre,249.52,ok,1,0,2,1,,,1,10,150
16552,game,3,,,0,1,,249.52,77,2,,,44,centre,249.52,ok,1,1,2,1,,,1,10,150
16565,game,3,,,0,1,,249.52,77,2,,,44,centre,249.52,ok,1,2,2,1,,,1,10,150
16651,game,3,184.04,,0,1,,249.52,77,2,,,44,centre,249.52,ok,1,3,2,1,,,1,10,150
16652,game,3,,,0,1,,249.52,77,2,,,44,centre,249.52,ok,1,3,2,1,,,1,10,150
16669,game,3,,,0,1,,249.52,77,2,,,44,centre,249.52,ok,1,3,2,1,,,1,10,150
16671,game,3,,,0,1,,249.52,77,2,,,44,centre,249.52,ok,1,4,2,1,,,1,10,150
16671,game,3,,,0,1,,249.52,77,2,,,44,centre,249.52,ok,1,4,2,1,,,1,10,150
16685,game,3,,,0,1,,249.52,77,2,,,44,centre,249.52,ok,1,4,2,1,,,1,10,150
16755,game,3,,,0,1,,249.52,77,2,,,44,centre,249.52,ok,1,5,2,1,,,1,10,150
16760,game,3,,,0,1,,249.52,77,2,,,44,centre,249.52,ok,1,6,2,1,,,1,10,150
16761,game,3,,,0,1,,249.52,77,2,,,44,centre,249.52,ok,1,6,2,1,,,1,10,150
16859,game,3,,,0,1,92.82,249.52,77,2,,,44,centre,249.52,ok,1,7,2,1,,,1,10,150
16860,game,3,,,0,1,92.82,249.52,77,2,,,44,centre,249.52,ok,1,7,2,1,,,1,10,150
16871,game,3,,,0,1,92.82,249.52,77,2,,,44,centre,249.52,ok,1,7,2,1,,,1,10,150
16872,game,3,,,0,1,92.82,249.52,77,2,,,44,centre,249.52,ok,1,7,2,1,,,1,10,150
16881,game,3,,,0,1,92.82,249.52,77,2,,,44,centre,249.52,ok,1,7,2,1,,,1,10,150
16963,game,3,,,0,1,92.82,92.82,84,2,,,44,centre,92.82,ok,0,0,2,1,1,1,1,10,150
16966,game,3,,,0,1,,92.82,84,2,,,44,centre,92.82,ok,0,0,2,1,1,1,1,10,150
16967,game,3,,,0,1,,92.82,84,2,,,44,centre,92.82,ok,0,0,2,1,1,1,1,10,150
17067,game,3,,,0,1,,92.82,84,2,,,44,centre,92.82,ok,0,0,2,1,1,1,1,10,150
17068,game,3,,,0,1,,92.82,84,2,,,44,centre,92.82,ok,0,0,2,1,1,1,1,10,150
17082,game,3,,,0,1,,92.82,84,2,,,44,centre,92.82,ok,0,0,2,1,1,1,1,10,150
17083,game,3,,,0,1,,92.82,84,2,,,44,centre,92.82,ok,0,0,2,1,1,1,1,10,150
17092,game,3,,,0,1,,92.82,84,2,,,44,centre,92.82,ok,0,0,2,1,1,1,1,10,150
17177,game,3,,,0,1,,92.82,84,2,,,44,centre,92.82,ok,0,0,1,1,1,1,1,10,150
17177,game,3,,,0,1,,92.82,84,2,,,44,centre,92.82,ok,0,0,1,1,1,1,1,10,150
17192,game,3,,,0,1,,92.82,84,2,,,44,centre,92.82,ok,0,0,1,1,1,1,1,10,150
17213,game,3,,,0,1,,92.82,84,2,,,44,centre,92.82,ok,0,0,1,1,1,1,1,10,150
17268,game,3,,,0,1,94.94,92.82,84,2,,,44,centre,92.82,ok,0,0,1,1,1,1,1,10,150
17269,game,3,,,0,1,94.94,92.82,84,2,,,44,centre,92.82,ok,0,0,1,1,1,1,1,10,150
17292,game,3,,,0,1,94.94,92.82,84,2,,,44,centre,92.82,ok,0,0,1,1,1,1,1,10,150
17317,game,3,,,0,1,,94.94,84,2,,,44,centre,94.94,ok,0,0,1,1,1,1,1,10,150
17318,game,3,,,0,1,,94.94,84,2,,,44,centre,94.94,ok,0,0,1,1,1,1,1,10,150
17414,game,3,,,0,1,,94.94,84,2,,,44,centre,94.94,ok,0,0,1,1,1,1,1,10,150
17414,game,3,,,0,1,,94.94,84,2,,,44,centre,94.94,ok,0,0,1,1,1,1,1,10,150
17438,game,3,,,0,1,,94.94,84,2,,,44,centre,94.94,ok,0,0,1,1,1,1,1,10,150
17439,game,3,,,0,1,,94.94,84,2,,,44,centre,94.94,ok,0,0,1,1,1,1,1,10,150
17509,game,3,,,0,1,,94.94,84,2,,,44,centre,94.94,ok,0,0,1,1,1,1,1,10,150
17510,game,3,,,0,1,,94.94,84,2,,,44,centre,94.94,ok,0,0,1,1,1,1,1,10,150
17540,game,3,,,0,1,,94.94,84,2,,,44,centre,94.94,ok,0,0,1,1,1,1,1,10,150
17592,game,3,,,0,1,161.5,94.94,84,2,,,44,centre,94.94,ok,0,0,1,1,1,1,1,10,150
17593,game,3,,,0,1,161.5,94.94,84,2,,,44,centre,94.94,ok,0,0,1,1,1,1,1,10,150
17612,game,3,,,0,1,161.5,94.94,84,2,,,44,centre,94.94,ok,0,0,1,1,1,1,1,10,150
17692,game,3,,,0,1,,161.5,91,2,,,44,centre,161.5,ok,1,0,1,1,,,1,10,150
17693,game,3,,,0,1,,161.5,91,2,,,44,centre,161.5,ok,1,0,1,1,,,1,10,150
17716,game,3,,,0,1,,161.5,91,2,,,44,centre,161.5,ok,1,0,1,1,,,1,10,150
17718,game,3,,,0,1,,161.5,91,2,,,44,centre,161.5,ok,1,1,1,1,,,1,10,150
17793,game,3,,,0,1,,161.5,91,2,,,44,centre,161.5,ok,1,2,1,1,,,1,10,150
17794,game,3,,,0,1,,161.5,91,2,,,44,centre,161.5,ok,1,2,1,1,,,1,10,150
17819,game,3,,,0,1,,161.5,91,2,,,44,centre,161.5,ok,1,2,1,1,,,1,10,150
17888,game,3,,,0,1,85.75,161.5,91,2,,,44,centre,161.5,ok,1,3,1,1,,,1,10,150
17891,game,3,,,0,1,85.75,161.5,92,2,,,44,centre,161.5,ok,1,4,1,1,,,1,10,150
17892,game,3,,,0,1,85.75,161.5,92,2,,,44,centre,161.5,ok,1,4,1,1,,,1,10,150
17912,game,3,,,0,1,85.75,161.5,92,2,,,44,centre,161.5,ok,1,4,1,1,,,1,10,150
17983,game,3,,,0,1,85.75,85.75,98,2,,,44,centre,85.75,ok,0,0,1,1,1,1,1,10,150
17984,game,3,,,0,1,85.75,85.75,98,2,,,44,centre,85.75,ok,0,0,1,1,1,1,1,10,150
18004,game,3,,,0,1,,85.75,98,2,,,44,centre,85.75,ok,0,0,1,1,1,1,1,10,150
18092,game,3,,,0,1,,85.75,98,2,,,44,centre,85.75,ok,0,0,1,1,1,1,1,10,150
18093,game,3,,,0,1,,85.75,98,2,,,44,centre,85.75,ok,0,0,1,1,1,1,1,10,150
18116,game,3,,,0,1,,85.75,98,2,,,44,centre,85.75,ok,0,0,1,1,1,1,1,10,150
18116,game,3,,,0,1,,85.75,98,2,,,44,centre,85.75,ok,0,0,1,1,1,1,1,10,150
18136,game,3,,,0,1,,85.75,98,2,,,44,centre,85.75,ok,0,0,1,1,1,1,1,10,150
18192,game,3,,,0,1,220.63,85.75,98,2,,,44,centre,85.75,ok,0,0,1,1,1,1,1,10,150
18193,game,3,,,0,1,220.63,85.75,98,2,,,44,centre,85.75,ok,0,0,1,1,1,1,1,10,150
18213,game,3,,,0,1,220.63,85.75,98,2,,,44,centre,85.75,ok,0,0,1,1,1,1,1,10,150
18213,game,3,,,0,1,220.63,85.75,98,2,,,44,centre,85.75,ok,0,0,1,1,1,1,1,10,150
18290,game,3,,,0,1,,220.63,105,2,,,44,centre,220.63,ok,1,0,1,1,,,1,10,150
18291,game,3,,,0,1,,220.63,105,2,,,44,centre,220.63,ok,1,0,1,1,,,1,10,150
18307,game,3,,,0,1,,220.63,105,2,,,44,centre,220.63,ok,1,0,1,1,,,1,10,150
18392,game,3,,,0,1,,220.63,105,2,,,44,centre,220.63,ok,1,1,1,1,,,1,10,150
18394,game,3,,,0,1,,220.63,105,2,,,44,centre,220.63,ok,1,2,1,1,,,1,10,150
18394,game,3,,,0,1,,220.63,105,2,,,44,centre,220.63,ok,1,2,1,1,,,1,10,150
18416,game,3,,,0,1,79.85,220.63,105,2,,,44,centre,220.63,ok,1,2,1,1,,,1,10,150
18496,game,3,,,0,1,79.85,79.85,112,2,,,44,centre,79.85,ok,0,0,1,1,1,1,1,10,150
18497,game,3,,,0,1,,79.85,112,2,93.11,,44,centre,79.85,ok,0,0,1,1,1,1,1,10,150
18512,game,3,,,0,1,,79.85,112,2,93.11,,44,centre,79.85,ok,0,0,1,1,1,1,1,10,150
18513,game,3,,,0,1,,79.85,112,2,93.11,93.11,44,centre,79.85,ok,0,0,1,1,1,1,1,10,150
18597,game,3,,,0,1,,79.85,112,2,93.11,93.11,44,centre,79.85,ok,0,0,1,1,1,1,1,10,150
18597,game,3,,,0,1,,79.85,112,2,93.11,93.11,44,centre,79.85,ok,0,0,1,1,1,1,1,10,150
18615,game,3,,,0,1,,79.85,112,2,,93.11,44,centre,79.85,ok,0,0,1,1,1,1,1,10,150
18616,game,3,,,0,1,,79.85,112,2,,93.11,44,centre,79.85,ok,0,0,1,1,1,1,1,10,150
18700,game,3,,,0,1,,79.85,112,2,,93.11,44,centre,79.85,ok,0,0,1,1,1,1,1,10,150
18701,game,3,,,0,1,,79.85,112,2,,93.11,44,centre,79.85,ok,0,0,1,1,1,1,1,10,150
18718,game,3,,,0,1,,79.85,112,2,,93.11,44,centre,79.85,ok,0,0,1,1,1,1,1,10,150
18802,game,3,,,0,1,,79.85,112,2,,93.11,44,centre,79.85,ok,0,0,1,1,1,1,1,10,150
18808,game,3,,,0,1,,79.85,112,2,85.41,93.11,44,centre,79.85,ok,0,0,1,1,1,1,1,10,150
18810,game,3,,,0,1,,79.85,112,2,85.41,93.11,44,centre,79.85,ok,0,0,1,1,1,1,1,10,150
18813,game,3,,,0,1,,79.85,112,2,,93.11,44,centre,79.85,ok,0,0,1,1,1,1,1,10,150
18814,game,3,,,0,1,,79.85,112,2,,93.11,44,centre,79.85,ok,0,0,1,1,1,1,1,10,150
18841,game,3,,,0,1,,79.85,112,2,,93.11,44,centre,79.85,ok,0,0,1,1,1,1,1,10,150
18907,game,3,,,0,1,,,112,2,,93.11,44,right,93.11,ok,0,0,1,1,2,1,1,10,150
18908,game,3,,,0,1,,,112,2,,93.11,44,right,93.11,ok,0,0,1,1,2,1,1,10,150
19009,game,3,,,0,1,,,112,2,,93.11,44,right,93.11,ok,0,0,1,1,2,1,1,10,150
19010,game,3,,,0,1,,,112,2,,93.11,44,right,93.11,ok,0,0,1,1,2,1,1,10,150
19011,game,3,,,0,1,,,112,2,,93.11,44,right,93.11,ok,0,0,1,1,2,1,1,10,150
19109,game,3,,,0,1,,,112,2,,93.11,44,right,93.11,ok,0,0,1,1,2,1,1,10,150
19110,game,3,,,0,1,,,112,2,,93.11,44,right,93.11,ok,0,0,1,1,2,1,1,10,150
19121,game,3,,,0,1,,,112,2,,93.11,44,right,93.11,ok,0,0,1,1,2,1,1,10,150
19122,game,3,,,0,1,,,112,2,,93.11,44,right,93.11,ok,0,0,1,1,2,1,1,10,150
19213,game,3,,,0,1,,,112,2,,,44,,,ok,1,0,1,1,,,1,10,150
19218,game,3,,,0,1,,,112,2,,,44,,,ok,1,1,1,1,,,1,10,150
19219,game,3,,,0,1,,,112,2,,,44,,,ok,1,1,1,1,,,1,10,150
19236,game,3,,,0,1,,,112,2,,,44,,,ok,1,2,1,1,,,1,10,150
19236,game,3,,,0,1,,,112,2,,,44,,,ok,1,2,1,1,,,1,10,150
19320,game,3,,,0,1,,,112,2,,,44,,,ok,1,3,1,1,,,1,10,150
19322,game,3,,,0,1,,,112,2,80.64,,44,,,ok,1,4,1,1,,,1,10,150
19342,game,3,,,0,1,,,112,2,80.64,80.64,44,right,80.64,ok,0,0,1,1,2,1,1,10,150
19343,game,3,,,0,1,,,112,2,80.64,80.64,44,right,80.64,ok,0,0,1,1,2,1,1,10,150
19418,game,3,,,0,1,,,112,2,139.28,80.64,44,right,80.64,ok,0,0,1,1,2,1,1,10,150
19419,game,3,,,0,1,,,112,2,,80.64,44,right,80.64,ok,0,0,1,1,2,1,1,10,150
19437,game,3,,,0,1,,,112,2,,80.64,44,right,80.64,ok,0,0,1,1,2,1,1,10,150
19438,game,3,,,0,1,,,112,2,,80.64,44,right,80.64,ok,0,0,1,1,2,1,1,10,150
19518,game,3,,,0,1,,,112,2,,80.64,44,right,80.64,ok,0,0,1,1,2,1,1,10,150
19519,game,3,,,0,1,,,112,2,,80.64,44,right,80.64,ok,0,0,1,1,2,1,1,10,150
19626,game,3,,,0,1,,,112,2,,80.64,44,right,80.64,ok,0,0,1,1,2,1,1,10,150
19627,game,3,,,0,1,,,112,2,,80.64,44,right,80.64,ok,0,0,1,1,2,1,1,10,150
19643,game,3,,,0,1,,,112,2,,80.64,44,right,80.64,ok,0,0,1,1,2,1,1,10,150
19645,game,3,,,0,1,,,112,2,,80.64,44,right,80.64,ok,0,0,1,1,2,1,1,10,150
19645,game,3,,,0,1,,,112,2,,80.64,44,right,80.64,ok,0,0,1,1,2,1,1,10,150
19737,game,3,,,0,1,,,112,2,,80.64,44,right,80.64,ok,0,0,2,1,2,1,1,10,150
19738,game,3,,,0,1,,,112,2,,80.64,44,right,80.64,ok,0,0,2,1,2,1,1,10,150
19754,game,3,,,0,1,,,112,2,,80.64,44,right,80.64,ok,0,0,2,1,2,1,1,10,150
19754,game,3,,,0,1,,,112,2,,80.64,44,right,80.64,ok,0,0,2,1,2,1,1,10,150
19775,game,3,,,0,1,,,112,2,,80.64,44,right,80.64,ok,0,0,2,1,2,1,1,10,150
19827,game,3,,,0,1,,,112,2,,,44,,,ok,1,1,2,1,,,1,10,150
19833,game,3,,,0,1,171.71,,112,2,,,44,,,ok,1,2,2,1,,,1,10,150
19842,game,3,,,0,1,171.71,,113,2,,,44,,,ok,1,3,2,1,,,1,10,150
19930,game,3,,,0,1,,171.71,119,2,,,44,centre,171.71,ok,1,4,2,1,,,1,10,150
19931,game,3,,,0,1,,171.71,119,2,,,44,centre,171.71,ok,1,4,2,1,,,1,10,150
19949,game,3,,,0,1,,171.71,119,2,,,44,centre,171.71,ok,1,5,2,1,,,1,10,150
19950,game,3,,,0,1,,171.71,119,2,,,44,centre,171.71,ok,1,6,2,1,,,1,10,150
20034,game,3,,,0,1,,171.71,119,2,,,44,centre,171.71,ok,1,7,2,1,,,1,10,150
20034,game,3,,,0,1,,171.71,119,2,134.61,,44,centre,171.71,ok,1,7,2,1,,,1,10,150
20051,game,3,,,0,1,,171.71,119,2,134.61,,44,centre,171.71,ok,1,7,2,1,,,1,10,150
20137,game,3,,,0,1,,171.71,119,2,,134.61,51,right,134.61,ok,0,0,2,1,2,2,1,10,150
20138,game,3,,,0,1,,171.71,119,2,,134.61,51,right,134.61,ok,0,0,2,1,2,2,1,10,150
20152,game,3,,,0,1,,171.71,119,2,,134.61,51,right,134.61,ok,0,0,2,1,2,2,1,10,150
20171,game,3,,,0,1,,171.71,119,2,,134.61,51,right,134.61,ok,0,0,2,1,2,2,1,10,150
20172,game,3,,,0,1,,171.71,119,2,,134.61,51,right,134.61,ok,0,0,2,1,2,2,1,10,150
20236,game,3,,,0,1,,171.71,119,2,,134.61,51,right,134.61,ok,0,0,2,1,2,2,1,10,150
20238,game,3,,,0,1,,171.71,119,2,,134.61,51,right,134.61,ok,0,0,2,1,2,2,1,10,150
20247,game,3,,,0,1,,171.71,119,2,,134.61,51,right,134.61,ok,0,0,2,1,2,2,1,10,150
20338,game,3,,,0,1,,,119,2,,134.61,51,right,134.61,ok,0,0,2,1,2,2,1,10,150
20339,game,3,,,0,1,,,119,2,,134.61,51,right,134.61,ok,0,0,2,1,2,2,1,10,150
20347,game,3,,,0,1,,,119,2,,134.61,51,right,134.61,ok,0,0,2,1,2,2,1,10,150
20441,game,3,,,0,1,,,119,2,77.86,134.61,51,right,134.61,ok,0,0,2,1,2,2,1,10,150
20442,game,3,,,0,1,,,119,2,77.86,134.61,51,right,134.61,ok,0,0,2,1,2,2,1,10,150
20457,game,3,,,0,1,,,119,2,77.86,134.61,51,right,134.61,ok,0,0,2,1,2,2,1,10,150
20458,game,3,,,0,1,,,119,2,77.86,134.61,51,right,134.61,ok,0,0,2,1,2,2,1,10,150
20474,game,3,,,0,1,,,119,2,77.86,134.61,51,right,134.61,ok,0,0,2,1,2,2,1,10,150
20543,game,3,,,0,1,,,119,2,77.48,77.86,58,right,77.86,ok,0,0,2,1,2,1,1,10,150
20545,game,3,,,0,1,,,119,2,77.48,77.86,58,right,77.86,ok,0,0,2,1,2,1,1,10,150
20545,game,3,,,0,1,,,119,2,77.48,77.86,58,right,77.86,ok,0,0,2,1,2,1,1,10,150
20567,game,3,,,0,1,,,119,2,77.48,77.86,58,right,77.86,ok,0,0,2,1,2,1,1,10,150
20644,game,3,,,0,1,,,119,2,,77.48,58,right,77.48,ok,0,0,2,1,2,1,1,10,150
20644,game,3,,,0,1,,,119,2,,77.48,58,right,77.48,ok,0,0,2,1,2,1,1,10,150
20662,game,3,,,0,1,,,119,2,,77.48,58,right,77.48,ok,0,0,2,1,2,1,1,10,150
20662,game,3,,,0,1,,,119,2,,77.48,58,right,77.48,ok,0,0,2,1,2,1,1,10,150
20681,game,3,,,0,1,,,119,2,,77.48,58,right,77.48,ok,0,0,2,1,2,1,1,10,150
20753,game,3,,,0,1,,,119,2,196.33,77.48,58,right,77.48,ok,0,0,2,1,2,1,1,10,150
20753,game,3,,,0,1,,,119,2,80.31,77.48,58,right,77.48,ok,0,0,2,1,2,1,1,10,150
20770,game,3,,,0,1,,,119,2,80.31,77.48,58,right,77.48,ok,0,0,2,1,2,1,1,10,150
20850,game,3,198.36,,0,1,,,119,2,80.31,80.31,58,right,80.31,ok,0,0,2,1,2,1,1,10,150
20851,game,3,198.36,,0,1,,,119,2,80.31,80.31,58,right,80.31,ok,0,0,2,1,2,1,1,10,150
20865,game,3,198.36,,0,1,,,119,2,80.31,80.31,58,right,80.31,ok,0,0,2,1,2,1,1,10,150
20954,game,3,,198.36,0,1,,,119,2,,80.31,58,right,80.31,ok,0,0,2,1,2,1,1,10,150
20955,game,3,,198.36,0,1,,,119,2,,80.31,58,right,80.31,ok,0,0,2,1,2,1,1,10,150
20970,game,3,,198.36,0,1,,,119,2,,80.31,58,right,80.31,ok,0,0,2,1,2,1,1,10,150
20971,game,3,,198.36,0,1,,,119,2,,80.31,58,right,80.31,ok,0,0,2,1,2,1,1,10,150
20972,game,3,,198.36,0,1,,,119,2,,80.31,58,right,80.31,ok,0,0,2,1,2,1,1,10,150
21055,game,3,,198.36,0,1,,,119,2,76.59,80.31,58,right,80.31,ok,0,0,2,1,2,1,1,10,150
21055,game,3,,198.36,0,1,,,119,2,76.59,80.31,58,right,80.31,ok,0,0,2,1,2,1,1,10,150
21074,game,3,,198.36,0,1,,,119,2,76.59,80.31,58,right,80.31,ok,0,0,2,1,2,1,1,10,150
21075,game,3,,198.36,0,1,,,119,2,76.59,80.31,58,right,80.31,ok,0,0,2,1,2,1,1,10,150
21159,game,3,,198.36,0,1,,,119,2,78.12,76.59,58,right,76.59,ok,0,0,2,1,2,1,1,10,150
21160,game,3,,198.36,0,1,,,119,2,78.12,76.59,58,right,76.59,ok,0,0,2,1,2,1,1,10,150
21174,game,3,,198.36,0,1,,,119,2,78.12,76.59,58,right,76.59,ok,0,0,2,1,2,1,1,10,150
21194,game,3,,198.36,0,1,,,119,2,78.12,76.59,58,right,76.59,ok,0,0,2,1,2,1,1,10,150
21195,game,3,,198.36,0,1,,,119,2,78.12,76.59,58,right,76.59,ok,0,0,2,1,2,1,1,10,150
21259,game,3,,198.36,0,1,180.57,,119,2,78.12,78.12,58,right,78.12,ok,0,0,2,1,2,1,1,10,150
21260,game,3,,198.36,0,1,180.57,,119,2,78.12,78.12,58,right,78.12,ok,0,0,2,1,2,1,1,10,150
21275,game,3,,198.36,0,1,180.57,180.57,119,2,,78.12,58,right,78.12,ok,0,0,2,1,2,1,1,10,150
21362,game,3,,,0,1,180.57,180.57,119,2,,78.12,58,right,78.12,ok,0,0,2,1,2,1,1,10,150
21363,game,3,,,0,1,180.57,180.57,119,2,,78.12,58,right,78.12,ok,0,0,2,1,2,1,1,10,150
21380,game,3,,,0,1,180.57,180.57,119,2,,78.12,58,right,78.12,ok,0,0,2,1,2,1,1,10,150
21381,game,3,,,0,1,,180.57,119,2,,78.12,58,right,78.12,ok,0,0,2,1,2,1,1,10,150
21466,game,3,,,0,1,,180.57,119,2,,78.12,58,right,78.12,ok,0,0,2,1,2,1,1,10,150
21474,game,3,,,0,1,,180.57,119,2,,78.12,58,right,78.12,ok,0,0,2,1,2,1,1,10,150
21482,game,3,,,0,1,,180.57,119,2,177.78,78.12,58,right,78.12,ok,0,0,2,1,2,1,1,10,150
21492,game,3,,,0,1,206.38,180.57,119,2,177.78,78.12,60,right,78.12,ok,0,0,2,1,2,1,1,10,150
21492,game,3,,,0,1,,180.57,119,2,177.78,78.12,60,right,78.12,ok,0,0,2,1,2,1,1,10,150
21572,game,3,,,0,1,,180.57,119,2,177.78,177.78,65,right,177.78,ok,1,0,2,1,,,1,10,150
21576,game,3,,,0,1,,180.57,119,2,,177.78,65,right,177.78,ok,1,1,2,1,,,1,10,150
21584,game,3,,,0,1,82.41,180.57,119,2,,177.78,65,right,177.78,ok,1,2,2,1,,,1,10,150
21673,game,3,,,0,1,82.41,82.41,126,2,,177.78,65,centre,82.41,ok,0,0,2,1,1,1,1,10,150
21677,game,3,,,0,1,,82.41,126,2,,177.78,65,centre,82.41,ok,0,0,2,1,1,1,1,10,150
21678,game,3,,,0,1,,82.41,126,2,,177.78,65,centre,82.41,ok,0,0,2,1,1,1,1,10,150
21770,game,3,,,0,1,,82.41,126,2,,177.78,65,centre,82.41,ok,0,0,2,1,1,1,1,10,150
21771,game,3,,,0,1,,82.41,126,2,,177.78,65,centre,82.41,ok,0,0,2,1,1,1,1,10,150
21783,game,3,,,0,1,,82.41,126,2,,177.78,65,centre,82.41,ok,0,0,2,1,1,1,1,10,150
21798,game,3,,,0,1,,82.41,126,2,,177.78,65,centre,82.41,ok,0,0,2,1,1,1,1,10,150
21798,game,3,,,0,1,,82.41,126,2,,177.78,65,centre,82.41,ok,0,0,2,1,1,1,1,10,150
21874,game,3,,,0,1,67.02,82.41,126,2,,177.78,65,centre,82.41,ok,0,0,2,1,1,1,1,10,150
21876,game,3,,,0,1,67.02,82.41,126,2,,177.78,65,centre,82.41,ok,0,0,2,1,1,1,1,10,150
21877,game,3,,,0,1,67.02,82.41,126,2,,177.78,65,centre,82.41,ok,0,0,2,1,1,1,1,10,150
21977,game,3,,,0,1,67.02,67.02,126,2,,,65,centre,67.02,ok,0,0,2,1,1,1,1,10,150
21977,game,3,,,0,1,67.02,67.02,126,2,,,65,centre,67.02,ok,0,0,2,1,1,1,1,10,150
21990,game,3,,,0,1,,67.02,126,2,,,65,centre,67.02,ok,0,0,2,1,1,1,1,10,150
21991,game,3,,,0,1,,67.02,126,2,,,65,centre,67.02,ok,0,0,2,1,1,1,1,10,150
22080,game,3,210.84,,0,1,,67.02,126,2,,,65,centre,67.02,ok,0,0,2,1,1,1,1,10,150
22080,game,3,210.84,,0,1,,67.02,126,2,,,65,centre,67.02,ok,0,0,2,1,1,1,1,10,150
22097,game,3,210.84,210.84,0,1,130.51,67.02,126,2,,,65,centre,67.02,ok,0,0,2,1,1,1,1,10,150
22183,game,3,,210.84,0,1,,130.51,133,2,,,65,centre,130.51,ok,0,0,2,1,1,2,1,10,150
22185,game,3,,210.84,0,1,,130.51,133,2,,,65,centre,130.51,ok,0,0,2,1,1,2,1,10,150
22185,game,3,,210.84,0,1,,130.51,133,2,,,65,centre,130.51,ok,0,0,2,1,1,2,1,10,150
22206,game,3,,210.84,0,1,,130.51,133,2,,,65,centre,130.51,ok,0,0,2,1,1,2,1,10,150
22207,game,3,,210.84,0,1,,130.51,133,2,,,65,centre,130.51,ok,0,0,2,1,1,2,1,10,150
22226,game,3,,210.84,0,1,,130.51,133,2,,,65,centre,130.51,ok,0,0,2,1,1,2,1,10,150
22286,game,3,,210.84,0,1,,130.51,133,2,,,65,centre,130.51,ok,0,0,2,1,1,2,1,10,150
22287,game,3,,210.84,0,1,,130.51,133,2,,,65,centre,130.51,ok,0,0,2,1,1,2,1,10,150
22387,game,3,,210.84,0,1,80.86,130.51,133,2,,,65,centre,130.51,ok,0,0,2,1,1,2,1,10,150
22388,game,3,,210.84,0,1,80.86,130.51,134,2,,,65,centre,130.51,ok,0,0,2,1,1,2,1,10,150
22389,game,3,,210.84,0,1,80.86,130.51,134,2,,,65,centre,130.51,ok,0,0,2,1,1,2,1,10,150
22409,game,3,,210.84,0,1,80.86,130.51,134,2,,,65,centre,130.51,ok,0,0,2,1,1,2,1,10,150
22410,game,3,,210.84,0,1,80.86,130.51,134,2,,,65,centre,130.51,ok,0,0,2,1,1,2,1,10,150
22489,game,3,,210.84,0,1,,80.86,140,2,,,65,centre,80.86,ok,0,0,2,1,1,1,1,10,150
22490,game,3,,210.84,0,1,,80.86,140,2,,,65,centre,80.86,ok,0,0,2,1,1,1,1,10,150
22508,game,3,,210.84,0,1,,80.86,140,2,,,65,centre,80.86,ok,0,0,2,1,1,1,1,10,150
22509,game,3,,210.84,0,1,,80.86,140,2,,,65,centre,80.86,ok,0,0,2,1,1,1,1,10,150
22593,game,3,,,0,1,,80.86,140,2,,,65,centre,80.86,ok,0,0,1,1,1,1,1,10,150
22594,game,3,,,0,1,,80.86,140,2,,,65,centre,80.86,ok,0,0,1,1,1,1,1,10,150
22609,game,3,,,0,1,,80.86,140,2,,,65,centre,80.86,ok,0,0,1,1,1,1,1,10,150
22610,game,3,,,0,1,,80.86,140,2,,,65,centre,80.86,ok,0,0,1,1,1,1,1,10,150
22696,game,3,,,0,1,,80.86,140,2,,,65,centre,80.86,ok,0,0,1,1,1,1,1,10,150
22696,game,3,,,0,1,,80.86,140,2,,,65,centre,80.86,ok,0,0,1,1,1,1,1,10,150
22796,game,3,,,0,1,,80.86,140,2,,,65,centre,80.86,ok,0,0,1,1,1,1,1,10,150
22797,game,3,,,0,1,,80.86,140,2,,,65,centre,80.86,ok,0,0,1,1,1,1,1,10,150
22814,game,3,,,0,1,,80.86,140,2,,,65,centre,80.86,ok,0,0,1,1,1,1,1,10,150
22815,game,3,,,0,1,,80.86,140,2,,,65,centre,80.86,ok,0,0,1,1,1,1,1,10,150
22816,game,3,,,0,1,,80.86,140,2,,,65,centre,80.86,ok,0,0,1,1,1,1,1,10,150
22900,game,3,,,0,1,,,140,2,,,65,,,ok,1,0,1,1,,,1,10,150
22901,game,3,,,0,1,,,140,2,,,65,,,ok,1,0,1,1,,,1,10,150
22926,game,3,,,0,1,,,140,2,,,65,,,ok,1,0,1,1,,,1,10,150
22927,game,3,,,0,1,,,140,2,,,65,,,ok,1,0,1,1,,,1,10,150
23000,game,3,,,0,1,,,140,2,,,65,,,ok,1,1,1,1,,,1,10,150
23001,game,3,,,0,1,,,140,2,,,65,,,ok,1,1,1,1,,,1,10,150
23018,game,3,,,0,1,,,140,2,,,65,,,ok,1,1,1,1,,,1,10,150
23019,game,3,,,0,1,,,140,2,,,65,,,ok,1,2,1,1,,,1,10,150
23103,game,3,,,0,1,,,140,2,,,65,,,ok,1,3,1,1,,,1,10,150
23104,game,3,,,0,1,,,140,2,,,65,,,ok,1,3,1,1,,,1,10,150
23121,game,3,,,0,1,,,140,2,,,65,,,ok,1,4,1,1,,,1,10,150
23209,game,3,,,0,1,,,140,2,210.98,,65,,,ok,1,5,1,1,,,1,10,150
23210,game,3,,,0,1,65.74,,140,2,,,65,,,ok,1,5,1,1,,,1,10,150
23225,game,3,,,0,1,65.74,,140,2,,,65,,,ok,1,5,1,1,,,1,10,150
23227,game,3,,,0,1,65.74,65.74,140,2,,,65,centre,65.74,ok,0,0,1,1,1,1,1,10,150
23227,game,3,,,0,1,65.74,65.74,140,2,,,65,centre,65.74,ok,0,0,1,1,1,1,1,10,150
23309,game,3,,,0,1,65.74,65.74,140,2,,,65,centre,65.74,ok,0,0,1,1,1,1,1,10,150
23313,game,3,,,0,1,65.74,65.74,140,2,,,65,centre,65.74,ok,0,0,1,1,1,1,1,10,150
23318,game,3,,,0,1,66.8,65.74,140,2,,,65,centre,65.74,ok,0,0,1,1,1,1,1,10,150
23344,game,3,,,0,1,66.8,65.74,140,2,,,65,centre,65.74,ok,0,0,1,1,1,1,1,10,150
23410,game,3,,,0,1,66.15,66.8,140,2,,,65,centre,66.8,ok,0,0,1,1,1,1,1,10,150
23412,game,3,,,0,1,66.15,66.8,140,2,,,65,centre,66.8,ok,0,0,1,1,1,1,1,10,150
23412,game,3,,,0,1,66.15,66.8,140,2,,,65,centre,66.8,ok,0,0,1,1,1,1,1,10,150
23432,game,3,,,0,1,66.15,66.8,140,2,,,65,centre,66.8,ok,0,0,1,1,1,1,1,10,150
23534,game,3,,,0,1,79.63,66.15,140,2,,,65,centre,66.15,ok,0,0,1,1,1,1,1,10,150
23538,game,3,,,0,1,79.63,66.15,140,2,,,65,centre,66.15,ok,0,0,1,1,1,1,1,10,150
23538,game,3,,,0,1,79.63,66.15,140,2,,,65,centre,66.15,ok,0,0,1,1,1,1,1,10,150
23564,game,3,,,0,1,79.63,66.15,140,2,,,65,centre,66.15,ok,0,0,1,1,1,1,1,10,150
23566,game,3,,,0,1,79.63,66.15,140,2,,,65,centre,66.15,ok,0,0,1,1,1,1,1,10,150
23614,game,3,,,0,1,64.43,79.63,140,2,,,65,centre,79.63,ok,0,0,1,1,1,1,1,10,150
23615,game,3,,,0,1,64.43,79.63,140,2,,,65,centre,79.63,ok,0,0,1,1,1,1,1,10,150
23633,game,3,,,0,1,64.43,79.63,140,2,,,65,centre,79.63,ok,0,0,1,1,1,1,1,10,150
23633,game,3,,,0,1,64.43,79.63,140,2,,,65,centre,79.63,ok,0,0,1,1,1,1,1,10,150
23716,game,3,,,0,1,64.43,64.43,140,2,,,65,centre,64.43,ok,0,0,1,1,1,1,1,10,150
23722,game,3,,,0,1,65.58,64.43,140,2,,,65,centre,64.43,ok,0,0,1,1,1,1,1,10,150
23723,game,3,,,0,1,65.58,64.43,140,2,,,65,centre,64.43,ok,0,0,1,1,1,1,1,10,150
23821,game,3,,,0,1,84.28,65.58,140,2,,,65,centre,65.58,ok,0,0,1,1,1,1,1,10,150
23821,game,3,,,0,1,,65.58,140,2,,,65,centre,65.58,ok,0,0,1,1,1,1,1,10,150
23839,game,3,,,0,1,,65.58,140,2,,,65,centre,65.58,ok,0,0,1,1,1,1,1,10,150
23840,game,3,,,0,1,,65.58,140,2,,,65,centre,65.58,ok,0,0,1,1,1,1,1,10,150
23860,game,3,,,0,1,,65.58,140,2,,,65,centre,65.58,ok,0,0,1,1,1,1,1,10,150
23930,game,3,,,0,1,,65.58,140,2,,,65,centre,65.58,ok,0,0,1,1,1,1,1,10,150
24056,game,3,,,0,1,,65.58,140,2,,,65,centre,65.58,ok,0,0,1,1,1,1,1,10,150
24056,game,3,,,0,1,76.32,65.58,140,2,,,65,centre,65.58,ok,0,0,1,1,1,1,1,10,150
24085,game,3,,,0,1,76.32,65.58,140,2,,,65,centre,65.58,ok,0,0,1,1,1,1,1,10,150
24085,game,3,,,0,1,76.32,65.58,140,2,,,65,centre,65.58,ok,0,0,1,1,1,1,1,10,150
24105,game,3,,,0,1,76.32,65.58,140,2,,,65,centre,65.58,ok,0,0,1,1,1,1,1,10,150
24105,game,3,,,0,1,76.32,65.58,140,2,,,65,centre,65.58,ok,0,0,1,1,1,1,1,10,150
24106,game,3,,,0,1,76.32,65.58,140,2,,,65,centre,65.58,ok,0,0,1,1,1,1,1,10,150
24147,game,3,,,0,1,,76.32,140,2,80.9,,65,centre,76.32,ok,0,0,1,1,1,1,1,10,150
24148,game,3,,,0,1,,76.32,140,2,80.9,,65,centre,76.32,ok,0,0,1,1,1,1,1,10,150
24176,game,3,,,0,1,,76.32,140,2,80.9,,65,centre,76.32,ok,0,0,1,1,1,1,1,10,150
24177,game,3,,,0,1,,76.32,140,2,,,66,centre,76.32,ok,0,0,1,1,1,1,1,10,150
24228,game,3,,,0,1,66.2,76.32,140,2,,,66,centre,76.32,ok,0,0,1,1,1,1,1,10,150
24230,game,3,,,0,1,66.2,76.32,140,2,,,66,centre,76.32,ok,0,0,1,1,1,1,1,10,150
24327,game,3,,,0,1,,66.2,140,2,,,66,centre,66.2,ok,0,0,1,1,1,1,1,10,150
24329,game,3,,,0,1,,66.2,140,2,,,66,centre,66.2,ok,0,0,1,1,1,1,1,10,150
24329,game,3,,,0,1,,66.2,140,2,,,66,centre,66.2,ok,0,0,1,1,1,1,1,10,150
24356,game,3,,,0,1,,66.2,140,2,,,66,centre,66.2,ok,0,0,1,1,1,1,1,10,150
24357,game,3,,,0,1,,66.2,140,2,,,66,centre,66.2,ok,0,0,1,1,1,1,1,10,150
24376,game,3,,,0,1,,66.2,140,2,,,66,centre,66.2,ok,0,0,1,1,1,1,1,10,150
24430,game,3,78.15,,0,1,,66.2,140,2,,,66,centre,66.2,ok,0,0,1,1,1,1,1,10,150
24430,game,3,78.15,,0,1,,66.2,140,2,,,66,centre,66.2,ok,0,0,1,1,1,1,1,10,150
24449,game,3,78.15,,1,1,,66.2,140,2,,,66,centre,66.2,ok,0,0,1,1,1,1,1,10,150
24491,game,3,78.15,78.15,7,1,,66.2,140,2,,,66,centre,66.2,ok,0,0,1,1,1,1,1,10,150
24534,game,3,78.15,78.15,7,1,,66.2,140,2,,,66,centre,66.2,ok,0,0,1,1,1,1,1,10,150
24544,game,3,,78.15,7,1,,66.2,140,2,,,66,centre,66.2,ok,0,0,1,1,1,1,1,10,150
24635,game,3,,78.15,7,1,,66.2,140,2,,,66,centre,66.2,ok,0,0,1,1,1,1,1,10,150
24636,game,3,,78.15,7,1,,66.2,140,2,,,66,centre,66.2,ok,0,0,1,1,1,1,1,10,150
24652,game,3,,78.15,7,1,,66.2,140,2,,,66,centre,66.2,ok,0,0,1,1,1,1,1,10,150
24653,game,3,,78.15,7,1,,66.2,140,2,,,66,centre,66.2,ok,0,0,1,1,1,1,1,10,150
24737,game,3,,78.15,7,1,,,140,2,,,66,left,78.15,ok,0,0,1,1,0,1,1,10,150
24738,game,3,,78.15,7,1,,,140,2,,,66,left,78.15,ok,0,0,1,1,0,1,1,10,150
24757,game,3,,78.15,7,1,,,140,2,,,66,left,78.15,ok,0,0,1,1,0,1,1,10,150
24758,game,3,,78.15,7,1,,,140,2,,,66,left,78.15,ok,0,0,1,1,0,1,1,10,150
24778,game,3,,78.15,7,1,,,140,2,,,66,left,78.15,ok,0,0,1,1,0,1,1,10,150
24842,game,3,,78.15,7,1,,,140,2,,,66,left,78.15,ok,0,0,1,1,0,1,1,10,150
24846,game,3,,78.15,7,1,,,140,2,,,66,left,78.15,ok,0,0,1,1,0,1,1,10,150
24943,game,3,,,7,1,,,140,2,,,66,,,ok,1,0,1,1,,,1,10,150
24943,game,3,,,7,1,,,140,2,,,66,,,ok,1,0,1,1,,,1,10,150
24961,game,3,,,7,1,,,140,2,,,66,,,ok,1,0,1,1,,,1,10,150
24963,game,3,,,7,1,,,140,2,,,66,,,ok,1,1,1,1,,,1,10,150
25045,game,3,,,7,1,,,140,2,,,66,,,ok,1,2,1,1,,,1,10,150
25046,game,3,,,7,1,,,140,2,,,66,,,ok,1,2,1,1,,,1,10,150
25058,game,3,,,7,1,,,140,2,,,66,,,ok,1,3,1,1,,,1,10,150
25059,game,3,,,7,1,,,140,2,,,66,,,ok,1,4,1,1,,,1,10,150
25059,game,3,,,7,1,,,140,2,,,66,,,ok,1,4,1,1,,,1,10,150
25146,game,3,,,7,1,,,140,2,253.19,,66,,,ok,1,5,1,1,,,1,10,150
25147,game,3,,,7,1,,,140,2,,,66,,,ok,1,5,1,1,,,1,10,150
25164,game,3,,,7,1,,,140,2,,,66,,,ok,1,5,1,1,,,1,10,150
25166,game,3,,,7,1,,,140,2,,,66,,,ok,1,6,1,1,,,1,10,150
25249,game,3,,,7,1,,,140,2,,,66,,,ok,1,7,1,1,,,1,10,150
25250,game,3,,,7,1,,,140,2,,,66,,,ok,1,7,1,1,,,1,10,150
25297,game,3,,,7,1,,,140,2,,,66,,,ok,1,8,1,1,,,1,10,150
25298,game,3,,,7,1,,,140,2,,,66,,,ok,1,8,1,1,,,1,10,150
25315,game,3,,,7,1,,,140,2,,,66,,,ok,1,8,1,1,,,1,10,150
25376,game,3,,,7,1,,,140,2,,,66,,,ok,1,9,1,1,,,1,10,150
25377,game,3,,,7,1,,,140,2,,,66,,,ok,1,9,1,1,,,1,10,150
25393,game,3,,,7,1,,,140,2,,,66,,,ok,1,10,1,1,,,1,10,150
25466,game,3,,,7,1,,,140,2,,,66,,,ok,1,11,1,1,,,1,10,150
25467,game,3,,,7,1,,,140,2,,,66,,,ok,1,11,1,1,,,1,10,150
25481,game,3,,,7,1,,,140,2,,,66,,,ok,1,12,1,1,,,1,10,150
25556,game,3,,,7,1,,,140,2,,,66,,,ok,1,13,1,1,,,1,10,150
25557,game,3,,,7,1,,,140,2,,,66,,,ok,1,13,1,1,,,1,10,150
25574,game,3,,,7,1,,,140,2,,,66,,,ok,1,13,1,1,,,1,10,150
25658,game,3,,,7,1,,,140,2,,,66,,,ok,1,14,1,1,,,1,10,150
25660,game,3,,,7,1,,,140,2,,,66,,,ok,1,15,1,1,,,1,10,150
25660,game,3,,,7,1,,,140,2,,,66,,,ok,1,15,1,1,,,1,10,150
25756,game,3,,,7,1,,,140,2,,,66,,,ok,1,16,1,1,,,1,10,150
25757,game,3,,,7,1,,,140,2,,,66,,,ok,1,16,1,1,,,1,10,150
25769,game,3,,,7,1,,,140,2,,,66,,,ok,1,17,1,1,,,1,10,150
25772,game,3,,,7,1,,,140,2,,,66,,,ok,1,18,1,1,,,1,10,150
25865,game,3,,,7,1,,,140,2,,,66,,,ok,1,19,1,1,,,1,10,150
25866,game,3,,,7,1,,,140,2,,,66,,,ok,1,19,1,1,,,1,10,150
25876,game,3,,,7,1,,,140,2,,,66,,,ok,1,19,1,1,,,1,10,150
25888,game,3,,,7,1,,,140,2,117.65,,66,,,ok,1,20,1,1,,,1,10,150
25889,game,3,,,7,1,212.23,,140,2,117.65,117.65,66,right,117.65,ok,0,0,1,1,2,2,1,10,150
25972,game,3,,,7,1,212.23,212.23,147,2,117.65,117.65,66,right,117.65,ok,0,0,1,1,2,2,1,10,150
25978,game,3,,,7,1,,212.23,147,2,117.65,117.65,66,right,117.65,ok,0,0,1,1,2,2,1,10,150
25979,game,3,,,7,1,,212.23,147,2,117.65,117.65,66,right,117.65,ok,0,0,1,1,2,2,1,10,150
26069,game,3,,,7,1,,212.23,147,2,,117.65,66,right,117.65,ok,0,0,1,1,2,2,1,10,150
26070,game,3,,,7,1,,212.23,147,2,,117.65,66,right,117.65,ok,0,0,1,1,2,2,1,10,150
26087,game,3,,,7,1,,212.23,147,2,,117.65,66,right,117.65,ok,0,0,1,1,2,2,1,10,150
26088,game,3,,,7,1,,212.23,147,2,,117.65,66,right,117.65,ok,0,0,1,1,2,2,1,10,150
26181,game,3,,,7,1,,212.23,147,2,,117.65,66,right,117.65,ok,0,0,1,1,2,2,1,10,150
26184,game,3,,,7,1,,212.23,147,2,,117.65,66,right,117.65,ok,0,0,1,1,2,2,1,10,150
26196,game,3,,,7,1,,212.23,147,2,,117.65,66,right,117.65,ok,0,0,1,1,2,2,1,10,150
26275,game,3,,,7,1,,212.23,147,2,,117.65,66,right,117.65,ok,0,0,1,1,2,2,1,10,150
26276,game,3,,,7,1,,212.23,147,2,,117.65,66,right,117.65,ok,0,0,1,1,2,2,1,10,150
26293,game,3,,,7,1,,212.23,147,2,,117.65,66,right,117.65,ok,0,0,1,1,2,2,1,10,150
26294,game,3,,,7,1,,212.23,147,2,,117.65,66,right,117.65,ok,0,0,1,1,2,2,1,10,150
26294,game,3,,,7,1,,212.23,147,2,,117.65,66,right,117.65,ok,0,0,1,1,2,2,1,10,150
26376,game,3,,,7,1,,,147,2,,117.65,66,right,117.65,ok,0,0,1,1,2,2,1,10,150
26377,game,3,,,7,1,,,147,2,,117.65,66,right,117.65,ok,0,0,1,1,2,2,1,10,150
26392,game,3,,,7,1,,,147,2,,117.65,66,right,117.65,ok,0,0,1,1,2,2,1,10,150
26393,game,3,,,7,1,,,147,2,,117.65,66,right,117.65,ok,0,0,1,1,2,2,1,10,150
26478,game,3,,,7,1,,,147,2,,,66,,,ok,1,0,1,1,,,1,10,150
26479,game,3,,,7,1,,,147,2,,,66,,,ok,1,0,1,1,,,1,10,150
26509,game,3,,,7,1,,,147,2,,,66,,,ok,1,0,1,1,,,1,10,150
26579,game,3,,,7,1,,,147,2,,,66,,,ok,1,1,1,1,,,1,10,150
26584,game,3,,,7,1,,,147,2,,,66,,,ok,1,2,1,1,,,1,10,150
26584,game,3,,,7,1,,,147,2,,,66,,,ok,1,2,1,1,,,1,10,150
26685,game,3,,,7,1,,,147,2,,,66,,,ok,1,3,1,1,,,1,10,150
26685,game,3,,,7,1,,,147,2,,,66,,,ok,1,3,1,1,,,1,10,150
26703,game,3,,,7,1,,,147,2,,,66,,,ok,1,3,1,1,,,1,10,150
26704,game,3,,,7,1,,,147,2,,,66,,,ok,1,4,1,1,,,1,10,150
26705,game,3,,,7,1,,,147,2,,,66,,,ok,1,4,1,1,,,1,10,150
26785,game,3,,,7,1,,,147,2,,,66,,,ok,1,5,1,1,,,1,10,150
26787,game,3,,,7,1,,,147,2,,,66,,,ok,1,5,1,1,,,1,10,150
26807,game,3,,,7,1,,,147,2,,,66,,,ok,1,6,1,1,,,1,10,150
26887,game,3,,,7,1,191.53,,147,2,72.68,,66,,,ok,1,7,1,1,,,1,10,150
26889,game,3,,,7,1,191.53,191.53,147,2,72.68,,67,centre,191.53,ok,1,8,1,1,,,1,10,150
26889,game,3,,,7,1,191.53,191.53,147,2,72.68,,67,centre,191.53,ok,1,8,1,1,,,1,10,150
26989,game,3,,,7,1,,191.53,147,2,,72.68,73,right,72.68,ok,0,0,1,1,2,1,1,10,150
26990,game,3,,,7,1,,191.53,147,2,,72.68,73,right,72.68,ok,0,0,1,1,2,1,1,10,150
27009,game,3,,,7,1,,191.53,147,2,,72.68,73,right,72.68,ok,0,0,1,1,2,1,1,10,150
27010,game,3,,,7,1,,191.53,147,2,,72.68,73,right,72.68,ok,0,0,1,1,2,1,1,10,150
27011,game,3,,,7,1,,191.53,147,2,,72.68,73,right,72.68,ok,0,0,1,1,2,1,1,10,150
27031,game,3,,,7,1,,191.53,147,2,,72.68,73,right,72.68,ok,0,0,1,1,2,1,1,10,150
27095,game,3,,,7,1,,191.53,147,2,,72.68,73,right,72.68,ok,0,0,1,1,2,1,1,10,150
27101,game,3,,,7,1,,191.53,147,2,,72.68,73,right,72.68,ok,0,0,1,1,2,1,1,10,150
27102,game,3,,,7,1,,191.53,147,2,,72.68,73,right,72.68,ok,0,0,1,1,2,1,1,10,150
27134,game,3,,,7,1,,191.53,147,2,,72.68,73,right,72.68,ok,0,0,1,1,2,1,1,10,150
27196,game,3,,,7,1,,191.53,147,2,,72.68,73,right,72.68,ok,0,0,1,1,2,1,1,10,150
27197,game,3,,,7,1,,191.53,147,2,,72.68,73,right,72.68,ok,0,0,1,1,2,1,1,10,150
27214,game,3,,,7,1,,191.53,147,2,,72.68,73,right,72.68,ok,0,0,1,1,2,1,1,10,150
27296,game,3,,,7,1,,191.53,147,2,,72.68,73,right,72.68,ok,0,0,1,1,2,1,1,10,150
27306,game,3,,,7,1,,191.53,147,2,,72.68,73,right,72.68,ok,0,0,1,1,2,1,1,10,150
27312,game,3,,,7,1,,191.53,147,2,194.24,72.68,73,right,72.68,ok,0,0,1,1,2,1,1,10,150
27336,game,3,,,7,1,,191.53,147,2,194.24,72.68,74,right,72.68,ok,0,0,1,1,2,1,1,10,150
27414,game,3,,,7,1,,,147,2,194.24,194.24,80,right,194.24,ok,1,0,1,1,,,1,10,150
27415,game,3,,,7,1,,,147,2,194.24,194.24,80,right,194.24,ok,1,0,1,1,,,1,10,150
27432,game,3,,,7,1,,,147,2,,194.24,80,right,194.24,ok,1,1,1,1,,,1,10,150
27433,game,3,,,7,1,,,147,2,,194.24,80,right,194.24,ok,1,2,1,1,,,1,10,150
27504,game,3,,,7,1,,,147,2,,194.24,80,right,194.24,ok,1,3,1,1,,,1,10,150
27505,game,3,,,7,1,,,147,2,,194.24,80,right,194.24,ok,1,3,1,1,,,1,10,150
27525,game,3,,,7,1,,,147,2,,194.24,80,right,194.24,ok,1,3,1,1,,,1,10,150
27603,game,3,,,7,1,,,147,2,,194.24,80,right,194.24,ok,1,4,1,1,,,1,10,150
27609,game,3,,,7,1,156.99,,147,2,,194.24,80,right,194.24,ok,1,5,1,1,,,1,10,150
27609,game,3,,,7,1,156.99,,147,2,,194.24,80,right,194.24,ok,1,5,1,1,,,1,10,150
27643,game,3,,,7,1,156.99,,147,2,,194.24,80,right,194.24,ok,1,5,1,1,,,1,10,150
27706,game,3,,,7,1,156.99,156.99,147,2,,194.24,80,centre,156.99,ok,1,6,1,1,,,1,10,150
27710,game,3,,,7,1,156.99,156.99,147,2,64.3,194.24,80,centre,156.99,ok,1,7,1,1,,,1,10,150
27715,game,3,,,7,1,,156.99,147,2,64.3,194.24,81,centre,156.99,ok,1,8,1,1,,,1,10,150
27716,game,3,,,7,1,,156.99,147,2,64.3,194.24,81,centre,156.99,ok,1,8,1,1,,,1,10,150
27810,game,3,,,7,1,,156.99,147,2,64.3,64.3,87,right,64.3,ok,0,0,1,1,2,1,1,10,150
27815,game,3,,,7,1,,156.99,147,2,64.3,64.3,87,right,64.3,ok,0,0,1,1,2,1,1,10,150
27816,game,3,,,7,1,,156.99,147,2,64.3,64.3,87,right,64.3,ok,0,0,1,1,2,1,1,10,150
27911,game,3,,,7,1,,156.99,147,2,,64.3,87,right,64.3,ok,0,0,1,1,2,1,1,10,150
27912,game,3,,,7,1,,156.99,147,2,,64.3,87,right,64.3,ok,0,0,1,1,2,1,1,10,150
27928,game,3,,,7,1,,156.99,147,2,,64.3,87,right,64.3,ok,0,0,1,1,2,1,1,10,150
27929,game,3,,,7,1,,156.99,147,2,,64.3,87,right,64.3,ok,0,0,1,1,2,1,1,10,150
28013,game,3,,,7,1,,156.99,147,2,,64.3,87,right,64.3,ok,0,0,2,1,2,1,1,10,150
28021,game,3,,,7,1,,156.99,147,2,,64.3,87,right,64.3,ok,0,0,2,1,2,1,1,10,150
28022,game,3,,,7,1,,156.99,147,2,,64.3,87,right,64.3,ok,0,0,2,1,2,1,1,10,150
28117,game,3,,,7,1,,,147,2,,64.3,87,right,64.3,ok,0,0,2,1,2,1,1,10,150
28118,game,3,,,7,1,,,147,2,,64.3,87,right,64.3,ok,0,0,2,1,2,1,1,10,150
28119,game,3,,,7,1,,,147,2,,64.3,87,right,64.3,ok,0,0,2,1,2,1,1,10,150
28152,game,3,,,7,1,,,147,2,,64.3,87,right,64.3,ok,0,0,2,1,2,1,1,10,150
28152,game,3,,,7,1,,,147,2,,64.3,87,right,64.3,ok,0,0,2,1,2,1,1,10,150
28172,game,3,,,7,1,,,147,2,,64.3,87,right,64.3,ok,0,0,2,1,2,1,1,10,150
28219,game,3,,,7,1,,,147,2,,64.3,87,right,64.3,ok,0,0,2,1,2,1,1,10,150
28231,game,3,,,7,1,,,147,2,212.54,64.3,87,right,64.3,ok,0,0,2,1,2,1,1,10,150
28322,game,3,,,7,1,,,147,2,212.54,212.54,94,right,212.54,ok,1,0,2,1,,,1,10,150
28323,game,3,,,7,1,,,147,2,,212.54,94,right,212.54,ok,1,0,2,1,,,1,10,150
28341,game,3,,,7,1,,,147,2,,212.54,94,right,212.54,ok,1,1,2,1,,,1,10,150
28342,game,3,,,7,1,,,147,2,,212.54,94,right,212.54,ok,1,1,2,1,,,1,10,150
28424,game,3,,,7,1,,,147,2,,212.54,94,right,212.54,ok,1,2,2,1,,,1,10,150
28426,game,3,,,7,1,,,147,2,,212.54,94,right,212.54,ok,1,3,2,1,,,1,10,150
28426,game,3,,,7,1,,,147,2,,212.54,94,right,212.54,ok,1,3,2,1,,,1,10,150
28448,game,3,,,7,1,,,147,2,,212.54,94,right,212.54,ok,1,3,2,1,,,1,10,150
28525,game,3,,,7,1,,,147,2,,212.54,94,right,212.54,ok,1,4,2,1,,,1,10,150
28526,game,3,,,7,1,,,147,2,,212.54,94,right,212.54,ok,1,4,2,1,,,1,10,150
28543,game,3,,,7,1,,,147,2,,212.54,94,right,212.54,ok,1,4,2,1,,,1,10,150
28544,game,3,,,7,1,,,147,2,,212.54,94,right,212.54,ok,1,4,2,1,,,1,10,150
28627,game,3,,,7,1,,,147,2,,212.54,94,right,212.54,ok,1,5,2,1,,,1,10,150
28628,game,3,,,7,1,,,147,2,,212.54,94,right,212.54,ok,1,5,2,1,,,1,10,150
28644,game,3,,,7,1,,,147,2,,212.54,94,right,212.54,ok,1,5,2,1,,,1,10,150
28646,game,3,,,7,1,,,147,2,,212.54,94,right,212.54,ok,1,6,2,1,,,1,10,150
28677,game,3,,,7,1,,,147,2,,212.54,94,right,212.54,ok,1,7,2,1,,,1,10,150
28682,game,3,,,7,1,,,147,2,,,94,,,ok,1,8,2,1,,,1,10,150
28780,game,3,,,7,1,,,147,2,,,94,,,ok,1,9,2,1,,,1,10,150
28781,game,3,,,7,1,,,147,2,,,94,,,ok,1,9,2,1,,,1,10,150
28798,game,3,,,7,1,,,147,2,,,94,,,ok,1,9,2,1,,,1,10,150
28799,game,3,,,7,1,,,147,2,,,94,,,ok,1,10,2,1,,,1,10,150
28859,game,3,,,7,1,,,147,2,,,94,,,ok,1,11,2,1,,,1,10,150
28860,game,3,,,7,1,,,147,2,,,94,,,ok,1,11,2,1,,,1,10,150
28878,game,3,,,7,1,,,147,2,,,94,,,ok,1,11,2,1,,,1,10,150
28938,game,3,,,7,1,,,147,2,,,94,,,ok,1,12,2,1,,,1,10,150
28942,game,3,,,7,1,,,147,2,,,94,,,ok,1,13,2,1,,,1,10,150
28943,game,3,,,7,1,,,147,2,,,94,,,ok,1,13,2,1,,,1,10,150
29036,game,3,,,7,1,,,147,2,,,94,,,ok,1,14,2,1,,,1,10,150
29042,game,3,,,7,1,,,147,2,,,94,,,ok,1,15,2,1,,,1,10,150
29101,game,3,,,7,1,247.1,,147,2,,,94,,,ok,1,16,2,1,,,1,10,150
29102,game,3,,,7,1,247.1,,147,2,,,94,,,ok,1,16,2,1,,,1,10,150
29119,game,3,,,7,1,247.1,,147,2,,,94,,,ok,1,16,2,1,,,1,10,150
29195,game,3,,,7,1,,247.1,154,2,,,94,centre,247.1,ok,1,17,2,1,,,1,10,150
29196,game,3,,,7,1,,247.1,154,2,,,94,centre,247.1,ok,1,17,2,1,,,1,10,150
29213,game,3,,,7,1,,247.1,154,2,,,94,centre,247.1,ok,1,17,2,1,,,1,10,150
29214,game,3,,,7,1,,247.1,154,2,,,94,centre,247.1,ok,1,18,2,1,,,1,10,150
29264,game,3,,,7,1,,247.1,154,2,,,94,centre,247.1,ok,1,19,2,1,,,1,10,150
29267,game,3,,,7,1,,247.1,154,2,,,94,centre,247.1,ok,1,20,2,1,,,1,10,150
29273,game,3,,,7,1,,247.1,154,2,,,94,centre,247.1,ok,1,21,2,1,,,1,10,150
29351,game,3,,,7,1,,247.1,154,2,,,94,centre,247.1,ok,1,22,2,1,,,1,10,150
29351,game,3,,,7,1,,247.1,154,2,,,94,centre,247.1,ok,1,22,2,1,,,1,10,150
29368,game,3,,,7,1,,247.1,154,2,,,94,centre,247.1,ok,1,23,2,1,,,1,10,150
29448,game,3,,,7,1,,247.1,154,2,,,94,centre,247.1,ok,1,24,2,1,,,1,10,150
29452,game,3,,,7,1,,247.1,154,2,,,94,centre,247.1,ok,1,25,2,1,,,1,10,150
29459,game,3,,,7,1,144.11,247.1,154,2,,,94,centre,247.1,ok,1,26,2,1,,,1,10,150
29554,game,3,,,7,1,144.11,144.11,161,2,,,94,centre,144.11,ok,0,0,2,1,1,2,1,10,150
29564,game,3,,,7,1,144.11,144.11,161,2,,,94,centre,144.11,ok,0,0,2,1,1,2,1,10,150
29566,game,3,,,7,1,,144.11,161,2,,,94,centre,144.11,ok,0,0,2,1,1,2,1,10,150
29651,game,3,,,7,1,,144.11,161,2,,,94,centre,144.11,ok,0,0,2,1,1,2,1,10,150
29652,game,3,,,7,1,,144.11,161,2,,,94,centre,144.11,ok,0,0,2,1,1,2,1,10,150
29670,game,3,,,7,1,,144.11,161,2,,,94,centre,144.11,ok,0,0,2,1,1,2,1,10,150
29671,game,3,,,7,1,,144.11,161,2,,,94,centre,144.11,ok,0,0,2,1,1,2,1,10,150
29768,game,3,,,7,1,,144.11,161,2,,,94,centre,144.11,ok,0,0,2,1,1,2,1,10,150
29769,game,3,,,7,1,,144.11,161,2,,,94,centre,144.11,ok,0,0,2,1,1,2,1,10,150
29787,game,3,,,7,1,,144.11,161,2,,,94,centre,144.11,ok,0,0,2,1,1,2,1,10,150
29788,game,3,,,7,1,,144.11,161,2,,,94,centre,144.11,ok,0,0,2,1,1,2,1,10,150
29789,game,3,,,7,1,,144.11,161,2,,,94,centre,144.11,ok,0,0,2,1,1,2,1,10,150
29878,game,3,,,7,1,,144.11,161,2,,,94,centre,144.11,ok,0,0,2,1,1,2,1,10,150
29879,game,3,,,7,1,,144.11,161,2,,,94,centre,144.11,ok,0,0,2,1,1,2,1,10,150
29897,game,3,,,7,1,,144.11,161,2,,,94,centre,144.11,ok,0,0,2,1,1,2,1,10,150
29975,game,3,,,7,1,,,161,2,,,94,,,ok,1,0,2,1,,,1,10,150
29976,game,3,,,7,1,,,161,2,,,94,,,ok,1,0,2,1,,,1,10,150
29992,game,3,,,7,1,,,161,2,,,94,,,ok,1,0,2,1,,,1,10,150
29993,game,3,,,7,1,204.17,,161,2,,,94,,,ok,1,1,2,1,,,1,10,150
29994,game,3,,,7,1,204.17,,161,2,,,94,,,ok,1,1,2,1,,,1,10,150
30062,game,3,,,7,1,204.17,204.17,168,2,,,94,centre,204.17,ok,1,2,2,1,,,1,10,150
30068,game,3,,,7,1,,204.17,168,2,,,94,centre,204.17,ok,1,3,2,1,,,1,10,150
30167,game,3,,,7,1,,204.17,168,2,,,94,centre,204.17,ok,1,4,2,1,,,1,10,150
30169,game,3,,,7,1,,204.17,168,2,,,94,centre,204.17,ok,1,4,2,1,,,1,10,150
30190,game,3,,,7,1,,204.17,168,2,,,94,centre,204.17,ok,1,5,2,1,,,1,10,150
30191,game,3,,,7,1,,204.17,168,2,,,94,centre,204.17,ok,1,6,2,1,,,1,10,150
30269,game,3,,,7,1,,204.17,168,2,,,94,centre,204.17,ok,1,7,2,1,,,1,10,150
30271,game,3,,,7,1,,204.17,168,2,,,94,centre,204.17,ok,1,8,2,1,,,1,10,150
30272,game,3,,,7,1,,204.17,168,2,,,94,centre,204.17,ok,1,8,2,1,,,1,10,150
30294,game,3,,,7,1,,204.17,168,2,,,94,centre,204.17,ok,1,9,2,1,,,1,10,150
30370,game,3,,,7,1,,204.17,168,2,,,94,centre,204.17,ok,1,10,2,1,,,1,10,150
30375,game,3,,,7,1,,204.17,168,2,,,94,centre,204.17,ok,1,11,2,1,,,1,10,150
30376,game,3,,,7,1,,204.17,168,2,,,94,centre,204.17,ok,1,12,2,1,,,1,10,150
30473,game,3,,,7,1,,,168,2,,,94,,,ok,1,13,2,1,,,1,10,150
30475,game,3,,,7,1,,,168,2,,,94,,,ok,1,14,2,1,,,1,10,150
30476,game,3,,,7,1,,,168,2,,,94,,,ok,1,14,2,1,,,1,10,150
30496,game,3,,,7,1,,,168,2,,,94,,,ok,1,14,2,1,,,1,10,150
30497,game,3,,,7,1,,,168,2,,,94,,,ok,1,14,2,1,,,1,10,150
30532,game,3,,,7,1,,,168,2,,,94,,,ok,1,15,2,1,,,1,10,150
30677,game,3,,,7,1,,,168,2,,,94,,,ok,1,16,2,1,,,1,10,150
30680,game,3,,,7,1,,,168,2,,,94,,,ok,1,17,2,1,,,1,10,150
30681,game,3,,,7,1,,,168,2,,,94,,,ok,1,17,2,1,,,1,10,150
30706,game,3,,,7,1,,,168,2,,,94,,,ok,1,17,2,1,,,1,10,150
30707,game,3,,,7,1,,,168,2,,,94,,,ok,1,18,2,1,,,1,10,150
30708,game,3,,,7,1,,,168,2,,,94,,,ok,1,18,2,1,,,1,10,150
30781,game,3,,,7,1,,,168,2,,,94,,,ok,1,19,2,1,,,1,10,150
30784,game,3,,,7,1,,,168,2,,,94,,,ok,1,20,2,1,,,1,10,150
30883,game,3,,,7,1,,,168,2,254.52,,94,,,ok,1,21,2,1,,,1,10,150
30884,game,3,,,7,1,,,168,2,,,94,,,ok,1,21,2,1,,,1,10,150
30903,game,3,,,7,1,,,168,2,,,94,,,ok,1,22,2,1,,,1,10,150
30904,game,3,,,7,1,,,168,2,,,94,,,ok,1,22,2,1,,,1,10,150
30917,game,3,,,7,1,,,168,2,,,94,,,ok,1,23,2,1,,,1,10,150
30917,game,3,,,7,1,,,168,2,,,94,,,ok,1,23,2,1,,,1,10,150
30994,game,3,,,7,1,,,168,2,,,94,,,ok,1,24,2,1,,,1,10,150
30996,game,3,,,7,1,,,168,2,,,94,,,ok,1,24,2,1,,,1,10,150
31009,game,3,,,7,1,,,168,2,,,94,,,ok,1,25,2,1,,,1,10,150
31089,game,3,,,7,1,,,168,2,,,94,,,ok,1,26,2,1,,,1,10,150
31090,game,3,,,7,1,,,168,2,,,94,,,ok,1,26,2,1,,,1,10,150
31108,game,3,,,7,1,,,168,2,,,94,,,ok,1,26,2,1,,,1,10,150
31108,game,3,,,7,1,,,168,2,,,94,,,ok,1,26,2,1,,,1,10,150
31146,game,3,,,7,1,,,168,2,,,94,,,ok,1,27,2,1,,,1,10,150
31190,game,3,,,7,1,,,168,2,,,94,,,ok,1,28,2,1,,,1,10,150
31196,game,3,,,7,1,,,168,2,,,94,,,ok,1,29,2,1,,,1,10,150
31294,game,3,,,7,1,,,168,2,,,94,,,ok,1,30,2,1,,,1,10,150
31294,game,3,,,7,1,,,168,2,,,94,,,ok,1,30,2,1,,,1,10,150
31312,game,3,,,7,1,,,168,2,,,94,,,ok,1,30,2,1,,,1,10,150
31394,game,3,,,7,1,,,168,2,,,94,,,ok,1,31,2,1,,,1,10,150
31394,game,3,,,7,1,,,168,2,,,94,,,ok,1,31,2,1,,,1,10,150
31411,game,3,,,7,1,,,168,2,,,94,,,ok,1,31,2,1,,,1,10,150
31411,game,3,,,7,1,,,168,2,,,94,,,ok,1,31,2,1,,,1,10,150
31422,game,3,,,7,1,,,168,2,,,94,,,ok,1,31,2,1,,,1,10,150
31498,game,3,,,7,1,,,168,2,,,94,,,ok,1,32,2,1,,,1,10,150
31498,game,3,,,7,1,,,168,2,,,94,,,ok,1,32,2,1,,,1,10,150
31517,game,3,,,7,1,,,168,2,,,94,,,ok,1,33,2,1,,,1,10,150
31597,game,3,,,7,1,,,168,2,95.46,,94,,,ok,1,34,2,1,,,1,10,150
31598,game,3,,,7,1,,,168,2,95.46,,94,,,ok,1,34,2,1,,,1,10,150
31627,game,3,,,7,1,,,168,2,95.46,,94,,,ok,1,34,2,1,,,1,10,150
31628,game,3,,,7,1,,,168,2,,95.46,94,right,95.46,ok,0,0,2,1,2,1,1,10,150
31629,game,3,,,7,1,,,168,2,,95.46,94,right,95.46,ok,0,0,2,1,2,1,1,10,150
31701,game,3,,,7,1,,,168,2,,95.46,94,right,95.46,ok,0,0,2,1,2,1,1,10,150
31702,game,3,,,7,1,,,168,2,,95.46,94,right,95.46,ok,0,0,2,1,2,1,1,10,150
31728,game,3,,,7,1,,,168,2,,95.46,94,right,95.46,ok,0,0,2,1,2,1,1,10,150
31756,game,3,,,7,1,,,168,2,,95.46,94,right,95.46,ok,0,0,2,1,2,1,1,10,150
31757,game,3,,,7,1,,,168,2,,95.46,94,right,95.46,ok,0,0,2,1,2,1,1,10,150
31862,game,3,,,7,1,,,168,2,,95.46,94,right,95.46,ok,0,0,2,1,2,1,1,10,150
31862,game,3,,,7,1,,,168,2,,95.46,94,right,95.46,ok,0,0,2,1,2,1,1,10,150
31891,game,3,,,7,1,,,168,2,,95.46,94,right,95.46,ok,0,0,2,1,2,1,1,10,150
31892,game,3,,,7,1,,,168,2,,95.46,94,right,95.46,ok,0,0,2,1,2,1,1,10,150
31915,game,3,,,7,1,,,168,2,,95.46,94,right,95.46,ok,0,0,2,1,2,1,1,10,150
31954,game,3,,,7,1,,,168,2,,95.46,94,right,95.46,ok,0,0,2,1,2,1,1,10,150
31954,game,3,,,7,1,,,168,2,,95.46,94,right,95.46,ok,0,0,2,1,2,1,1,10,150
31982,game,3,,,7,1,,,168,2,,95.46,94,right,95.46,ok,0,0,2,1,2,1,1,10,150
32027,game,3,,,7,1,,,168,2,,,94,,,ok,1,1,2,1,,,1,10,150
32028,game,3,,,7,1,,,168,2,,,94,,,ok,1,1,2,1,,,1,10,150
32050,game,3,,,7,1,,,168,2,,,94,,,ok,1,2,2,1,,,1,10,150
32113,game,3,,,7,1,,,168,2,,,94,,,ok,1,3,2,1,,,1,10,150
32114,game,3,,,7,1,,,168,2,,,94,,,ok,1,3,2,1,,,1,10,150
32138,game,3,,,7,1,,,168,2,,,94,,,ok,1,3,2,1,,,1,10,150
32167,game,3,,,7,1,75.39,,168,2,,,94,,,ok,1,4,2,1,,,1,10,150
32171,game,3,,,7,1,75.39,,168,2,,,94,,,ok,1,4,2,1,,,1,10,150
32255,game,3,,,7,1,103.6,,174,2,,,94,,,ok,1,5,2,1,,,1,10,150
32255,game,3,,,7,1,103.6,,174,2,,,94,,,ok,1,5,2,1,,,1,10,150
32278,game,3,,,7,1,103.6,,174,2,,,94,,,ok,1,5,2,1,,,1,10,150
32335,game,3,91.32,,7,1,,,180,2,,,94,,,ok,1,6,2,1,,,1,10,150
32336,game,3,91.32,,7,1,,,180,2,,,94,,,ok,1,6,2,1,,,1,10,150
32366,game,3,91.32,,7,1,,,180,2,,,94,,,ok,1,6,2,1,,,1,10,150
32417,game,3,91.32,91.32,7,1,,,180,2,,,94,left,91.32,ok,0,0,2,1,0,1,1,10,150
32418,game,3,91.32,91.32,7,1,,,180,2,,,94,left,91.32,ok,0,0,2,1,0,1,1,10,150
32517,game,3,91.32,91.32,7,1,,,180,2,,,94,left,91.32,ok,0,0,2,1,0,1,1,10,150
32528,game,3,91.75,91.32,7,1,,,180,2,,,94,left,91.32,ok,0,0,2,1,0,1,1,10,150
32529,game,3,91.75,91.32,7,1,,,180,2,,,94,left,91.32,ok,0,0,2,1,0,1,1,10,150
32547,game,3,91.75,91.32,7,1,,,180,2,,,94,left,91.32,ok,0,0,2,1,0,1,1,10,150
32548,game,3,91.75,91.32,7,1,,,180,2,,,94,left,91.32,ok,0,0,2,1,0,1,1,10,150
32590,game,3,91.75,91.32,7,1,,,180,2,,,94,left,91.32,ok,0,0,2,1,0,1,1,10,150
32622,game,3,91.75,91.75,7,1,60.23,,180,2,,,94,left,91.75,ok,0,0,2,1,0,1,1,10,150
32623,game,3,91.75,91.75,7,1,60.23,,180,2,,,94,left,91.75,ok,0,0,2,1,0,1,1,10,150
32642,game,3,,91.75,7,1,60.23,,181,2,,,94,left,91.75,ok,0,0,2,1,0,1,1,10,150
32643,game,3,,91.75,7,1,60.23,,182,2,,,94,left,91.75,ok,0,0,2,1,0,1,1,10,150
32721,game,3,,91.75,7,1,60.23,60.23,187,2,,,94,centre,60.23,ok,0,0,2,1,1,1,1,10,150
32729,game,3,,91.75,7,1,60.23,60.23,187,2,,,94,centre,60.23,ok,0,0,2,1,1,1,1,10,150
32734,game,3,,91.75,7,1,59.84,60.23,187,2,,,94,centre,60.23,ok,0,0,2,1,1,1,1,10,150
32856,game,3,,91.75,7,1,59.84,59.84,187,2,,,94,centre,59.84,ok,0,0,2,1,1,1,1,10,150
32857,game,3,,91.75,7,1,59.84,59.84,187,2,,,94,centre,59.84,ok,0,0,2,1,1,1,1,10,150
32888,game,3,,91.75,7,1,59.84,59.84,187,2,,,94,centre,59.84,ok,0,0,2,1,1,1,1,10,150
32889,game,3,,91.75,7,1,59.84,59.84,187,2,,,94,centre,59.84,ok,0,0,2,1,1,1,1,10,150
32890,game,3,,91.75,7,1,61.16,59.84,187,2,,,94,centre,59.84,ok,0,0,2,1,1,1,1,10,150
32890,game,3,,91.75,7,1,61.16,59.84,187,2,,,94,centre,59.84,ok,0,0,2,1,1,1,1,10,150
32938,game,3,,91.75,7,1,,61.16,187,2,,,94,centre,61.16,ok,0,0,2,1,1,1,1,10,150
32939,game,3,,91.75,7,1,,61.16,187,2,,,94,centre,61.16,ok,0,0,2,1,1,1,1,10,150
33032,game,3,,,7,1,,61.16,187,2,,,94,centre,61.16,ok,0,0,2,1,1,1,1,10,150
33032,game,3,,,7,1,,61.16,187,2,,,94,centre,61.16,ok,0,0,2,1,1,1,1,10,150
33046,game,3,,,7,1,,61.16,187,2,,,94,centre,61.16,ok,0,0,2,1,1,1,1,10,150
33047,game,3,,,7,1,,61.16,187,2,,,94,centre,61.16,ok,0,0,2,1,1,1,1,10,150
33130,game,3,,,7,1,,61.16,187,2,,,94,centre,61.16,ok,0,0,2,1,1,1,1,10,150
33131,game,3,,,7,1,,61.16,187,2,,,94,centre,61.16,ok,0,0,2,1,1,1,1,10,150
33149,game,3,,,7,1,88.41,61.16,187,2,,,94,centre,61.16,ok,0,0,2,1,1,1,1,10,150
33153,game,3,,,7,1,88.41,61.16,187,2,,,94,centre,61.16,ok,0,0,2,1,1,1,1,10,150
33190,game,3,,,7,1,89.61,61.16,192,2,,,94,centre,61.16,ok,0,0,2,1,1,1,1,10,150
33195,game,3,,,7,1,89.61,61.16,193,2,118.3,,94,centre,61.16,ok,0,0,2,1,1,1,1,10,150
33241,game,3,,,7,1,89.61,89.61,194,2,118.3,118.3,94,centre,89.61,ok,0,0,1,1,1,1,1,10,150
33268,game,3,,,7,1,85.94,89.61,194,2,118.3,118.3,94,centre,89.61,ok,0,0,1,1,1,1,1,10,150
33276,game,3,,,7,1,85.94,89.61,194,2,91.91,118.3,94,centre,89.61,ok,0,0,1,1,1,1,1,10,150
33277,game,3,,,7,1,85.94,89.61,194,2,91.91,118.3,94,centre,89.61,ok,0,0,1,1,1,1,1,10,150
33350,game,3,,,7,1,85.94,85.94,194,2,,91.91,101,centre,85.94,ok,0,0,1,1,1,1,1,10,150
33350,game,3,,,7,1,85.94,85.94,194,2,,91.91,101,centre,85.94,ok,0,0,1,1,1,1,1,10,150
33373,game,3,,,7,1,81.58,85.94,194,2,,91.91,101,centre,85.94,ok,0,0,1,1,1,1,1,10,150
33374,game,3,,,7,1,81.58,85.94,194,2,,91.91,101,centre,85.94,ok,0,0,1,1,1,1,1,10,150
33442,game,3,,,7,1,,81.58,194,2,,91.91,101,centre,81.58,ok,0,0,1,1,1,1,1,10,150
33443,game,3,,,7,1,,81.58,194,2,,91.91,101,centre,81.58,ok,0,0,1,1,1,1,1,10,150
33544,game,3,,,7,1,,81.58,194,2,,91.91,101,centre,81.58,ok,0,0,1,1,1,1,1,10,150
33545,game,3,,,7,1,,81.58,194,2,,91.91,101,centre,81.58,ok,0,0,1,1,1,1,1,10,150
33546,game,3,,,7,1,,81.58,194,2,,91.91,101,centre,81.58,ok,0,0,1,1,1,1,1,10,150
33569,game,3,,,7,1,,81.58,194,2,,91.91,101,centre,81.58,ok,0,0,1,1,1,1,1,10,150
33571,game,3,,,7,1,,81.58,194,2,,91.91,101,centre,81.58,ok,0,0,1,1,1,1,1,10,150
33646,game,3,,,7,1,82.54,81.58,194,2,,91.91,101,centre,81.58,ok,0,0,1,1,1,1,1,10,150
33647,game,3,,,7,1,82.54,81.58,194,2,,91.91,101,centre,81.58,ok,0,0,1,1,1,1,1,10,150
33675,game,3,,,7,1,82.54,81.58,194,2,,91.91,101,centre,81.58,ok,0,0,1,1,1,1,1,10,150
33748,game,3,,,7,1,58.65,82.54,194,2,,,101,centre,82.54,ok,0,0,1,1,1,1,1,10,150
33749,game,3,,,7,1,58.65,82.54,194,2,,,101,centre,82.54,ok,0,0,1,1,1,1,1,10,150
33750,game,3,,,7,1,58.65,82.54,194,2,,,101,centre,82.54,ok,0,0,1,1,1,1,1,10,150
33773,game,3,,,7,1,58.65,82.54,194,2,,,101,centre,82.54,ok,0,0,1,1,1,1,1,10,150
33774,game,3,,,7,1,58.65,82.54,194,2,,,101,centre,82.54,ok,0,0,1,1,1,1,1,10,150
33775,game,3,,,7,1,58.65,82.54,194,2,,,101,centre,82.54,ok,0,0,1,1,1,1,1,10,150
33807,game,3,,,7,1,85.37,58.65,194,2,,,101,centre,58.65,ok,0,0,1,1,1,1,1,10,150
33809,game,3,,,7,1,85.37,58.65,194,2,61.86,,101,centre,58.65,ok,0,0,1,1,1,1,1,10,150
33906,game,3,247.77,,7,1,85.37,85.37,201,2,61.86,61.86,101,right,61.86,ok,0,0,1,1,2,1,1,10,150
33906,game,3,247.77,,7,1,60.47,85.37,201,2,,61.86,101,right,61.86,ok,0,0,1,1,2,1,1,10,150
33920,game,3,247.77,,7,1,60.47,85.37,201,2,,61.86,101,right,61.86,ok,0,0,1,1,2,1,1,10,150
33942,game,3,247.77,,7,1,60.47,85.37,201,2,,61.86,101,right,61.86,ok,0,0,1,1,2,1,1,10,150
34004,game,3,,247.77,14,1,,60.47,201,2,,61.86,101,right,61.86,ok,0,0,1,1,2,1,1,10,150
34006,game,3,,247.77,14,1,,60.47,201,2,,61.86,101,right,61.86,ok,0,0,1,1,2,1,1,10,150
34007,game,3,,247.77,14,1,,60.47,201,2,,61.86,101,right,61.86,ok,0,0,1,1,2,1,1,10,150
34039,game,3,,247.77,14,1,,60.47,201,2,,61.86,101,right,61.86,ok,0,0,1,1,2,1,1,10,150
34095,game,3,,247.77,14,1,,60.47,201,2,,61.86,101,right,61.86,ok,0,0,1,1,2,1,1,10,150
34097,game,3,,247.77,14,1,,60.47,201,2,,61.86,101,right,61.86,ok,0,0,1,1,2,1,1,10,150
34097,game,3,,247.77,14,1,,60.47,201,2,,61.86,101,right,61.86,ok,0,0,1,1,2,1,1,10,150
34167,game,3,,247.77,14,1,,60.47,201,2,,61.86,101,right,61.86,ok,0,0,1,1,2,1,1,10,150
34168,game,3,,247.77,14,1,,60.47,201,2,,61.86,101,right,61.86,ok,0,0,1,1,2,1,1,10,150
34264,game,3,,247.77,14,1,,60.47,201,2,,,101,centre,60.47,ok,0,0,1,1,1,1,1,10,150
34265,game,3,,247.77,14,1,,60.47,201,2,,,101,centre,60.47,ok,0,0,1,1,1,1,1,10,150
34283,game,3,,247.77,14,1,,60.47,201,2,,,101,centre,60.47,ok,0,0,1,1,1,1,1,10,150
34363,game,3,,,14,1,84.72,,201,2,,,101,,,ok,1,0,1,1,,,1,10,150
34364,game,3,,,14,1,84.72,,201,2,240.01,,101,,,ok,1,0,1,1,,,1,10,150
34377,game,3,,,14,1,84.72,,201,2,240.01,,101,,,ok,1,0,1,1,,,1,10,150
34392,game,3,,,14,1,84.72,,201,2,240.01,,101,,,ok,1,0,1,1,,,1,10,150
34415,game,3,,,14,1,84.72,84.72,201,2,60.42,,102,centre,84.72,ok,0,0,1,1,1,1,1,10,150
34465,game,3,,,14,1,84.96,84.72,201,2,60.42,60.42,102,right,60.42,ok,0,0,1,1,2,1,1,10,150
34466,game,3,,,14,1,84.96,84.72,201,2,,60.42,102,right,60.42,ok,0,0,1,1,2,1,1,10,150
34467,game,3,,,14,1,84.96,84.72,201,2,,60.42,102,right,60.42,ok,0,0,1,1,2,1,1,10,150
34488,game,3,,,14,1,84.96,84.72,201,2,,60.42,102,right,60.42,ok,0,0,1,1,2,1,1,10,150
34568,game,3,,,14,1,84.96,84.96,201,2,,60.42,102,right,60.42,ok,0,0,1,1,2,1,1,10,150
34569,game,3,,,14,1,86.16,84.96,201,2,,60.42,102,right,60.42,ok,0,0,1,1,2,1,1,10,150
34587,game,3,,,14,1,86.16,84.96,201,2,,60.42,102,right,60.42,ok,0,0,1,1,2,1,1,10,150
34587,game,3,,,14,1,86.16,84.96,201,2,,60.42,102,right,60.42,ok,0,0,1,1,2,1,1,10,150
34671,game,3,,,14,1,84.02,86.16,201,2,,60.42,102,right,60.42,ok,0,0,1,1,2,1,1,10,150
34672,game,3,,,14,1,84.02,86.16,201,2,,60.42,102,right,60.42,ok,0,0,1,1,2,1,1,10,150
34688,game,3,,,14,1,84.02,86.16,201,2,,60.42,102,right,60.42,ok,0,0,1,1,2,1,1,10,150
34688,game,3,,,14,1,84.02,86.16,201,2,,60.42,102,right,60.42,ok,0,0,1,1,2,1,1,10,150
34772,game,3,,,14,1,,84.02,201,2,,60.42,102,right,60.42,ok,0,0,1,1,2,1,1,10,150
34773,game,3,,,14,1,,84.02,201,2,,60.42,102,right,60.42,ok,0,0,1,1,2,1,1,10,150
34789,game,3,,,14,1,,84.02,201,2,,60.42,102,right,60.42,ok,0,0,1,1,2,1,1,10,150
34790,game,3,,,14,1,,84.02,201,2,,60.42,102,right,60.42,ok,0,0,1,1,2,1,1,10,150
34826,game,3,,,14,1,,84.02,201,2,,,102,centre,84.02,ok,0,0,2,1,1,1,1,10,150
34827,game,3,,,14,1,,84.02,201,2,,,102,centre,84.02,ok,0,0,2,1,1,1,1,10,150
34877,game,3,,,14,1,,84.02,201,2,,,102,centre,84.02,ok,0,0,2,1,1,1,1,10,150
34976,game,3,,,14,1,,84.02,201,2,,,102,centre,84.02,ok,0,0,2,1,1,1,1,10,150
34981,game,3,,,14,1,246.6,84.02,201,2,,,102,centre,84.02,ok,0,0,2,1,1,1,1,10,150
34982,game,3,,,14,1,246.6,84.02,201,2,,,102,centre,84.02,ok,0,0,2,1,1,1,1,10,150
35003,game,3,,,14,1,246.6,84.02,202,2,,,102,centre,84.02,ok,0,0,2,1,1,1,1,10,150
35078,game,3,,,14,1,,246.6,208,2,,,102,centre,246.6,ok,1,0,2,1,,,1,10,150
35078,game,3,,,14,1,,246.6,208,2,,,102,centre,246.6,ok,1,0,2,1,,,1,10,150
35091,game,3,,,14,1,,246.6,208,2,,,102,centre,246.6,ok,1,1,2,1,,,1,10,150
35092,game,3,,,14,1,,246.6,208,2,,,102,centre,246.6,ok,1,2,2,1,,,1,10,150
35135,game,3,,,14,1,,246.6,208,2,243.36,,102,centre,246.6,ok,1,3,2,1,,,1,10,150
35182,game,3,,,14,1,,246.6,208,2,,243.36,109,centre,246.6,ok,1,4,2,1,,,1,10,150
35193,game,3,,,14,1,,246.6,208,2,,243.36,109,centre,246.6,ok,1,5,2,1,,,1,10,150
35194,game,3,,,14,1,,246.6,208,2,,243.36,109,centre,246.6,ok,1,5,2,1,,,1,10,150
35285,game,3,,,14,1,84.05,246.6,208,2,,243.36,109,centre,246.6,ok,1,6,2,1,,,1,10,150
35286,game,3,,,14,1,84.03,246.6,208,2,,243.36,109,centre,246.6,ok,1,6,2,1,,,1,10,150
35298,game,3,,,14,1,84.03,246.6,209,2,,243.36,109,centre,246.6,ok,1,7,2,1,,,1,10,150
35299,game,3,,,14,1,84.03,246.6,209,2,,243.36,109,centre,246.6,ok,1,7,2,1,,,1,10,150
35338,game,3,,,14,1,84.03,246.6,214,2,,243.36,109,centre,246.6,ok,1,8,2,1,,,1,10,150
35339,game,3,,,14,1,84.03,246.6,214,2,,243.36,109,centre,246.6,ok,1,8,2,1,,,1,10,150
35426,game,3,,,14,1,84.36,84.03,215,2,,243.36,109,centre,84.03,ok,0,0,2,1,1,1,1,10,150
35428,game,3,,,14,1,84.36,84.03,215,2,,243.36,109,centre,84.03,ok,0,0,2,1,1,1,1,10,150
35435,game,3,,,14,1,84.36,84.03,215,2,,243.36,109,centre,84.03,ok,0,0,2,1,1,1,1,10,150
35440,game,3,,,14,1,84.36,84.36,215,2,125.18,243.36,109,centre,84.36,ok,0,0,2,1,1,1,1,10,150
35441,game,3,,,14,1,84.36,84.36,215,2,125.18,243.36,109,centre,84.36,ok,0,0,2,1,1,1,1,10,150
35518,game,3,,,14,1,84.36,84.36,215,2,,125.18,116,centre,84.36,ok,0,0,2,1,1,1,1,10,150
35523,game,3,,,14,1,84.36,84.36,215,2,,125.18,116,centre,84.36,ok,0,0,2,1,1,1,1,10,150
35525,game,3,,,14,1,,84.36,215,2,,125.18,116,centre,84.36,ok,0,0,1,1,1,1,1,10,150
35612,game,3,,,14,1,,84.36,215,2,,125.18,116,centre,84.36,ok,0,0,1,1,1,1,1,10,150
35617,game,3,,,14,1,,84.36,215,2,,125.18,116,centre,84.36,ok,0,0,1,1,1,1,1,10,150
35626,game,3,,,14,1,,84.36,215,2,,125.18,116,centre,84.36,ok,0,0,1,1,1,1,1,10,150
35711,game,3,,,14,1,,84.36,215,2,,125.18,116,centre,84.36,ok,0,0,1,1,1,1,1,10,150
35711,game,3,,,14,1,,84.36,215,2,,125.18,116,centre,84.36,ok,0,0,1,1,1,1,1,10,150
35725,game,3,,,14,1,,84.36,215,2,,125.18,116,centre,84.36,ok,0,0,1,1,1,1,1,10,150
35796,game,3,,,14,1,220.27,84.36,215,2,,125.18,116,centre,84.36,ok,0,0,1,1,1,1,1,10,150
35804,game,3,187.57,,14,1,220.27,84.36,217,2,,125.18,116,centre,84.36,ok,0,0,1,1,1,1,1,10,150
35805,game,3,187.57,,14,1,220.27,84.36,217,2,,125.18,116,centre,84.36,ok,0,0,1,1,1,1,1,10,150
35898,game,3,187.57,187.57,21,1,220.27,220.27,222,2,,,116,left,187.57,ok,1,0,1,1,,,1,10,150
35898,game,3,187.57,187.57,21,1,220.27,220.27,222,2,,,116,left,187.57,ok,1,0,1,1,,,1,10,150
35930,game,3,,187.57,21,1,,220.27,222,2,,,116,left,187.57,ok,1,0,1,1,,,1,10,150
35931,game,3,,187.57,21,1,,220.27,222,2,,,116,left,187.57,ok,1,1,1,1,,,1,10,150
35932,game,3,,187.57,21,1,,220.27,222,2,,,116,left,187.57,ok,1,1,1,1,,,1,10,150
35956,game,3,,187.57,21,1,,220.27,222,2,,,116,left,187.57,ok,1,1,1,1,,,1,10,150
36001,game,3,,187.57,21,1,,220.27,222,2,,,116,left,187.57,ok,1,2,1,1,,,1,10,150
36004,game,3,,187.57,21,1,,220.27,222,2,,,116,left,187.57,ok,1,3,1,1,,,1,10,150
36103,game,3,,187.57,21,1,164.02,220.27,222,2,,,116,left,187.57,ok,1,4,1,1,,,1,10,150
36107,game,3,,187.57,21,1,164.02,220.27,223,2,,,116,left,187.57,ok,1,5,1,1,,,1,10,150
36108,game,3,,187.57,21,1,164.02,220.27,223,2,,,116,left,187.57,ok,1,5,1,1,,,1,10,150
36125,game,3,,187.57,21,1,164.02,220.27,224,2,,,116,left,187.57,ok,1,6,1,1,,,1,10,150
36209,game,3,,187.57,21,1,164.02,164.02,229,2,173.94,,116,centre,164.02,ok,1,7,1,1,,,1,10,150
36209,game,3,,187.57,21,1,164.02,164.02,229,2,,,116,centre,164.02,ok,1,7,1,1,,,1,10,150
36222,game,3,,187.57,21,1,164.02,164.02,229,2,,,116,centre,164.02,ok,1,7,1,1,,,1,10,150
36239,game,3,,187.57,21,1,,164.02,229,2,,,116,centre,164.02,ok,1,8,1,1,,,1,10,150
36239,game,3,,187.57,21,1,,164.02,229,2,,,116,centre,164.02,ok,1,8,1,1,,,1,10,150
36309,game,3,,,21,1,,164.02,229,2,,,116,centre,164.02,ok,1,9,1,1,,,1,10,150
36309,game,3,,,21,1,,164.02,229,2,,,116,centre,164.02,ok,1,9,1,1,,,1,10,150
36322,game,3,,,21,1,,164.02,229,2,,,116,centre,164.02,ok,1,10,1,1,,,1,10,150
36409,game,3,,,21,1,,164.02,229,2,,,116,centre,164.02,ok,1,11,1,1,,,1,10,150
36410,game,3,,,21,1,,164.02,229,2,,,116,centre,164.02,ok,1,11,1,1,,,1,10,150
36430,game,3,,,21,1,,164.02,229,2,,,116,centre,164.02,ok,1,12,1,1,,,1,10,150
36432,game,3,,,21,1,,164.02,229,2,,,116,centre,164.02,ok,1,13,1,1,,,1,10,150
36513,game,3,,,21,1,,164.02,229,2,,,116,centre,164.02,ok,1,14,1,1,,,1,10,150
36524,game,3,,,21,1,,164.02,229,2,,,116,centre,164.02,ok,1,15,1,1,,,1,10,150
36524,game,3,,,21,1,,164.02,229,2,,,116,centre,164.02,ok,1,15,1,1,,,1,10,150
36623,game,3,,,21,1,,,229,2,,,116,,,ok,1,16,1,1,,,1,10,150
36624,game,3,,,21,1,,,229,2,,,116,,,ok,1,16,1,1,,,1,10,150
36641,game,3,,,21,1,,,229,2,,,116,,,ok,1,16,1,1,,,1,10,150
36642,game,3,,,21,1,,,229,2,,,116,,,ok,1,17,1,1,,,1,10,150
36652,game,3,,,21,1,,,229,2,,,116,,,ok,1,17,1,1,,,1,10,150
36667,game,3,,,21,1,,,229,2,,,116,,,ok,1,17,1,1,,,1,10,150
36730,game,3,,,21,1,,,229,2,,,116,,,ok,1,18,1,1,,,1,10,150
36731,game,3,,,21,1,,,229,2,,,116,,,ok,1,18,1,1,,,1,10,150
36755,game,3,,,21,1,,,229,2,,,116,,,ok,1,18,1,1,,,1,10,150
36822,game,3,,,21,1,,,229,2,,,116,,,ok,1,19,1,1,,,1,10,150
36823,game,3,,,21,1,,,229,2,,,116,,,ok,1,19,1,1,,,1,10,150
36923,game,3,,,21,1,,,229,2,,,116,,,ok,1,20,1,1,,,1,10,150
36924,game,3,,,21,1,,,229,2,,,116,,,ok,1,20,1,1,,,1,10,150
36939,game,3,,,21,1,,,229,2,,,116,,,ok,1,21,1,1,,,1,10,150
36940,game,3,,,21,1,,,229,2,,,116,,,ok,1,21,1,1,,,1,10,150
37026,game,3,,,21,1,,,229,2,,,116,,,ok,1,22,1,1,,,1,10,150
37026,game,3,,,21,1,,,229,2,,,116,,,ok,1,22,1,1,,,1,10,150
37056,game,3,,,21,1,,,229,2,,,116,,,ok,1,22,1,1,,,1,10,150
37057,game,3,,,21,1,,,229,2,,,116,,,ok,1,23,1,1,,,1,10,150
37057,game,3,,,21,1,,,229,2,,,116,,,ok,1,23,1,1,,,1,10,150
37083,game,3,149.69,,21,1,,,229,2,,,116,,,ok,1,24,1,1,,,1,10,150
37129,game,3,,149.69,21,1,,,229,2,,,116,left,149.69,ok,0,0,1,1,0,2,1,10,150
37137,game,3,,149.69,21,1,,,229,2,,,116,left,149.69,ok,0,0,1,1,0,2,1,10,150
37227,game,3,,149.69,21,1,,,229,2,,,116,left,149.69,ok,0,0,1,1,0,2,1,10,150
37229,game,3,,149.69,21,1,,,229,2,,,116,left,149.69,ok,0,0,1,1,0,2,1,10,150
37237,game,3,,149.69,21,1,,,229,2,,,116,left,149.69,ok,0,0,1,1,0,2,1,10,150
37334,game,3,,149.69,21,1,83.4,,229,2,,,116,left,149.69,ok,0,0,1,1,0,2,1,10,150
37335,game,3,,149.69,21,1,83.4,,229,2,,,116,left,149.69,ok,0,0,1,1,0,2,1,10,150
37351,game,3,,149.69,21,1,83.4,,229,2,,,116,left,149.69,ok,0,0,1,1,0,2,1,10,150
37352,game,3,,149.69,21,1,83.4,,230,2,,,116,left,149.69,ok,0,0,1,1,0,2,1,10,150
37353,game,3,,149.69,21,1,83.4,,230,2,,,116,left,149.69,ok,0,0,1,1,0,2,1,10,150
37378,game,3,,149.69,21,1,83.4,,230,2,,,116,left,149.69,ok,0,0,1,1,0,2,1,10,150
37435,game,3,,149.69,21,1,83.06,83.4,236,2,,,116,centre,83.4,ok,0,0,1,1,1,1,1,10,150
37436,game,3,,149.69,21,1,83.06,83.4,236,2,,,116,centre,83.4,ok,0,0,1,1,1,1,1,10,150
37454,game,3,,149.69,21,1,83.06,83.4,236,2,,,116,centre,83.4,ok,0,0,1,1,1,1,1,10,150
37534,game,3,,,21,1,83.06,83.06,236,2,,,116,centre,83.06,ok,0,0,1,1,1,1,1,10,150
37535,game,3,,,21,1,83.06,83.06,236,2,,,116,centre,83.06,ok,0,0,1,1,1,1,1,10,150
37568,game,3,,,21,1,92.85,83.06,236,2,,,116,centre,83.06,ok,0,0,1,1,1,1,1,10,150
37570,game,3,,,21,1,92.85,83.06,236,2,,,116,centre,83.06,ok,0,0,1,1,1,1,1,10,150
37643,game,3,,,21,1,96.07,92.85,236,2,,,116,centre,92.85,ok,0,0,1,1,1,1,1,10,150
37644,game,3,,,21,1,82.22,92.85,236,2,,,116,centre,92.85,ok,0,0,1,1,1,1,1,10,150
37661,game,3,,,21,1,82.22,92.85,236,2,,,116,centre,92.85,ok,0,0,1,1,1,1,1,10,150
37662,game,3,,,21,1,82.22,92.85,236,2,,,116,centre,92.85,ok,0,0,1,1,1,1,1,10,150
37684,game,3,,,21,1,82.22,92.85,236,2,,,116,centre,92.85,ok,0,0,1,1,1,1,1,10,150
37741,game,3,,,21,1,82.22,82.22,236,2,,,116,centre,82.22,ok,0,0,1,1,1,1,1,10,150
37741,game,3,,,21,1,82.22,82.22,236,2,,,116,centre,82.22,ok,0,0,1,1,1,1,1,10,150
37754,game,3,,,21,1,83.45,82.22,236,2,,,116,centre,82.22,ok,0,0,1,1,1,1,1,10,150
37756,game,3,,,21,1,82.47,82.22,236,2,,,116,centre,82.22,ok,0,0,1,1,1,1,1,10,150
37756,game,3,,,21,1,82.47,82.22,236,2,,,116,centre,82.22,ok,0,0,1,1,1,1,1,10,150
37845,game,3,,,21,1,82.47,82.47,236,2,,,116,centre,82.47,ok,0,0,1,1,1,1,1,10,150
37846,game,3,,,21,1,87.36,82.47,236,2,,,116,centre,82.47,ok,0,0,1,1,1,1,1,10,150
37905,game,3,,,21,1,87.36,87.36,236,2,,,116,centre,87.36,ok,0,0,1,1,1,1,1,10,150
37905,game,3,,,21,1,88.87,87.36,236,2,,,116,centre,87.36,ok,0,0,1,1,1,1,1,10,150
37923,game,3,,,21,1,88.87,87.36,236,2,,,116,centre,87.36,ok,0,0,1,1,1,1,1,10,150
37925,game,3,,,21,1,88.87,87.36,236,2,,,116,centre,87.36,ok,0,0,1,1,1,1,1,10,150
38054,game,3,,,21,1,88.87,88.87,236,2,,,116,centre,88.87,ok,0,0,1,1,1,1,1,10,150
38056,game,3,,,21,1,88.87,88.87,236,2,,,116,centre,88.87,ok,0,0,1,1,1,1,1,10,150
38056,game,3,,,21,1,88.87,88.87,236,2,,,116,centre,88.87,ok,0,0,1,1,1,1,1,10,150
38080,game,3,,,21,1,,88.87,236,2,,,116,centre,88.87,ok,0,0,1,1,1,1,1,10,150
38081,game,3,,,21,1,,88.87,236,2,,,116,centre,88.87,ok,0,0,1,1,1,1,1,10,150
38151,game,3,,,21,1,,88.87,236,2,,,116,centre,88.87,ok,0,0,1,1,1,1,1,10,150
38152,game,3,,,21,1,,88.87,236,2,,,116,centre,88.87,ok,0,0,1,1,1,1,1,10,150
38169,game,3,,,21,1,,88.87,236,2,,,116,centre,88.87,ok,0,0,1,1,1,1,1,10,150
38254,game,3,,,21,1,,88.87,236,2,,,116,centre,88.87,ok,0,0,1,1,1,1,1,10,150
38254,game,3,,,21,1,,88.87,236,2,,,116,centre,88.87,ok,0,0,1,1,1,1,1,10,150
38270,game,3,,,21,1,191.17,88.87,236,2,,,116,centre,88.87,ok,0,0,1,1,1,1,1,10,150
38271,game,3,,,21,1,,88.87,236,2,,,116,centre,88.87,ok,0,0,1,1,1,1,1,10,150
38358,game,3,,,21,1,,88.87,236,2,71.16,,116,centre,88.87,ok,0,0,1,1,1,1,1,10,150
38358,game,3,,,21,1,,88.87,236,2,71.16,,116,centre,88.87,ok,0,0,1,1,1,1,1,10,150
38382,game,3,,,21,1,,88.87,236,2,71.16,,116,centre,88.87,ok,0,0,1,1,1,1,1,10,150
38382,game,3,,,21,1,,88.87,236,2,71.16,,116,centre,88.87,ok,0,0,1,1,1,1,1,10,150
38413,game,3,,,21,1,,,236,2,71.16,,121,,,ok,1,0,1,1,,,1,10,150
38417,game,3,,,21,1,,,236,2,71.16,,122,,,ok,1,1,1,1,,,1,10,150
38468,game,3,,,21,1,,,236,2,231.22,71.16,123,right,71.16,ok,0,0,1,1,2,1,1,10,150
38519,game,3,,,21,1,,,236,2,231.22,231.22,130,right,231.22,ok,1,0,1,1,,,1,10,150
38521,game,3,,,21,1,,,236,2,231.22,231.22,130,right,231.22,ok,1,1,1,1,,,1,10,150
38582,game,3,,,21,1,,,236,2,,231.22,130,right,231.22,ok,1,2,1,1,,,1,10,150
38582,game,3,,,21,1,,,236,2,,231.22,130,right,231.22,ok,1,2,1,1,,,1,10,150
38613,game,3,,,21,1,,,236,2,,231.22,130,right,231.22,ok,1,3,1,1,,,1,10,150
38614,game,3,,,21,1,,,236,2,,231.22,130,right,231.22,ok,1,3,1,1,,,1,10,150
38625,game,3,,,21,1,,,236,2,,231.22,130,right,231.22,ok,1,3,1,1,,,1,10,150
38645,game,3,,,21,1,,,236,2,,231.22,130,right,231.22,ok,1,3,1,1,,,1,10,150
38680,game,3,,,21,1,,,236,2,,231.22,130,right,231.22,ok,1,4,1,1,,,1,10,150
38689,game,3,,,21,1,,,236,2,,231.22,130,right,231.22,ok,1,5,1,1,,,1,10,150
38772,game,3,,,21,1,127.01,,236,2,,231.22,130,right,231.22,ok,1,6,1,1,,,1,10,150
38782,game,3,,,21,1,127.01,127.01,236,2,120.51,231.22,130,centre,127.01,ok,0,0,1,1,1,2,1,10,150
38783,game,3,,,21,1,127.01,127.01,236,2,120.51,231.22,130,centre,127.01,ok,0,0,1,1,1,2,1,10,150
38804,game,3,,,21,1,127.01,127.01,236,2,120.51,231.22,130,centre,127.01,ok,0,0,1,1,1,2,1,10,150
38869,game,3,,,21,1,127.01,127.01,236,2,120.51,120.51,137,centre,127.01,ok,0,0,1,1,1,2,1,10,150
38871,game,3,,,21,1,,127.01,236,2,120.51,120.51,137,centre,127.01,ok,0,0,1,1,1,2,1,10,150
38879,game,3,,,21,1,,127.01,236,2,124.85,120.51,137,centre,127.01,ok,0,0,1,1,1,2,1,10,150
38970,game,3,,,21,1,,127.01,236,2,125.13,124.85,137,centre,127.01,ok,0,0,1,1,1,2,1,10,150
38971,game,3,,,21,1,111.3,127.01,236,2,125.13,124.85,137,centre,127.01,ok,0,0,1,1,1,2,1,10,150
38988,game,3,,,21,1,111.3,127.01,236,2,125.13,124.85,137,centre,127.01,ok,0,0,1,1,1,2,1,10,150
38989,game,3,,,21,1,111.3,127.01,236,2,125.13,124.85,137,centre,127.01,ok,0,0,1,1,1,2,1,10,150
39073,game,3,,,21,1,,111.3,236,2,125.13,125.13,137,centre,111.3,ok,0,0,1,1,1,2,1,10,150
39074,game,3,,,21,1,,111.3,236,2,,125.13,137,centre,111.3,ok,0,0,1,1,1,2,1,10,150
39091,game,3,,,21,1,,111.3,236,2,,125.13,137,centre,111.3,ok,0,0,1,1,1,2,1,10,150
39111,game,3,,,21,1,,111.3,236,2,,125.13,137,centre,111.3,ok,0,0,1,1,1,2,1,10,150
39176,game,3,,,21,1,,111.3,236,2,,125.13,137,centre,111.3,ok,0,0,1,1,1,2,1,10,150
39177,game,3,,,21,1,,111.3,236,2,,125.13,137,centre,111.3,ok,0,0,1,1,1,2,1,10,150
39197,game,3,,,21,1,,111.3,236,2,,125.13,137,centre,111.3,ok,0,0,1,1,1,2,1,10,150
39198,game,3,,,21,1,,111.3,236,2,,125.13,137,centre,111.3,ok,0,0,1,1,1,2,1,10,150
39277,game,3,,,21,1,,111.3,236,2,,125.13,137,centre,111.3,ok,0,0,1,1,1,2,1,10,150
39278,game,3,,,21,1,,111.3,236,2,126.82,125.13,137,centre,111.3,ok,0,0,1,1,1,2,1,10,150
39313,game,3,,,21,1,,111.3,236,2,126.82,125.13,137,centre,111.3,ok,0,0,1,1,1,2,1,10,150
39314,game,3,,,21,1,,111.3,236,2,126.82,125.13,137,centre,111.3,ok,0,0,1,1,1,2,1,10,150
39315,game,3,,,21,1,,111.3,236,2,126.82,125.13,137,centre,111.3,ok,0,0,1,1,1,2,1,10,150
39381,game,3,,,21,1,120.77,111.3,236,2,126.82,126.82,137,centre,111.3,ok,0,0,1,1,1,2,1,10,150
39382,game,3,,,21,1,120.77,111.3,236,2,126.82,126.82,137,centre,111.3,ok,0,0,1,1,1,2,1,10,150
39401,game,3,,,21,1,120.77,111.3,236,2,,126.82,137,centre,111.3,ok,0,0,1,2,1,2,1,10,150
39484,game,3,,,21,1,120.77,120.77,236,2,119.98,126.82,137,centre,120.77,ok,0,0,1,2,1,2,1,10,150
39487,game,3,,,21,1,120.77,120.77,236,2,119.98,126.82,137,centre,120.77,ok,0,0,1,2,1,2,1,10,150
39487,game,3,,,21,1,120.77,120.77,236,2,119.98,126.82,137,centre,120.77,ok,0,0,1,2,1,2,1,10,150
39514,game,3,,,21,1,,120.77,236,2,119.98,126.82,137,centre,120.77,ok,0,0,1,2,1,2,1,10,150
39515,game,3,,,21,1,,120.77,236,2,119.98,126.82,137,centre,120.77,ok,0,0,1,2,1,2,1,10,150
39585,game,3,,,21,1,,120.77,236,2,119.98,119.98,137,centre,120.77,ok,0,0,1,2,1,2,1,10,150
39590,game,3,,,21,1,115.9,120.77,236,2,119.98,119.98,137,centre,120.77,ok,0,0,1,2,1,2,1,10,150
39688,game,3,,,21,1,,115.9,236,2,119.98,119.98,137,centre,115.9,ok,0,0,1,2,1,2,1,10,150
39689,game,3,,,21,1,,115.9,236,2,238.71,119.98,137,centre,115.9,ok,0,0,1,2,1,2,1,10,150
39703,game,3,,,21,1,,115.9,236,2,238.71,119.98,138,centre,115.9,ok,0,0,1,2,1,2,1,10,150
39704,game,3,,,21,1,,115.9,236,2,238.71,119.98,139,centre,115.9,ok,0,0,1,2,1,2,1,10,150
39705,game,3,,,21,1,,115.9,236,2,238.71,119.98,139,centre,115.9,ok,0,0,1,2,1,2,1,10,150
39790,game,3,,,21,1,130.92,115.9,236,2,125.49,238.71,144,centre,115.9,ok,0,0,1,2,1,2,1,10,150
39792,game,3,,,21,1,130.92,115.9,236,2,125.49,238.71,145,centre,115.9,ok,0,0,1,2,1,2,1,10,150
39793,game,3,,,21,1,130.92,115.9,236,2,125.49,238.71,145,centre,115.9,ok,0,0,1,2,1,2,1,10,150
39815,game,3,,,21,1,130.92,115.9,236,2,125.49,238.71,145,centre,115.9,ok,0,0,1,2,1,2,1,10,150
39816,game,3,,,21,1,130.92,115.9,236,2,125.49,238.71,145,centre,115.9,ok,0,0,1,2,1,2,1,10,150
39890,game,3,,,21,1,130.92,130.92,236,2,125.64,125.49,151,centre,130.92,ok,0,0,1,2,1,2,1,10,150
39893,game,3,,,21,1,130.92,130.92,236,2,62.91,125.49,151,centre,130.92,ok,0,0,1,2,1,2,1,10,150
39996,game,3,157.16,,21,1,,130.92,236,2,62.91,62.91,158,right,62.91,ok,0,0,1,2,2,1,1,10,150
39998,game,3,157.16,,21,1,,130.92,236,2,62.91,62.91,158,right,62.91,ok,0,0,1,2,2,1,1,10,150
40011,game,3,157.16,,21,1,,130.92,236,2,62.91,62.91,158,right,62.91,ok,0,0,1,2,2,1,1,10,150
40016,game,3,157.16,,21,1,,130.92,236,2,62.91,62.91,158,right,62.91,ok,0,0,1,2,2,1,1,10,150
40052,game,3,,157.16,21,1,,130.92,236,2,,62.91,158,right,62.91,ok,0,0,1,2,2,1,1,10,150
40053,game,3,,157.16,21,1,,130.92,236,2,,62.91,158,right,62.91,ok,0,0,1,2,2,1,1,10,150
40071,game,3,,157.16,21,1,91.14,130.92,236,2,,62.91,158,right,62.91,ok,0,0,1,2,2,1,1,10,150
40072,game,3,,157.16,21,1,91.14,130.92,237,2,,62.91,158,right,62.91,ok,0,0,1,2,2,1,1,10,150
40155,game,3,,157.16,21,1,,91.14,243,2,,62.91,158,right,62.91,ok,0,0,1,2,2,1,1,10,150
40210,game,3,,157.16,21,1,,91.14,243,2,,62.91,158,right,62.91,ok,0,0,1,2,2,1,1,10,150
40211,game,3,,157.16,21,1,,91.14,243,2,,62.91,158,right,62.91,ok,0,0,1,2,2,1,1,10,150
40248,game,3,,157.16,21,1,,91.14,243,2,,62.91,158,right,62.91,ok,0,0,1,2,2,1,1,10,150
40250,game,3,,157.16,21,1,,91.14,243,2,,62.91,158,right,62.91,ok,0,0,1,2,2,1,1,10,150
40260,game,3,,157.16,21,1,,91.14,243,2,91.65,62.91,158,right,62.91,ok,0,0,1,2,2,1,1,10,150
40312,game,3,216.98,157.16,21,1,,91.14,243,2,91.65,62.91,165,right,62.91,ok,0,0,1,2,2,1,1,10,150
40319,game,3,216.98,157.16,22,1,109.11,91.14,243,2,243.14,91.65,165,right,91.65,ok,0,0,1,2,2,1,1,10,150
40321,game,3,,157.16,23,1,109.11,91.14,243,2,243.14,91.65,166,right,91.65,ok,0,0,1,2,2,1,1,10,150
40322,game,3,,157.16,23,1,109.11,91.14,243,2,243.14,91.65,166,right,91.65,ok,0,0,1,2,2,1,1,10,150
40404,game,3,,,23,1,109.11,109.11,243,2,,243.14,172,centre,109.11,ok,0,0,1,2,1,2,1,10,150
40408,game,3,152.15,,23,1,,109.11,243,2,,243.14,172,centre,109.11,ok,0,0,1,2,1,2,1,10,150
40409,game,3,152.15,,23,1,,109.11,243,2,,243.14,172,centre,109.11,ok,0,0,1,2,1,2,1,10,150
40508,game,3,,152.15,23,1,112.97,109.11,243,2,,243.14,172,centre,109.11,ok,0,0,1,2,1,2,1,10,150
40511,game,3,,152.15,23,1,112.97,109.11,243,2,,243.14,172,centre,109.11,ok,0,0,1,2,1,2,1,10,150
40524,game,3,,152.15,23,1,112.97,109.11,243,2,,243.14,172,centre,109.11,ok,0,0,1,2,1,2,1,10,150
40525,game,3,,152.15,23,1,112.97,109.11,243,2,,243.14,172,centre,109.11,ok,0,0,1,2,1,2,1,10,150
40565,game,3,,152.15,23,1,112.97,112.97,243,2,172.13,243.14,172,centre,112.97,ok,0,0,1,2,1,2,1,10,150
40611,game,3,,152.15,23,1,112.97,112.97,243,2,172.13,172.13,179,centre,112.97,ok,0,0,1,2,1,2,1,10,150
40616,game,3,,152.15,23,1,112.97,112.97,243,2,,172.13,179,centre,112.97,ok,0,0,1,2,1,2,1,10,150
40622,game,3,,152.15,23,1,92.25,112.97,243,2,,172.13,179,centre,112.97,ok,0,0,1,2,1,2,1,10,150
40711,game,3,,152.15,23,1,92.25,92.25,243,2,,172.13,179,centre,92.25,ok,0,0,1,2,1,1,1,10,150
40715,game,3,,152.15,23,1,,92.25,243,2,,172.13,179,centre,92.25,ok,0,0,1,2,1,1,1,10,150
40716,game,3,,152.15,23,1,101.08,92.25,243,2,,172.13,179,centre,92.25,ok,0,0,1,2,1,1,1,10,150
40814,game,3,,152.15,23,1,,101.08,243,2,,172.13,179,centre,101.08,ok,0,0,1,2,1,2,1,10,150
40815,game,3,,152.15,23,1,,101.08,243,2,,172.13,179,centre,101.08,ok,0,0,1,2,1,2,1,10,150
40834,game,3,,152.15,23,1,,101.08,243,2,,172.13,179,centre,101.08,ok,0,0,1,2,1,2,1,10,150
40834,game,3,,152.15,23,1,,101.08,243,2,,172.13,179,centre,101.08,ok,0,0,1,2,1,2,1,10,150
40847,game,3,,152.15,23,1,,101.08,243,2,,172.13,179,centre,101.08,ok,0,0,1,2,1,2,1,10,150
40915,game,3,,,23,1,,101.08,243,2,,172.13,179,centre,101.08,ok,0,0,1,2,1,2,1,10,150
40919,game,3,,,23,1,,101.08,243,2,,172.13,179,centre,101.08,ok,0,0,1,2,1,2,1,10,150
40946,game,3,,,23,1,,101.08,243,2,,172.13,179,centre,101.08,ok,0,0,1,2,1,2,1,10,150
41018,game,3,,,23,1,,101.08,243,2,,,179,centre,101.08,ok,0,0,1,2,1,2,1,10,150
41019,game,3,,,23,1,,101.08,243,2,,,179,centre,101.08,ok,0,0,1,2,1,2,1,10,150
41037,game,3,,,23,1,,101.08,243,2,,,179,centre,101.08,ok,0,0,1,2,1,2,1,10,150
41053,game,3,,,23,1,,101.08,243,2,,,179,centre,101.08,ok,0,0,1,2,1,2,1,10,150
41077,game,3,,,23,1,,101.08,243,2,,,179,centre,101.08,ok,0,0,1,2,1,2,1,10,150
41120,game,3,,,23,1,,101.08,243,2,,,179,centre,101.08,ok,0,0,1,2,1,2,1,10,150
41125,game,3,,,23,1,,101.08,243,2,,,179,centre,101.08,ok,0,0,1,2,1,2,1,10,150
41158,game,3,,,23,1,59.97,101.08,243,2,,,179,centre,101.08,ok,0,0,1,2,1,2,1,10,150
41160,game,3,,,23,1,59.97,101.08,244,2,,,179,centre,101.08,ok,0,0,1,2,1,2,1,10,150
41225,game,3,,,23,1,59.6,,249,2,,,179,,,ok,1,0,1,2,,,1,10,150
41226,game,3,,,23,1,59.6,,249,2,,,179,,,ok,1,0,1,2,,,1,10,150
41257,game,3,,,23,1,59.6,,249,2,,,179,,,ok,1,0,1,2,,,1,10,150
41258,game,3,,,23,1,59.6,,249,2,,,179,,,ok,1,0,1,2,,,1,10,150
41325,game,3,,,23,1,59.6,59.6,250,2,,,179,centre,59.6,ok,0,0,1,2,1,1,1,10,150
41337,game,3,,,23,1,59.6,59.6,250,2,,,179,centre,59.6,ok,0,0,1,2,1,1,1,10,150
41338,game,3,,,23,1,59.65,59.6,250,2,,,179,centre,59.6,ok,0,0,1,2,1,1,1,10,150
41377,game,3,,,23,1,59.65,59.6,250,2,,,179,centre,59.6,ok,0,0,1,2,1,1,1,10,150
41436,game,3,,,23,1,60.11,59.65,250,2,,,179,centre,59.65,ok,0,0,1,2,1,1,1,10,150
41437,game,3,,,23,1,60.11,59.65,250,2,,,179,centre,59.65,ok,0,0,1,2,1,1,1,10,150
41460,game,3,,,23,1,60.11,59.65,250,2,,,179,centre,59.65,ok,0,0,1,2,1,1,1,10,150
41461,game,3,,,23,1,60.11,59.65,250,2,,,179,centre,59.65,ok,0,0,1,2,1,1,1,10,150
41486,game,3,,,23,1,60.11,59.65,250,2,,,179,centre,59.65,ok,0,0,1,2,1,1,1,10,150
41535,game,3,,,23,1,60.45,60.11,250,2,,,179,centre,60.11,ok,0,0,1,2,1,1,1,10,150
41536,game,3,,,23,1,60.45,60.11,250,2,,,179,centre,60.11,ok,0,0,1,2,1,1,1,10,150
41560,game,3,,,23,1,60.45,60.11,250,2,,,179,centre,60.11,ok,0,0,1,2,1,1,1,10,150
41561,game,3,,,23,1,60.45,60.11,250,2,,,179,centre,60.11,ok,0,0,1,2,1,1,1,10,150
41629,game,3,228.11,,23,1,60.45,60.45,250,2,,,179,centre,60.45,ok,0,0,1,2,1,1,1,10,150
41635,game,3,252.71,,24,1,60.45,60.45,250,2,,,179,centre,60.45,ok,0,0,1,2,1,1,1,10,150
41635,game,3,252.71,,24,1,59.08,60.45,250,2,,,179,centre,60.45,ok,0,0,1,2,1,1,1,10,150
41675,game,3,252.71,,24,1,59.08,60.45,250,2,,,179,centre,60.45,ok,0,0,1,2,1,1,1,10,150
41742,game,3,252.71,,31,1,70.93,59.08,250,2,,,179,centre,59.08,ok,0,0,1,2,1,1,1,10,150
41743,game,3,252.71,,31,1,70.93,59.08,250,2,,,179,centre,59.08,ok,0,0,1,2,1,1,1,10,150
41767,game,3,252.71,252.71,31,1,70.93,59.08,250,2,,,179,centre,59.08,ok,0,0,1,2,1,1,1,10,150
41838,game,3,,252.71,31,1,70.93,70.93,250,2,,,179,centre,70.93,ok,0,0,1,2,1,1,1,10,150
41839,game,3,,252.71,31,1,70.93,70.93,250,2,,,179,centre,70.93,ok,0,0,1,2,1,1,1,10,150
41875,game,3,,252.71,31,1,70.93,70.93,250,2,,,179,centre,70.93,ok,0,0,1,2,1,1,1,10,150
41876,game,3,,252.71,31,1,70.93,70.93,250,2,,,179,centre,70.93,ok,0,0,1,2,1,1,1,10,150
41877,game,3,,252.71,31,1,71.48,70.93,250,2,,,179,centre,70.93,ok,0,0,1,2,1,1,1,10,150
41939,game,3,,252.71,31,1,62.13,71.48,250,2,,,179,centre,71.48,ok,0,0,1,2,1,1,1,10,150
41940,game,3,,252.71,31,1,62.13,71.48,250,2,,,179,centre,71.48,ok,0,0,1,2,1,1,1,10,150
41963,game,3,,252.71,31,1,62.13,71.48,250,2,,,179,centre,71.48,ok,0,0,1,2,1,1,1,10,150
42043,game,3,,252.71,31,1,61.28,62.13,250,2,,,179,centre,62.13,ok,0,0,1,1,1,1,1,10,150
42044,game,3,,252.71,31,1,69.37,62.13,250,2,,,179,centre,62.13,ok,0,0,1,1,1,1,1,10,150
42063,game,3,,252.71,31,1,69.37,62.13,250,2,,,179,centre,62.13,ok,0,0,1,1,1,1,1,10,150
42063,game,3,,252.71,31,1,69.37,62.13,250,2,,,179,centre,62.13,ok,0,0,1,1,1,1,1,10,150
42088,game,3,,252.71,31,1,69.37,62.13,250,2,,,179,centre,62.13,ok,0,0,1,1,1,1,1,10,150
42145,game,3,,252.71,31,1,69.37,69.37,250,2,,,179,centre,69.37,ok,0,0,1,1,1,1,1,10,150
42146,game,3,,252.71,31,1,68.38,69.37,250,2,,,179,centre,69.37,ok,0,0,1,1,1,1,1,10,150
42161,game,3,,252.71,31,1,68.38,69.37,250,2,,,179,centre,69.37,ok,0,0,1,1,1,1,1,10,150
42161,game,3,,252.71,31,1,68.38,69.37,250,2,,,179,centre,69.37,ok,0,0,1,1,1,1,1,10,150
42247,game,3,,,31,1,68.38,68.38,250,2,,,179,centre,68.38,ok,0,0,1,1,1,1,1,10,150
42248,game,3,,,31,1,68.38,68.38,250,2,,,179,centre,68.38,ok,0,0,1,1,1,1,1,10,150
42275,game,3,,,31,1,,68.38,250,2,,,179,centre,68.38,ok,0,0,1,1,1,1,1,10,150
42277,game,3,,,31,1,,68.38,250,2,,,179,centre,68.38,ok,0,0,1,1,1,1,1,10,150
42277,game,3,,,31,1,,68.38,250,2,,,179,centre,68.38,ok,0,0,1,1,1,1,1,10,150
42350,game,3,,,31,1,,68.38,250,2,,,179,centre,68.38,ok,0,0,1,1,1,1,1,10,150
42350,game,3,,,31,1,,68.38,250,2,,,179,centre,68.38,ok,0,0,1,1,1,1,1,10,150
42454,game,3,,,31,1,,68.38,250,2,,,179,centre,68.38,ok,0,0,1,1,1,1,1,10,150
42455,game,3,,,31,1,,68.38,250,2,,,179,centre,68.38,ok,0,0,1,1,1,1,1,10,150
42490,game,3,,,31,1,,68.38,250,2,,,179,centre,68.38,ok,0,0,1,1,1,1,1,10,150
42491,game,3,,,31,1,,68.38,250,2,,,179,centre,68.38,ok,0,0,1,1,1,1,1,10,150
42555,game,3,,,31,1,,68.38,250,2,,,179,centre,68.38,ok,0,0,1,1,1,1,1,10,150
42556,game,3,,,31,1,,68.38,250,2,,,179,centre,68.38,ok,0,0,1,1,1,1,1,10,150
42575,game,3,,,31,1,,68.38,250,2,,,179,centre,68.38,ok,0,0,1,1,1,1,1,10,150
42576,game,3,,,31,1,,68.38,250,2,,,179,centre,68.38,ok,0,0,1,1,1,1,1,10,150
42654,game,3,,,31,1,,,250,2,232.76,,179,,,ok,1,0,1,1,,,1,10,150
42659,game,3,,,31,1,,,250,2,65.67,,180,,,ok,1,1,1,1,,,1,10,150
42660,game,3,,,31,1,,,250,2,65.67,,180,,,ok,1,1,1,1,,,1,10,150
42698,game,3,,,31,1,,,250,2,65.67,,180,,,ok,1,1,1,1,,,1,10,150
42759,game,3,,,31,1,,,250,2,,65.67,187,right,65.67,ok,0,0,1,1,2,1,1,10,150
42760,game,3,,,31,1,,,250,2,,65.67,187,right,65.67,ok,0,0,1,1,2,1,1,10,150
42781,game,3,,,31,1,,,250,2,,65.67,187,right,65.67,ok,0,0,1,1,2,1,1,10,150
42782,game,3,,,31,1,,,250,2,,65.67,187,right,65.67,ok,0,0,1,1,2,1,1,10,150
42862,game,3,,,31,1,,,250,2,,65.67,187,right,65.67,ok,0,0,1,1,2,1,1,10,150
42862,game,3,,,31,1,,,250,2,,65.67,187,right,65.67,ok,0,0,1,1,2,1,1,10,150
42883,game,3,,,31,1,,,250,2,,65.67,187,right,65.67,ok,0,0,1,1,2,1,1,10,150
42964,game,3,,,31,1,,,250,2,,65.67,187,right,65.67,ok,0,0,1,1,2,1,1,10,150
42966,game,3,,,31,1,,,250,2,,65.67,187,right,65.67,ok,0,0,1,1,2,1,1,10,150
43001,game,3,,,31,1,,,250,2,,65.67,187,right,65.67,ok,0,0,1,1,2,1,1,10,150
43003,game,3,,,31,1,,,250,2,,65.67,187,right,65.67,ok,0,0,1,1,2,1,1,10,150
43004,game,3,,,31,1,,,250,2,,65.67,187,right,65.67,ok,0,0,1,1,2,1,1,10,150
43032,game,3,,,31,1,238.37,,250,2,,65.67,187,right,65.67,ok,0,0,1,1,2,1,1,10,150
43093,game,3,,,31,1,238.37,238.37,257,2,,65.67,187,right,65.67,ok,0,0,1,1,2,1,1,10,150
43093,game,3,,,31,1,238.37,238.37,257,2,211.79,65.67,187,right,65.67,ok,0,0,1,1,2,1,1,10,150
43116,game,3,,,31,1,238.37,238.37,257,2,90.43,,188,centre,238.37,ok,1,1,1,1,,,1,10,150
43116,game,3,,,31,1,,238.37,257,2,90.43,,188,centre,238.37,ok,1,1,1,1,,,1,10,150
43208,game,3,,,31,1,,238.37,257,2,,90.43,188,right,90.43,ok,0,0,1,1,2,1,1,10,150
43209,game,3,,,31,1,,238.37,257,2,,90.43,188,right,90.43,ok,0,0,1,1,2,1,1,10,150
43212,game,3,,,31,1,,238.37,257,2,,90.43,188,right,90.43,ok,0,0,1,1,2,1,1,10,150
43236,game,3,,,31,1,,238.37,257,2,,90.43,188,right,90.43,ok,0,0,1,1,2,1,1,10,150
43293,game,3,,,31,1,,238.37,257,2,,90.43,188,right,90.43,ok,0,0,1,1,2,1,1,10,150
43301,game,3,,,31,1,,238.37,257,2,,90.43,188,right,90.43,ok,0,0,1,1,2,1,1,10,150
43302,game,3,,,31,1,,238.37,257,2,,90.43,188,right,90.43,ok,0,0,1,1,2,1,1,10,150
43387,game,3,,,31,1,,238.37,257,2,,90.43,188,right,90.43,ok,0,0,1,1,2,1,1,10,150
43393,game,3,,,31,1,,238.37,257,2,,90.43,188,right,90.43,ok,0,0,1,1,2,1,1,10,150
43405,game,3,,,31,1,,238.37,257,2,,90.43,188,right,90.43,ok,0,0,1,1,2,1,1,10,150
43479,game,3,,,31,1,,,257,2,,90.43,188,right,90.43,ok,0,0,2,1,2,1,1,10,150
43480,game,3,,,31,1,,,257,2,,90.43,188,right,90.43,ok,0,0,2,1,2,1,1,10,150
43500,game,3,,,31,1,,,257,2,,90.43,188,right,90.43,ok,0,0,2,1,2,1,1,10,150
43501,game,3,,,31,1,,,257,2,,90.43,188,right,90.43,ok,0,0,2,1,2,1,1,10,150
43580,game,3,,,31,1,,,257,2,,,188,,,ok,1,0,2,1,,,1,10,150
43581,game,3,,,31,1,,,257,2,,,188,,,ok,1,0,2,1,,,1,10,150
43595,game,3,,,31,1,,,257,2,,,188,,,ok,1,0,2,1,,,1,10,150
43677,game,3,,,31,1,,,257,2,182.94,,188,,,ok,1,1,2,1,,,1,10,150
43682,game,3,,,31,1,,,257,2,56.65,,189,,,ok,1,2,2,1,,,1,10,150
43683,game,3,,,31,1,,,257,2,56.65,,189,,,ok,1,2,2,1,,,1,10,150
43703,game,3,,,31,1,,,257,2,56.65,56.65,189,right,56.65,ok,0,0,2,1,2,1,1,10,150
43786,game,3,,,31,1,,,257,2,,56.65,189,right,56.65,ok,0,0,2,1,2,1,1,10,150
43788,game,3,,,31,1,,,257,2,,56.65,189,right,56.65,ok,0,0,2,1,2,1,1,10,150
43788,game,3,,,31,1,,,257,2,,56.65,189,right,56.65,ok,0,0,2,1,2,1,1,10,150
43828,game,3,,,31,1,,,257,2,,56.65,189,right,56.65,ok,0,0,2,1,2,1,1,10,150
43885,game,3,,,31,1,,,257,2,,56.65,189,right,56.65,ok,0,0,2,1,2,1,1,10,150
43886,game,3,,,31,1,,,257,2,,56.65,189,right,56.65,ok,0,0,2,1,2,1,1,10,150
43921,game,3,,,31,1,,,257,2,,56.65,189,right,56.65,ok,0,0,2,1,2,1,1,10,150
43922,game,3,,,31,1,,,257,2,,56.65,189,right,56.65,ok,0,0,2,1,2,1,1,10,150
43989,game,3,,,31,1,,,257,2,,56.65,189,right,56.65,ok,0,0,2,1,2,1,1,10,150
43989,game,3,,,31,1,,,257,2,,56.65,189,right,56.65,ok,0,0,2,1,2,1,1,10,150
44025,game,3,,,31,1,,,257,2,,56.65,189,right,56.65,ok,0,0,2,1,2,1,1,10,150
44092,game,3,,,31,1,,,257,2,,56.65,189,right,56.65,ok,0,0,2,1,2,1,1,10,150
44093,game,3,,,31,1,,,257,2,,56.65,189,right,56.65,ok,0,0,2,1,2,1,1,10,150
44114,game,3,,,31,1,,,257,2,,56.65,189,right,56.65,ok,0,0,2,1,2,1,1,10,150
44114,game,3,,,31,1,,,257,2,,56.65,189,right,56.65,ok,0,0,2,1,2,1,1,10,150
44192,game,3,,,31,1,,,257,2,182.53,,189,,,ok,1,1,2,1,,,1,10,150
44197,game,3,228.54,,31,1,,,257,2,182.53,,190,,,ok,1,2,2,1,,,1,10,150
44201,game,3,,228.54,31,1,,,257,2,,,191,left,228.54,ok,1,3,2,1,,,1,10,150
44202,game,3,,228.54,31,1,,,257,2,,,191,left,228.54,ok,1,3,2,1,,,1,10,150
44232,game,3,,228.54,31,1,,,257,2,,,191,left,228.54,ok,1,3,2,1,,,1,10,150
44297,game,3,,228.54,31,1,,,257,2,,,191,left,228.54,ok,1,4,2,1,,,1,10,150
44298,game,3,,228.54,31,1,,,257,2,,,191,left,228.54,ok,1,4,2,1,,,1,10,150
44398,game,3,,228.54,31,1,,,257,2,,,191,left,228.54,ok,1,5,2,1,,,1,10,150
44399,game,3,,228.54,31,1,,,257,2,,,191,left,228.54,ok,1,5,2,1,,,1,10,150
44421,game,3,,228.54,31,1,,,257,2,,,191,left,228.54,ok,1,5,2,1,,,1,10,150
44423,game,3,,228.54,31,1,,,257,2,,,191,left,228.54,ok,1,6,2,1,,,1,10,150
44423,game,3,,228.54,31,1,,,257,2,,,191,left,228.54,ok,1,6,2,1,,,1,10,150
44500,game,3,,228.54,31,1,,,257,2,,,191,left,228.54,ok,1,7,2,1,,,1,10,150
44501,game,3,,228.54,31,1,,,257,2,,,191,left,228.54,ok,1,7,2,1,,,1,10,150
44523,game,3,,228.54,31,1,,,257,2,,,191,left,228.54,ok,1,8,2,1,,,1,10,150
44606,game,3,,,31,1,,,257,2,,,191,,,ok,1,9,2,1,,,1,10,150
44607,game,3,,,31,1,,,257,2,,,191,,,ok,1,9,2,1,,,1,10,150
44643,game,3,,,31,1,,,257,2,,,191,,,ok,1,9,2,1,,,1,10,150
44706,game,3,,,31,1,,,257,2,,,191,,,ok,1,10,2,1,,,1,10,150
44708,game,3,,,31,1,,,257,2,,,191,,,ok,1,11,2,1,,,1,10,150
44708,game,3,,,31,1,,,257,2,,,191,,,ok,1,11,2,1,,,1,10,150
44736,game,3,,,31,1,,,257,2,,,191,,,ok,1,11,2,1,,,1,10,150
44738,game,3,,,31,1,,,257,2,,,191,,,ok,1,12,2,1,,,1,10,150
44738,game,3,,,31,1,,,257,2,,,191,,,ok,1,12,2,1,,,1,10,150
44806,game,3,,,31,1,,,257,2,,,191,,,ok,1,13,2,1,,,1,10,150
44817,game,3,,,31,1,,,257,2,,,191,,,ok,1,14,2,1,,,1,10,150
44911,game,3,,,31,1,,,257,2,,,191,,,ok,1,15,2,1,,,1,10,150
44912,game,3,,,31,1,,,257,2,,,191,,,ok,1,16,2,1,,,1,10,150
44913,game,3,,,31,1,,,257,2,,,191,,,ok,1,16,2,1,,,1,10,150
44953,game,3,,,31,1,,,257,2,,,191,,,ok,1,16,2,1,,,1,10,150
45016,game,3,,,31,1,,,257,2,,,191,,,ok,1,17,2,1,,,1,10,150
45021,game,3,,,31,1,,,257,2,,,191,,,ok,1,18,2,1,,,1,10,150
45022,game,3,,,31,1,,,257,2,,,191,,,ok,1,18,2,1,,,1,10,150
45115,game,3,,,31,1,,,257,2,,,191,,,ok,1,19,2,1,,,1,10,150
45117,game,3,,,31,1,,,257,2,,,191,,,ok,1,20,2,1,,,1,10,150
45118,game,3,,,31,1,,,257,2,,,191,,,ok,1,20,2,1,,,1,10,150
45154,game,3,,,31,1,,,257,2,,,191,,,ok,1,20,2,1,,,1,10,150
45154,game,3,,,31,1,,,257,2,,,191,,,ok,1,20,2,1,,,1,10,150
45176,game,3,,,31,1,,,257,2,,,191,,,ok,1,20,2,1,,,1,10,150
45269,game,3,,,31,1,,,257,2,,,191,,,ok,1,21,2,1,,,1,10,150
45269,game,3,,,31,1,,,257,2,,,191,,,ok,1,21,2,1,,,1,10,150
45292,game,3,,,31,1,,,257,2,,,191,,,ok,1,21,2,1,,,1,10,150
45349,game,3,,,31,1,,,257,2,,,191,,,ok,1,22,2,1,,,1,10,150
45350,game,3,,,31,1,,,257,2,,,191,,,ok,1,22,2,1,,,1,10,150
45372,game,3,,,31,1,,,257,2,,,191,,,ok,1,23,2,1,,,1,10,150
45422,game,3,,,31,1,,,257,2,,,191,,,ok,1,24,2,1,,,1,10,150
45423,game,3,,,31,1,,,257,2,,,191,,,ok,1,24,2,1,,,1,10,150
45446,game,3,,,31,1,,,257,2,,,191,,,ok,1,24,2,1,,,1,10,150
45525,game,3,184.11,,31,1,,,257,2,175.26,,191,,,ok,1,25,2,1,,,1,10,150
45526,game,3,,,31,1,,,257,2,,,191,,,ok,1,25,2,1,,,1,10,150
45547,game,3,,,31,1,,,257,2,,,191,,,ok,1,25,2,1,,,1,10,150
45549,game,3,,,31,1,,,257,2,,,191,,,ok,1,26,2,1,,,1,10,150
45550,game,3,,,31,1,,,257,2,,,191,,,ok,1,26,2,1,,,1,10,150
45581,game,3,,,31,1,,,257,2,,,191,,,ok,1,26,2,1,,,1,10,150
45628,game,3,,,31,1,,,257,2,,,191,,,ok,1,27,2,1,,,1,10,150
45628,game,3,,,31,1,,,257,2,,,191,,,ok,1,27,2,1,,,1,10,150
45726,game,3,,,31,1,,,257,2,,,191,,,ok,1,28,2,1,,,1,10,150
45727,game,3,,,31,1,,,257,2,,,191,,,ok,1,28,2,1,,,1,10,150
45750,game,3,,,31,1,173.8,,257,2,,,191,,,ok,1,28,2,1,,,1,10,150
45752,game,3,,,31,1,173.8,,258,2,,,191,,,ok,1,29,2,1,,,1,10,150
45785,game,3,,,31,1,189.06,,261,2,,,191,,,ok,1,30,2,1,,,1,10,150
45790,game,3,,,31,1,189.06,,262,2,,,191,,,ok,1,31,2,1,,,1,10,150
45833,game,3,,,31,1,189.06,189.06,264,2,61.76,,191,centre,189.06,ok,1,32,2,1,,,1,10,150
45882,game,3,,,31,1,,189.06,264,2,70.01,61.76,191,right,61.76,ok,0,0,2,1,2,1,1,10,150
45882,game,3,,,31,1,,189.06,264,2,,61.76,191,right,61.76,ok,0,0,2,1,2,1,1,10,150
45899,game,3,,,31,1,,189.06,264,2,,61.76,191,right,61.76,ok,0,0,2,1,2,1,1,10,150
45899,game,3,,,31,1,,189.06,264,2,,61.76,191,right,61.76,ok,0,0,2,1,2,1,1,10,150
45970,game,3,,,31,1,,189.06,264,2,,61.76,191,right,61.76,ok,0,0,2,1,2,1,1,10,150
45971,game,3,,,31,1,,189.06,264,2,,61.76,191,right,61.76,ok,0,0,2,1,2,1,1,10,150
45989,game,3,,,31,1,,189.06,264,2,,61.76,191,right,61.76,ok,0,0,2,1,2,1,1,10,150
46092,game,3,,,31,1,,189.06,264,2,,61.76,191,right,61.76,ok,0,0,2,1,2,1,1,10,150
46093,game,3,,,31,1,,189.06,264,2,,61.76,191,right,61.76,ok,0,0,2,1,2,1,1,10,150
46094,game,3,,,31,1,,189.06,264,2,,61.76,191,right,61.76,ok,0,0,2,1,2,1,1,10,150
46149,game,3,,,31,1,,189.06,264,2,,61.76,191,right,61.76,ok,0,0,2,1,2,1,1,10,150
46187,game,3,,,31,1,,189.06,264,2,,61.76,191,right,61.76,ok,0,0,2,1,2,1,1,10,150
46188,game,3,,,31,1,,189.06,264,2,,61.76,191,right,61.76,ok,0,0,2,1,2,1,1,10,150
46203,game,3,,,31,1,,189.06,264,2,,61.76,191,right,61.76,ok,0,0,2,1,2,1,1,10,150
46223,game,3,,,31,1,,189.06,264,2,,61.76,191,right,61.76,ok,0,0,2,1,2,1,1,10,150
46264,game,3,,,31,1,,,264,2,58.34,,191,,,ok,1,0,2,1,,,1,10,150
46265,game,3,,,31,1,,,264,2,58.34,,191,,,ok,1,0,2,1,,,1,10,150
46286,game,3,,,31,1,,,264,2,58.34,,191,,,ok,1,0,2,1,,,1,10,150
46357,game,3,,,31,1,,,264,2,58.34,58.34,191,right,58.34,ok,0,0,2,1,2,1,1,10,150
46358,game,3,,,31,1,,,264,2,58.34,58.34,191,right,58.34,ok,0,0,2,1,2,1,1,10,150
46382,game,3,,,31,1,,,264,2,,58.34,191,right,58.34,ok,0,0,2,1,2,1,1,10,150
46384,game,3,,,31,1,,,264,2,,58.34,191,right,58.34,ok,0,0,2,1,2,1,1,10,150
46446,game,3,15.43,,31,1,,,264,2,,58.34,191,right,58.34,ok,0,0,2,1,2,1,1,10,150
46447,game,3,15.43,,31,1,,,264,2,,58.34,191,right,58.34,ok,0,0,2,1,2,1,1,10,150
46474,game,3,15.43,,31,1,,,264,2,,58.34,191,right,58.34,ok,0,0,2,1,2,1,1,10,150
46507,game,3,,,36,1,,,264,2,,58.34,191,right,58.34,ok,0,0,2,1,2,1,1,10,150
46507,game,3,,,36,1,,,264,2,,58.34,191,right,58.34,ok,0,0,2,1,2,1,1,10,150
46606,game,3,,,36,1,244.59,,264,2,,58.34,191,right,58.34,ok,0,0,2,1,2,1,1,10,150
46607,game,3,,,36,1,244.59,,264,2,,58.34,191,right,58.34,ok,0,0,2,1,2,1,1,10,150
46623,game,3,,,36,1,244.59,,264,2,,58.34,191,right,58.34,ok,0,0,2,1,2,1,1,10,150
46642,game,3,,,36,1,244.59,,264,2,,58.34,191,right,58.34,ok,0,0,2,1,2,1,1,10,150
46702,game,3,11.97,,36,1,,244.59,271,2,,58.34,191,right,58.34,ok,0,0,2,1,2,1,1,10,150
46703,game,3,11.97,,36,1,,244.59,271,2,,58.34,191,right,58.34,ok,0,0,2,1,2,1,1,10,150
46723,game,3,11.97,,36,1,,244.59,271,2,,58.34,191,right,58.34,ok,0,0,2,1,2,1,1,10,150
46724,game,3,11.97,,36,1,,244.59,271,2,,58.34,191,right,58.34,ok,0,0,2,1,2,1,1,10,150
46794,game,3,11.3,11.97,38,1,202.51,244.59,271,2,,,191,left,11.97,ok,0,0,2,1,0,0,1,10,150
46795,game,3,11.3,11.97,38,1,202.51,244.59,271,2,,,191,left,11.97,ok,0,0,2,1,0,0,1,10,150
46813,game,3,11.3,11.97,38,1,202.51,244.59,271,2,,,191,left,11.97,ok,0,0,2,1,0,0,1,10,150
46858,game,3,241.03,11.3,38,1,202.51,244.59,276,2,,,191,left,11.3,ok,0,0,2,1,0,0,1,10,150
46861,game,3,241.03,11.3,38,1,,244.59,276,2,,,191,left,11.3,ok,0,0,2,1,0,0,1,10,150
46957,game,3,241.03,241.03,45,1,246.65,244.59,276,2,,,191,left,241.03,ok,1,0,2,1,,,1,10,150
46965,game,3,,241.03,45,1,246.65,244.59,276,2,,,191,left,241.03,ok,1,1,2,1,,,1,10,150
46966,game,3,,241.03,45,1,246.65,244.59,276,2,,,191,left,241.03,ok,1,1,2,1,,,1,10,150
47003,game,3,,241.03,45,1,246.65,244.59,276,2,,,191,left,241.03,ok,1,1,2,1,,,1,10,150
47005,game,3,,241.03,45,1,246.65,246.65,276,2,,,191,left,241.03,ok,1,2,2,1,,,1,10,150
47061,game,3,10.68,241.03,45,1,,246.65,276,2,,,191,left,241.03,ok,1,3,2,1,,,1,10,150
47061,game,3,10.68,241.03,45,1,,246.65,276,2,,,191,left,241.03,ok,1,3,2,1,,,1,10,150
47099,game,3,10.68,241.03,45,1,,246.65,276,2,,,191,left,241.03,ok,1,3,2,1,,,1,10,150
47100,game,3,10.68,241.03,45,1,,246.65,276,2,,,191,left,241.03,ok,1,3,2,1,,,1,10,150
47163,game,3,7.87,10.68,52,1,,246.65,276,2,,,191,left,10.68,ok,0,0,2,1,0,0,1,10,150
47163,game,3,7.87,10.68,52,1,,246.65,276,2,,,191,left,10.68,ok,0,0,2,1,0,0,1,10,150
47201,game,3,7.87,10.68,52,1,,246.65,276,2,,,191,left,10.68,ok,0,0,2,1,0,0,1,10,150
47201,game,3,7.87,10.68,52,1,,246.65,276,2,,,191,left,10.68,ok,0,0,2,1,0,0,1,10,150
47266,alert,3,,7.87,52,1,,246.65,276,2,,,191,left,7.87,too-close,0,0,,,,,1,10,150
47267,alert,3,,7.87,52,1,,246.65,276,2,,,191,left,7.87,too-close,0,0,,,,,1,10,150
47273,alert,3,,7.87,52,1,,246.65,276,2,,,191,left,7.87,too-close,0,0,,,,,1,10,150
47273,alert,3,,7.87,52,1,,246.65,276,2,,,191,left,7.87,too-close,0,0,,,,,1,10,150
47274,alert,3,,7.87,52,1,,246.65,276,2,,,191,left,7.87,too-close,0,0,,,,,1,10,150
47371,game,3,,7.87,52,1,,246.65,276,2,,,191,left,7.87,ok,0,0,2,1,0,0,1,10,150
47372,game,3,,7.87,52,1,,246.65,276,2,,,191,left,7.87,ok,0,0,2,1,0,0,1,10,150
47471,game,3,8.92,7.87,52,1,,,276,2,,,191,left,7.87,ok,0,0,2,1,0,0,1,10,150
47472,game,3,7.34,7.87,52,1,,,276,2,,,191,left,7.87,ok,0,0,2,1,0,0,1,10,150
47493,game,3,7.34,7.87,52,1,,,276,2,,,191,left,7.87,ok,0,0,2,1,0,0,1,10,150
47495,game,3,7.34,7.87,52,1,,,276,2,,,191,left,7.87,ok,0,0,2,1,0,0,1,10,150
47496,game,3,7.34,7.87,52,1,,,276,2,,,191,left,7.87,ok,0,0,2,1,0,0,1,10,150
47522,game,3,7.34,7.87,52,1,,,276,2,,,191,left,7.87,ok,0,0,2,1,0,0,1,10,150
47572,alert,3,,7.34,52,1,,,276,2,,,191,left,7.34,too-close,0,0,,,,,1,10,150
47573,alert,3,,7.34,52,1,,,276,2,,,191,left,7.34,too-close,0,0,,,,,1,10,150
47580,alert,3,,7.34,52,1,,,276,2,,,191,left,7.34,too-close,0,0,,,,,1,10,150
47676,game,3,,7.34,52,1,244.56,,276,2,,,191,left,7.34,ok,0,0,2,1,0,0,1,10,150
47676,game,3,8.4,7.34,52,1,244.56,,276,2,,,191,left,7.34,ok,0,0,2,1,0,0,1,10,150
47693,game,3,8.4,7.34,52,1,244.56,,276,2,,,191,left,7.34,ok,0,0,2,1,0,0,1,10,150
47713,game,3,8.4,7.34,52,1,244.56,,276,2,,,191,left,7.34,ok,0,0,2,1,0,0,1,10,150
47740,game,3,8.4,7.34,52,1,244.56,244.56,276,2,,,191,left,7.34,ok,0,0,2,1,0,0,1,10,150
47776,alert,3,7.92,8.4,52,1,,244.56,276,2,,,191,left,8.4,too-close,0,0,,,,,1,10,150
47777,alert,3,7.92,8.4,52,1,,244.56,276,2,,,191,left,8.4,too-close,0,0,,,,,1,10,150
47784,alert,3,7.92,8.4,52,1,,244.56,276,2,,,191,left,8.4,too-close,0,0,,,,,1,10,150
47788,alert,3,8.21,8.4,52,1,,244.56,276,2,,,191,left,7.92,too-close,0,0,,,,,1,10,150
47881,alert,3,8.9,8.21,52,1,,244.56,276,2,,,191,left,8.21,too-close,0,0,,,,,1,10,150
47881,alert,3,8.9,8.21,52,1,,244.56,276,2,,,191,left,8.21,too-close,0,0,,,,,1,10,150
47893,alert,3,8.9,8.21,52,1,,244.56,276,2,,,191,left,8.21,too-close,0,0,,,,,1,10,150
47893,alert,3,8.9,8.21,52,1,,244.56,276,2,,,191,left,8.9,too-close,0,0,,,,,1,10,150
47982,alert,3,8.7,8.9,52,1,,244.56,276,2,,,191,left,8.9,too-close,0,0,,,,,1,10,150
47983,alert,3,8.7,8.9,52,1,,244.56,276,2,,,191,left,8.7,too-close,0,0,,,,,1,10,150
47983,alert,3,8.7,8.9,52,1,,244.56,276,2,,,191,left,8.7,too-close,0,0,,,,,1,10,150
48012,alert,3,8.7,8.9,52,1,,244.56,276,2,,,191,left,8.7,too-close,0,0,,,,,1,10,150
48042,alert,3,,8.7,52,1,,244.56,276,2,240.89,,191,left,8.7,too-close,0,0,,,,,1,10,150
48042,alert,3,,8.7,52,1,,244.56,276,2,240.89,,191,left,8.7,too-close,0,0,,,,,1,10,150
48047,alert,3,,8.7,52,1,,244.56,276,2,240.89,,191,left,8.7,too-close,0,0,,,,,1,10,150
48141,game,3,,8.7,52,1,,,276,2,,240.89,198,left,8.7,ok,0,0,2,1,0,0,1,10,150
48141,game,3,,8.7,52,1,,,276,2,,240.89,198,left,8.7,ok,0,0,2,1,0,0,1,10,150
48189,game,3,,8.7,52,1,,,276,2,198.29,240.89,198,left,8.7,ok,0,0,2,1,0,0,1,10,150
48197,game,3,,8.7,52,1,,,276,2,198.29,240.89,199,left,8.7,ok,0,0,2,1,0,0,1,10,150
48202,game,3,,8.7,52,1,246.7,,276,2,198.29,240.89,199,left,8.7,ok,0,0,2,1,0,0,1,10,150
48292,game,3,,8.7,52,1,,246.7,276,2,,198.29,205,left,8.7,ok,0,0,2,1,0,0,1,10,150
48293,game,3,,8.7,52,1,,246.7,276,2,,198.29,205,left,8.7,ok,0,0,2,1,0,0,1,10,150
48334,game,3,,8.7,52,1,,246.7,276,2,,198.29,205,left,8.7,ok,0,0,2,1,0,0,1,10,150
48392,game,3,,8.7,52,1,,246.7,276,2,,198.29,205,left,8.7,ok,0,0,0,0,0,0,1,10,150
48394,game,3,,,52,1,,246.7,276,2,,198.29,205,right,198.29,ok,1,1,0,0,,,1,10,150
48395,game,3,,,52,1,,246.7,276,2,,198.29,205,right,198.29,ok,1,1,0,0,,,1,10,150
48438,game,3,,,52,1,,246.7,276,2,,198.29,205,right,198.29,ok,1,1,0,0,,,1,10,150
48439,game,3,,,52,1,,246.7,276,2,,198.29,205,right,198.29,ok,1,1,0,0,,,1,10,150
48499,game,3,,,52,1,,246.7,276,2,,198.29,205,right,198.29,ok,1,2,0,0,,,1,10,150
48501,game,3,,,52,1,,246.7,276,2,,198.29,205,right,198.29,ok,1,3,0,0,,,1,10,150
48502,game,3,,,52,1,,246.7,276,2,,198.29,205,right,198.29,ok,1,3,0,0,,,1,10,150
48595,game,3,,,52,1,,246.7,276,2,,198.29,205,right,198.29,ok,1,4,0,0,,,1,10,150
48596,game,3,,,52,1,,246.7,276,2,,198.29,205,right,198.29,ok,1,4,0,0,,,1,10,150
48613,game,3,,,52,1,,246.7,276,2,,198.29,205,right,198.29,ok,1,5,0,0,,,1,10,150
48702,game,3,,,52,1,,,276,2,60.85,,205,,,ok,1,6,0,0,,,1,10,150
48703,game,3,,,52,1,,,276,2,,,205,,,ok,1,6,0,0,,,1,10,150
48745,game,3,,,52,1,,,276,2,,,205,,,ok,1,6,0,0,,,1,10,150
48746,game,3,,,52,1,,,276,2,,,205,,,ok,1,6,0,0,,,1,10,150
48747,game,3,7.75,,52,1,,,276,2,,,205,,,ok,1,7,0,0,,,1,10,150
48748,game,3,7.75,,52,1,,,276,2,,,205,,,ok,1,7,0,0,,,1,10,150
48801,alert,3,7.67,7.75,52,1,,,276,2,,,205,left,7.75,too-close,0,0,,,,,1,10,150
48802,alert,3,7.67,7.75,52,1,,,276,2,,,205,left,7.75,too-close,0,0,,,,,1,10,150
48823,alert,3,7.67,7.75,52,1,,,276,2,,,205,left,7.75,too-close,0,0,,,,,1,10,150
48824,alert,3,7.67,7.75,52,1,,,276,2,,,205,left,7.67,too-close,0,0,,,,,1,10,150
48901,alert,3,7.77,7.67,52,1,,,276,2,,,205,left,7.67,too-close,0,0,,,,,1,10,150
48906,alert,3,8.21,7.67,52,1,,,276,2,,,205,left,7.77,too-close,0,0,,,,,1,10,150
48910,alert,3,8.21,7.67,52,1,,,276,2,,,205,left,8.21,too-close,0,0,,,,,1,10,150
48916,alert,3,8.21,8.21,52,1,,,276,2,62.43,,205,left,8.21,too-close,0,0,,,,,1,10,150
48920,alert,3,8.21,8.21,52,1,,,276,2,62.43,,205,left,8.21,too-close,0,0,,,,,1,10,150
49005,alert,3,7.77,8.21,52,1,,,276,2,62.43,62.43,212,left,8.21,too-close,0,0,,,,,1,10,150
49006,alert,3,7.77,8.21,52,1,,,276,2,62.43,62.43,212,left,8.21,too-close,0,0,,,,,1,10,150
49013,alert,3,7.77,8.21,52,1,,,276,2,62.43,62.43,212,left,7.77,too-close,0,0,,,,,1,10,150
49130,alert,3,7.34,7.77,52,1,,,276,2,,62.43,212,left,7.77,too-close,0,0,,,,,1,10,150
49131,alert,3,7.32,7.77,52,1,,,276,2,,62.43,212,left,7.77,too-close,0,0,,,,,1,10,150
49155,alert,3,7.32,7.77,52,1,,,276,2,,62.43,212,left,7.77,too-close,0,0,,,,,1,10,150
49156,alert,3,7.32,7.77,52,1,,,276,2,,62.43,212,left,7.32,too-close,0,0,,,,,1,10,150
49156,alert,3,7.32,7.77,52,1,,,276,2,52.82,62.43,212,left,7.32,too-close,0,0,,,,,1,10,150
49180,alert,3,7.32,7.77,52,1,,,276,2,52.82,62.43,212,left,7.32,too-close,0,0,,,,,1,10,150
49180,alert,3,7.32,7.77,52,1,,,276,2,52.82,62.43,212,left,7.32,too-close,0,0,,,,,1,10,150
49180,alert,3,7.32,7.77,52,1,,,276,2,52.82,62.43,212,left,7.32,too-close,0,0,,,,,1,10,150
49235,alert,3,7.29,7.32,52,1,,,276,2,,52.82,212,left,7.32,too-close,0,0,,,,,1,10,150
49236,alert,3,7.29,7.32,52,1,,,276,2,,52.82,212,left,7.32,too-close,0,0,,,,,1,10,150
49248,alert,3,7.29,7.32,52,1,,,276,2,,52.82,212,left,7.29,too-close,0,0,,,,,1,10,150
49314,alert,3,7.75,7.29,52,1,,,276,2,,52.82,212,left,7.29,too-close,0,0,,,,,1,10,150
49315,alert,3,7.75,7.29,52,1,,,276,2,,52.82,212,left,7.29,too-close,0,0,,,,,1,10,150
49329,alert,3,7.75,7.75,52,1,,,276,2,,52.82,212,left,7.75,too-close,0,0,,,,,1,10,150
49423,alert,3,,7.75,52,1,,,276,2,,52.82,212,left,7.75,too-close,0,0,,,,,1,10,150
49425,game,3,,7.75,52,1,,,276,2,,52.82,212,left,7.75,ok,0,0,0,0,0,0,1,10,150
49426,game,3,,7.75,52,1,,,276,2,,52.82,212,left,7.75,ok,0,0,0,0,0,0,1,10,150
49436,game,3,,7.75,52,1,,,276,2,,52.82,212,left,7.75,ok,0,0,0,0,0,0,1,10,150
49518,game,3,,7.75,52,1,,,276,2,217.03,52.82,212,left,7.75,ok,0,0,0,0,0,0,1,10,150
49519,game,3,,7.75,52,1,,,276,2,217.03,52.82,212,left,7.75,ok,0,0,0,0,0,0,1,10,150
49546,game,3,,7.75,52,1,,,276,2,75.1,52.82,212,left,7.75,ok,0,0,0,0,0,0,1,10,150
49548,game,3,,7.75,52,1,,,276,2,75.1,52.82,212,left,7.75,ok,0,0,0,0,0,0,1,10,150
49627,game,3,,7.75,52,1,250.12,,276,2,75.1,75.1,212,left,7.75,ok,0,0,0,0,0,0,1,10,150
49629,game,3,,7.75,52,1,250.12,,276,2,75.1,75.1,212,left,7.75,ok,0,0,0,0,0,0,1,10,150
49650,game,3,,7.75,52,1,250.12,,276,2,75.1,75.1,212,left,7.75,ok,0,0,0,0,0,0,1,10,150
49727,game,3,,7.75,52,1,,250.12,276,2,,75.1,212,left,7.75,ok,0,0,0,0,0,0,1,10,150
49729,game,3,,7.75,52,1,,250.12,276,2,,75.1,212,left,7.75,ok,0,0,0,0,0,0,1,10,150
49750,game,3,,7.75,52,1,,250.12,276,2,,75.1,212,left,7.75,ok,0,0,0,0,0,0,1,10,150
49751,game,3,,7.75,52,1,,250.12,276,2,,75.1,212,left,7.75,ok,0,0,0,0,0,0,1,10,150
49832,game,3,,,52,1,,250.12,276,2,,75.1,212,right,75.1,ok,0,0,0,0,2,1,1,10,150
49834,game,3,,,52,1,,250.12,276,2,,75.1,212,right,75.1,ok,0,0,0,0,2,1,1,10,150
49835,game,3,,,52,1,,250.12,276,2,,75.1,212,right,75.1,ok,0,0,0,0,2,1,1,10,150
49869,game,3,219.06,,52,1,,250.12,276,2,,75.1,212,right,75.1,ok,0,0,0,0,2,1,1,10,150
49871,game,3,,,53,1,,250.12,276,2,,75.1,212,right,75.1,ok,0,0,0,0,2,1,1,10,150
49929,game,3,,,53,1,,250.12,276,2,,75.1,212,right,75.1,ok,0,0,0,0,2,1,1,10,150
49931,game,3,,,53,1,,250.12,276,2,,75.1,212,right,75.1,ok,0,0,0,0,2,1,1,10,150
49934,game,3,,,53,1,,250.12,276,2,,75.1,212,right,75.1,ok,0,0,0,0,2,1,1,10,150
49956,game,3,,,53,1,,250.12,276,2,,75.1,212,right,75.1,ok,0,0,0,0,2,1,1,10,150
50030,game,3,,,53,1,,250.12,276,2,,75.1,212,right,75.1,ok,0,0,0,0,2,1,1,10,150
50040,game,3,,,53,1,,250.12,276,2,,75.1,212,right,75.1,ok,0,0,0,0,2,1,1,10,150
50042,game,3,,,53,1,,250.12,276,2,,75.1,212,right,75.1,ok,0,0,0,0,2,1,1,10,150
50132,game,3,,,53,1,,,276,2,,,212,,,ok,1,0,0,0,,,1,10,150
50133,game,3,,,53,1,,,276,2,,,212,,,ok,1,0,0,0,,,1,10,150
50156,game,3,,,53,1,,,276,2,,,212,,,ok,1,1,0,0,,,1,10,150
50235,game,3,,,53,1,,,276,2,,,212,,,ok,1,2,0,0,,,1,10,150
50235,game,3,,,53,1,,,276,2,,,212,,,ok,1,2,0,0,,,1,10,150
50258,game,3,,,53,1,,,276,2,,,212,,,ok,1,2,0,0,,,1,10,150
50338,game,3,,,53,1,,,276,2,,,212,,,ok,1,3,0,0,,,1,10,150
50339,game,3,,,53,1,,,276,2,,,212,,,ok,1,3,0,0,,,1,10,150
50362,game,3,,,53,1,,,276,2,,,212,,,ok,1,3,0,0,,,1,10,150
50363,game,3,,,53,1,,,276,2,,,212,,,ok,1,3,0,0,,,1,10,150
50376,game,3,,,53,1,,,276,2,,,212,,,ok,1,3,0,0,,,1,10,150
50377,game,3,,,53,1,,,276,2,,,212,,,ok,1,3,0,0,,,1,10,150
50444,game,3,,,53,1,,,276,2,,,212,,,ok,1,4,0,0,,,1,10,150
50457,game,3,,,53,1,,,276,2,,,212,,,ok,1,5,0,0,,,1,10,150
50458,game,3,,,53,1,,,276,2,,,212,,,ok,1,5,0,0,,,1,10,150
50546,game,3,,,53,1,179.66,,276,2,,,212,,,ok,1,6,0,0,,,1,10,150
50547,game,3,,,53,1,179.66,,276,2,,,212,,,ok,1,6,0,0,,,1,10,150
50562,game,3,,,53,1,179.66,,276,2,,,212,,,ok,1,6,0,0,,,1,10,150
50645,game,3,,,53,1,,179.66,283,2,,,212,centre,179.66,ok,1,7,0,0,,,1,10,150
50646,game,3,,,53,1,,179.66,283,2,,,212,centre,179.66,ok,1,7,0,0,,,1,10,150
50666,game,3,,,53,1,,179.66,283,2,,,212,centre,179.66,ok,1,8,0,0,,,1,10,150
50668,game,3,,,53,1,,179.66,283,2,,,212,centre,179.66,ok,1,9,0,0,,,1,10,150
50669,game,3,,,53,1,,179.66,283,2,,,212,centre,179.66,ok,1,9,0,0,,,1,10,150
50700,game,3,,,53,1,,179.66,283,2,,,212,centre,179.66,ok,1,10,0,0,,,1,10,150
50751,game,3,,,53,1,,179.66,283,2,,,212,centre,179.66,ok,1,11,0,0,,,1,10,150
50851,game,3,,,53,1,,179.66,283,2,,,212,centre,179.66,ok,1,12,0,0,,,1,10,150
50852,game,3,,,53,1,,179.66,283,2,,,212,centre,179.66,ok,1,13,0,0,,,1,10,150
50853,game,3,,,53,1,,179.66,283,2,,,212,centre,179.66,ok,1,13,0,0,,,1,10,150
50881,game,3,,,53,1,,179.66,283,2,,,212,centre,179.66,ok,1,13,0,0,,,1,10,150
50882,game,3,,,53,1,,179.66,283,2,,,212,centre,179.66,ok,1,13,0,0,,,1,10,150
50951,game,3,,,53,1,,179.66,283,2,64.71,,212,centre,179.66,ok,1,14,0,0,,,1,10,150
50952,game,3,,,53,1,,179.66,283,2,,,212,centre,179.66,ok,1,14,0,0,,,1,10,150
50975,game,3,,,53,1,,179.66,283,2,,,212,centre,179.66,ok,1,14,0,0,,,1,10,150
50976,game,3,,,53,1,,179.66,283,2,,,212,centre,179.66,ok,1,15,0,0,,,1,10,150
51068,game,3,,,53,1,,,283,2,,,212,,,ok,1,16,0,0,,,1,10,150
51071,game,3,,,53,1,,,283,2,,,212,,,ok,1,17,0,0,,,1,10,150
51072,game,3,,,53,1,,,283,2,,,212,,,ok,1,17,0,0,,,1,10,150
51100,game,3,,,53,1,,,283,2,,,212,,,ok,1,17,0,0,,,1,10,150
51156,game,3,,,53,1,,,283,2,241.27,,212,,,ok,1,18,0,0,,,1,10,150
51158,game,3,,,53,1,,,283,2,241.27,,212,,,ok,1,18,0,0,,,1,10,150
51179,game,3,,,53,1,,,283,2,241.27,,212,,,ok,1,18,0,0,,,1,10,150
51180,game,3,,,53,1,,,283,2,241.27,,212,,,ok,1,18,0,0,,,1,10,150
51261,game,3,,,53,1,,,283,2,,241.27,219,right,241.27,ok,1,19,0,0,,,1,10,150
51262,game,3,,,53,1,,,283,2,,241.27,219,right,241.27,ok,1,19,0,0,,,1,10,150
51278,game,3,,,53,1,,,283,2,,241.27,219,right,241.27,ok,1,20,0,0,,,1,10,150
51364,game,3,,,53,1,,,283,2,,241.27,219,right,241.27,ok,1,21,0,0,,,1,10,150
51368,game,3,,,53,1,,,283,2,,241.27,219,right,241.27,ok,1,22,0,0,,,1,10,150
51369,game,3,,,53,1,,,283,2,,241.27,219,right,241.27,ok,1,22,0,0,,,1,10,150
51394,game,3,,,53,1,,,283,2,,241.27,219,right,241.27,ok,1,22,0,0,,,1,10,150
51466,game,3,,,53,1,,,283,2,,241.27,219,right,241.27,ok,1,23,0,0,,,1,10,150
51467,game,3,,,53,1,,,283,2,,241.27,219,right,241.27,ok,1,23,0,0,,,1,10,150
51489,game,3,,,53,1,,,283,2,,241.27,219,right,241.27,ok,1,23,0,0,,,1,10,150
51491,game,3,,,53,1,,,283,2,,241.27,219,right,241.27,ok,1,24,0,0,,,1,10,150
51564,game,3,214.43,,53,1,,,283,2,,241.27,219,right,241.27,ok,1,25,0,0,,,1,10,150
51568,game,3,165.38,,53,1,,,283,2,98.13,241.27,219,right,241.27,ok,1,25,0,0,,,1,10,150
51585,game,3,165.38,,54,1,,,283,2,98.13,241.27,220,right,241.27,ok,1,26,0,0,,,1,10,150
51587,game,3,165.38,,55,1,,,283,2,68.43,241.27,221,right,241.27,ok,1,27,0,0,,,1,10,150
51671,game,3,165.38,165.38,60,1,,,283,2,,68.43,228,right,68.43,ok,0,0,0,0,2,1,1,10,150
51676,game,3,,165.38,60,1,,,283,2,,68.43,228,right,68.43,ok,0,0,0,0,2,1,1,10,150
51677,game,3,,165.38,60,1,,,283,2,,68.43,228,right,68.43,ok,0,0,0,0,2,1,1,10,150
51707,game,3,,165.38,60,1,,,283,2,,68.43,228,right,68.43,ok,0,0,0,0,2,1,1,10,150
51773,game,3,,165.38,60,1,,,283,2,,68.43,228,right,68.43,ok,0,0,0,0,2,1,1,10,150
51775,game,3,,165.38,60,1,,,283,2,,68.43,228,right,68.43,ok,0,0,0,0,2,1,1,10,150
51796,game,3,,165.38,60,1,,,283,2,,68.43,228,right,68.43,ok,0,0,0,0,2,1,1,10,150
51798,game,3,,165.38,60,1,,,283,2,,68.43,228,right,68.43,ok,0,0,0,0,2,1,1,10,150
51823,game,3,,165.38,60,1,,,283,2,,68.43,228,right,68.43,ok,0,0,2,1,2,1,1,10,150
51884,game,3,,165.38,60,1,,,283,2,,68.43,228,right,68.43,ok,0,0,2,1,2,1,1,10,150
51917,game,3,13.22,165.38,60,1,,,283,2,,68.43,228,right,68.43,ok,0,0,2,1,2,1,1,10,150
51918,game,3,13.22,165.38,60,1,,,283,2,,68.43,228,right,68.43,ok,0,0,2,1,2,1,1,10,150
51934,game,3,13.22,165.38,60,1,,,283,2,,68.43,228,right,68.43,ok,0,0,2,1,2,1,1,10,150
51947,game,3,13.22,165.38,60,1,,,283,2,,68.43,228,right,68.43,ok,0,0,2,1,2,1,1,10,150
52014,game,3,,13.22,67,1,,,283,2,,68.43,228,left,13.22,ok,0,0,2,1,0,0,1,10,150
52015,game,3,,13.22,67,1,,,283,2,,68.43,228,left,13.22,ok,0,0,2,1,0,0,1,10,150
52030,game,3,,13.22,67,1,,,283,2,,68.43,228,left,13.22,ok,0,0,2,1,0,0,1,10,150
52081,game,3,,13.22,67,1,,,283,2,,,228,left,13.22,ok,0,0,2,1,0,0,1,10,150
52084,game,3,,13.22,67,1,,,283,2,,,228,left,13.22,ok,0,0,2,1,0,0,1,10,150
52094,game,3,,13.22,67,1,,,283,2,,,228,left,13.22,ok,0,0,2,1,0,0,1,10,150
52180,game,3,,13.22,67,1,,,283,2,,,228,left,13.22,ok,0,0,2,1,0,0,1,10,150
52188,game,3,,13.22,67,1,,,283,2,,,228,left,13.22,ok,0,0,2,1,0,0,1,10,150
52189,game,3,,13.22,67,1,,,283,2,,,228,left,13.22,ok,0,0,2,1,0,0,1,10,150
52209,game,3,,13.22,67,1,,,283,2,,,228,left,13.22,ok,0,0,2,1,0,0,1,10,150
52282,game,3,,13.22,67,1,,,283,2,,,228,left,13.22,ok,0,0,2,1,0,0,1,10,150
52289,game,3,,13.22,67,1,,,283,2,,,228,left,13.22,ok,0,0,2,1,0,0,1,10,150
52290,game,3,,13.22,67,1,,,283,2,,,228,left,13.22,ok,0,0,2,1,0,0,1,10,150
52389,game,3,,,67,1,,,283,2,,,228,,,ok,1,0,2,1,,,1,10,150
52391,game,3,,,67,1,,,283,2,,,228,,,ok,1,0,2,1,,,1,10,150
52414,game,3,,,67,1,,,283,2,,,228,,,ok,1,0,2,1,,,1,10,150
52415,game,3,,,67,1,,,283,2,,,228,,,ok,1,1,2,1,,,1,10,150
52488,game,3,,,67,1,,,283,2,,,228,,,ok,1,2,2,1,,,1,10,150
52496,game,3,,,67,1,,,283,2,,,228,,,ok,1,3,2,1,,,1,10,150
52498,game,3,,,67,1,,,283,2,,,228,,,ok,1,4,2,1,,,1,10,150
52514,game,3,,,67,1,,,283,2,,,228,,,ok,1,5,2,1,,,1,10,150
52593,game,3,,,67,1,,,283,2,,,228,,,ok,1,6,2,1,,,1,10,150
52594,game,3,,,67,1,,,283,2,,,228,,,ok,1,6,2,1,,,1,10,150
52619,game,3,,,67,1,,,283,2,,,228,,,ok,1,6,2,1,,,1,10,150
52620,game,3,,,67,1,,,283,2,,,228,,,ok,1,6,2,1,,,1,10,150
52692,game,3,,,67,1,,,283,2,,,228,,,ok,1,7,2,1,,,1,10,150
52693,game,3,,,67,1,,,283,2,,,228,,,ok,1,7,2,1,,,1,10,150
52720,game,3,,,67,1,,,283,2,,,228,,,ok,1,7,2,1,,,1,10,150
52795,game,3,,,67,1,,,283,2,,,228,,,ok,1,8,2,1,,,1,10,150
52796,game,3,,,67,1,,,283,2,,,228,,,ok,1,8,2,1,,,1,10,150
52828,game,3,,,67,1,,,283,2,,,228,,,ok,1,8,2,1,,,1,10,150
52830,game,3,,,67,1,,,283,2,,,228,,,ok,1,9,2,1,,,1,10,150
52852,game,3,,,67,1,249.57,,283,2,,,228,,,ok,1,10,2,1,,,1,10,150
52853,game,3,,,67,1,249.57,,283,2,,,228,,,ok,1,10,2,1,,,1,10,150
52885,game,3,,,67,1,249.57,,283,2,,,228,,,ok,1,10,2,1,,,1,10,150
52946,game,3,,,67,1,,,288,2,,,228,,,ok,1,11,2,1,,,1,10,150
52946,game,3,,,67,1,,,288,2,,,228,,,ok,1,11,2,1,,,1,10,150
52981,game,3,,,67,1,,,288,2,,,228,,,ok,1,11,2,1,,,1,10,150
53036,game,3,,,67,1,,,288,2,,,228,,,ok,1,12,2,1,,,1,10,150
53037,game,3,,,67,1,,,288,2,,,228,,,ok,1,12,2,1,,,1,10,150
53072,game,3,,,67,1,,,288,2,,,228,,,ok,1,12,2,1,,,1,10,150
53126,game,3,,,67,1,,,288,2,,,228,,,ok,1,13,2,1,,,1,10,150
53127,game,3,,,67,1,,,288,2,,,228,,,ok,1,13,2,1,,,1,10,150
53158,game,3,,,67,1,,,288,2,,,228,,,ok,1,13,2,1,,,1,10,150
53214,game,3,,,67,1,,,288,2,,,228,,,ok,1,14,2,1,,,1,10,150
53215,game,3,,,67,1,,,288,2,,,228,,,ok,1,14,2,1,,,1,10,150
53243,game,3,,,67,1,,,288,2,,,228,,,ok,1,14,2,1,,,1,10,150
53305,game,3,,,67,1,,,288,2,,,228,,,ok,1,15,2,1,,,1,10,150
53311,game,3,,,67,1,,,288,2,75.84,,228,,,ok,1,15,2,1,,,1,10,150
53334,game,3,,,67,1,,,288,2,75.84,,228,,,ok,1,15,2,1,,,1,10,150
53409,game,3,,,67,1,,,288,2,75.84,75.84,228,right,75.84,ok,0,0,2,1,2,1,1,10,150
53410,game,3,,,67,1,,,288,2,75.84,75.84,228,right,75.84,ok,0,0,2,1,2,1,1,10,150
53442,game,3,,,67,1,,,288,2,75.84,75.84,228,right,75.84,ok,0,0,2,1,2,1,1,10,150
53443,game,3,,,67,1,,,288,2,,75.84,228,right,75.84,ok,0,0,2,1,2,1,1,10,150
53444,game,3,,,67,1,,,288,2,,75.84,228,right,75.84,ok,0,0,2,1,2,1,1,10,150
53510,game,3,,,67,1,,,288,2,134.63,75.84,228,right,75.84,ok,0,0,2,1,2,1,1,10,150
53512,game,3,,,67,1,,,288,2,134.63,75.84,228,right,75.84,ok,0,0,2,1,2,1,1,10,150
53548,game,3,,,67,1,,,288,2,134.63,75.84,228,right,75.84,ok,0,0,2,1,2,1,1,10,150
53549,game,3,,,67,1,,,288,2,,75.84,229,right,75.84,ok,0,0,2,1,2,1,1,10,150
53615,game,3,,,67,1,,,288,2,,75.84,229,right,75.84,ok,0,0,2,1,2,1,1,10,150
53617,game,3,,,67,1,,,288,2,,75.84,229,right,75.84,ok,0,0,2,1,2,1,1,10,150
53618,game,3,,,67,1,,,288,2,,75.84,229,right,75.84,ok,0,0,2,1,2,1,1,10,150
53675,game,3,,,67,1,,,288,2,,75.84,229,right,75.84,ok,0,0,2,1,2,1,1,10,150
53717,game,3,29.15,,67,1,,,288,2,,75.84,229,right,75.84,ok,0,0,2,1,2,1,1,10,150
53718,game,3,29.15,,67,1,,,288,2,,75.84,229,right,75.84,ok,0,0,2,1,2,1,1,10,150
53737,game,3,29.15,,67,1,,,288,2,,75.84,229,right,75.84,ok,0,0,2,1,2,1,1,10,150
53748,game,3,29.15,29.15,67,1,,,288,2,,75.84,229,left,29.15,ok,0,0,2,1,0,0,1,10,150
53824,game,3,29.15,29.15,67,1,,,288,2,,,229,left,29.15,ok,0,0,2,1,0,0,1,10,150
53825,game,3,29.15,29.15,67,1,,,288,2,,,229,left,29.15,ok,0,0,2,1,0,0,1,10,150
53840,game,3,74.57,29.15,67,1,,,288,2,,,229,left,29.15,ok,0,0,2,1,0,0,1,10,150
53842,game,3,74.57,29.15,68,1,,,288,2,,,229,left,29.15,ok,0,0,0,0,0,0,1,10,150
53921,game,3,74.57,74.57,74,1,,,288,2,,,229,left,74.57,ok,0,0,0,0,0,1,1,10,150
53923,game,3,74.57,74.57,74,1,,,288,2,,,229,left,74.57,ok,0,0,0,0,0,1,1,10,150
53924,game,3,74.57,74.57,74,1,,,288,2,,,229,left,74.57,ok,0,0,0,0,0,1,1,10,150
53945,game,3,74.57,74.57,74,1,,,288,2,,,229,left,74.57,ok,0,0,0,0,0,1,1,10,150
53958,game,3,,74.57,74,1,,,288,2,,,229,left,74.57,ok,0,0,0,0,0,1,1,10,150
54022,game,3,,74.57,74,1,,,288,2,,,229,left,74.57,ok,0,0,0,0,0,1,1,10,150
54031,game,3,72.65,74.57,74,1,,,288,2,,,229,left,74.57,ok,0,0,0,0,0,1,1,10,150
54053,game,3,72.65,74.57,74,1,,,288,2,,,229,left,74.57,ok,0,0,0,0,0,1,1,10,150
54127,game,3,77.69,72.65,74,1,,,288,2,,,229,left,72.65,ok,0,0,0,0,0,1,1,10,150
54128,game,3,77.69,72.65,74,1,67.98,,288,2,,,229,left,72.65,ok,0,0,0,0,0,1,1,10,150
54160,game,3,77.69,72.65,74,1,67.98,,288,2,,,229,left,72.65,ok,0,0,0,0,0,1,1,10,150
54161,game,3,77.69,72.65,74,1,67.98,,288,2,,,229,left,72.65,ok,0,0,0,0,0,1,1,10,150
54186,game,3,77.69,72.65,74,1,67.98,,288,2,,,229,left,72.65,ok,0,0,0,0,0,1,1,10,150
54229,game,3,77.54,77.69,74,1,78.63,67.98,288,2,,,229,centre,67.98,ok,0,0,0,0,1,1,1,10,150
54230,game,3,77.54,77.69,74,1,78.63,67.98,288,2,,,229,centre,67.98,ok,0,0,0,0,1,1,1,10,150
54262,game,3,77.54,77.69,74,1,78.63,67.98,288,2,,,229,centre,67.98,ok,0,0,0,0,1,1,1,10,150
54290,game,3,,77.54,74,1,78.63,78.63,288,2,,,229,centre,78.63,ok,0,0,0,0,1,1,1,10,150
54291,game,3,,77.54,74,1,78.63,78.63,288,2,,,229,centre,78.63,ok,0,0,0,0,1,1,1,10,150
54331,game,3,,77.54,74,1,78.63,78.63,288,2,,,229,centre,78.63,ok,0,0,0,0,1,1,1,10,150
54335,game,3,,77.54,74,1,78.75,78.63,288,2,,,229,centre,78.63,ok,0,0,0,0,1,1,1,10,150
54438,game,3,,77.54,74,1,,78.75,288,2,,,229,centre,78.75,ok,0,0,0,0,1,1,1,10,150
54439,game,3,,77.54,74,1,,78.75,288,2,,,229,centre,78.75,ok,0,0,0,0,1,1,1,10,150
54440,game,3,,77.54,74,1,,78.75,288,2,,,229,centre,78.75,ok,0,0,0,0,1,1,1,10,150
54466,game,3,,77.54,74,1,,78.75,288,2,,,229,centre,78.75,ok,0,0,0,0,1,1,1,10,150
54534,game,3,,77.54,74,1,,78.75,288,2,,,229,centre,78.75,ok,0,0,0,0,1,1,1,10,150
54544,game,3,,77.54,74,1,,78.75,288,2,,,229,centre,78.75,ok,0,0,0,0,1,1,1,10,150
54546,game,3,,77.54,74,1,,78.75,288,2,,,229,centre,78.75,ok,0,0,0,0,1,1,1,10,150
54570,game,3,,77.54,74,1,,78.75,288,2,,,229,centre,78.75,ok,0,0,0,0,1,1,1,10,150
54587,game,3,,77.54,74,1,,78.75,288,2,,,229,centre,78.75,ok,0,0,0,0,1,1,1,10,150
54588,game,3,,77.54,74,1,,78.75,288,2,,,229,centre,78.75,ok,0,0,0,0,1,1,1,10,150
54589,game,3,,77.54,74,1,,78.75,288,2,,,229,centre,78.75,ok,0,0,0,0,1,1,1,10,150
54667,game,3,,,74,1,,78.75,288,2,,,229,centre,78.75,ok,0,0,0,0,1,1,1,10,150
54672,game,3,,,74,1,,78.75,288,2,,,229,centre,78.75,ok,0,0,0,0,1,1,1,10,150
54679,game,3,,,74,1,93.18,78.75,288,2,,,229,centre,78.75,ok,0,0,0,0,1,1,1,10,150
54768,game,3,,,74,1,78.46,93.18,288,2,,,229,centre,93.18,ok,0,0,0,0,1,1,1,10,150
54769,game,3,,,74,1,78.46,93.18,288,2,,,229,centre,93.18,ok,0,0,0,0,1,1,1,10,150
54787,game,3,,,74,1,78.46,93.18,288,2,,,229,centre,93.18,ok,0,0,1,1,1,1,1,10,150
54788,game,3,,,74,1,78.46,93.18,288,2,,,229,centre,93.18,ok,0,0,1,1,1,1,1,10,150
54845,game,3,,,74,1,95.95,78.46,288,2,,,229,centre,78.46,ok,0,0,1,1,1,1,1,10,150
54854,game,3,,,74,1,95.95,78.46,288,2,,,229,centre,78.46,ok,0,0,1,1,1,1,1,10,150
54947,game,3,,,74,1,,95.95,288,2,,,229,centre,95.95,ok,0,0,1,1,1,1,1,10,150
54949,game,3,,,74,1,,95.95,288,2,,,229,centre,95.95,ok,0,0,1,1,1,1,1,10,150
54950,game,3,,,74,1,,95.95,288,2,,,229,centre,95.95,ok,0,0,1,1,1,1,1,10,150
54976,game,3,,,74,1,,95.95,288,2,,,229,centre,95.95,ok,0,0,1,1,1,1,1,10,150
55048,game,3,,,74,1,,95.95,288,2,,,229,centre,95.95,ok,0,0,1,1,1,1,1,10,150
55050,game,3,,,74,1,,95.95,288,2,,,229,centre,95.95,ok,0,0,1,1,1,1,1,10,150
55051,game,3,,,74,1,,95.95,288,2,,,229,centre,95.95,ok,0,0,1,1,1,1,1,10,150
55073,game,3,,,74,1,,95.95,288,2,,,229,centre,95.95,ok,0,0,1,1,1,1,1,10,150
55109,game,3,,,74,1,,95.95,288,2,125.33,,229,centre,95.95,ok,0,0,1,1,1,1,1,10,150
55110,game,3,,,74,1,,95.95,288,2,125.33,,229,centre,95.95,ok,0,0,1,1,1,1,1,10,150
55209,game,3,,,74,1,,95.95,288,2,,125.33,235,centre,95.95,ok,0,0,1,1,1,1,1,10,150
55210,game,3,,,74,1,,95.95,288,2,,125.33,235,centre,95.95,ok,0,0,1,1,1,1,1,10,150
55231,game,3,,,74,1,,95.95,288,2,,125.33,235,centre,95.95,ok,0,0,1,1,1,1,1,10,150
55232,game,3,,,74,1,,95.95,288,2,,125.33,235,centre,95.95,ok,0,0,1,1,1,1,1,10,150
55244,game,3,,,74,1,,95.95,288,2,,125.33,235,centre,95.95,ok,0,0,1,1,1,1,1,10,150
55298,game,3,,,74,1,,,288,2,,125.33,235,right,125.33,ok,0,0,1,1,2,2,1,10,150
55299,game,3,,,74,1,,,288,2,,125.33,235,right,125.33,ok,0,0,1,1,2,2,1,10,150
55318,game,3,,,74,1,,,288,2,,125.33,235,right,125.33,ok,0,0,1,1,2,2,1,10,150
55394,game,3,,,74,1,94.75,,288,2,,125.33,235,right,125.33,ok,0,0,1,1,2,2,1,10,150
55395,game,3,,,74,1,94.75,,288,2,,125.33,235,right,125.33,ok,0,0,1,1,2,2,1,10,150
55411,game,3,,,74,1,94.75,94.75,288,2,,125.33,235,centre,94.75,ok,0,0,1,1,1,1,1,10,150
55475,game,3,,,74,1,89.99,94.75,288,2,,125.33,235,centre,94.75,ok,0,0,1,1,1,1,1,10,150
55488,game,3,247.23,,74,1,89.99,94.75,288,2,,125.33,235,centre,94.75,ok,0,0,1,1,1,1,1,10,150
55489,game,3,247.23,,74,1,89.99,94.75,288,2,,125.33,235,centre,94.75,ok,0,0,1,1,1,1,1,10,150
55564,game,3,248.95,247.23,81,1,,89.99,288,2,,,235,centre,89.99,ok,0,0,1,1,1,1,1,10,150
55566,game,3,248.95,247.23,81,1,,89.99,288,2,,,235,centre,89.99,ok,0,0,1,1,1,1,1,10,150
55567,game,3,248.95,247.23,81,1,,89.99,288,2,,,235,centre,89.99,ok,0,0,1,1,1,1,1,10,150
55593,game,3,248.95,247.23,81,1,,89.99,288,2,,,235,centre,89.99,ok,0,0,1,1,1,1,1,10,150
55664,game,3,,248.95,81,1,,89.99,288,2,,,235,centre,89.99,ok,0,0,1,1,1,1,1,10,150
55667,game,3,,248.95,81,1,,89.99,288,2,,,235,centre,89.99,ok,0,0,1,1,1,1,1,10,150
55683,game,3,,248.95,81,1,,89.99,288,2,,,235,centre,89.99,ok,0,0,1,1,1,1,1,10,150
55683,game,3,,248.95,81,1,,89.99,288,2,,,235,centre,89.99,ok,0,0,1,1,1,1,1,10,150
55764,game,3,,248.95,81,1,96.88,89.99,288,2,,,235,centre,89.99,ok,0,0,1,1,1,1,1,10,150
55765,game,3,,248.95,81,1,96.88,89.99,288,2,,,235,centre,89.99,ok,0,0,1,1,1,1,1,10,150
55869,game,3,,248.95,81,1,97.62,96.88,288,2,,,235,centre,96.88,ok,0,0,1,1,1,1,1,10,150
55872,game,3,,248.95,81,1,97.62,96.88,288,2,,,235,centre,96.88,ok,0,0,1,1,1,1,1,10,150
55872,game,3,,248.95,81,1,97.62,96.88,288,2,,,235,centre,96.88,ok,0,0,1,1,1,1,1,10,150
55893,game,3,,248.95,81,1,97.62,96.88,288,2,,,235,centre,96.88,ok,0,0,1,1,1,1,1,10,150
55904,game,3,,248.95,81,1,97.62,96.88,288,2,,,235,centre,96.88,ok,0,0,1,1,1,1,1,10,150
55905,game,3,,248.95,81,1,97.62,96.88,288,2,,,235,centre,96.88,ok,0,0,1,1,1,1,1,10,150
55970,game,3,,248.95,81,1,97.62,97.62,288,2,,,235,centre,97.62,ok,0,0,1,1,1,1,1,10,150
55971,game,3,,248.95,81,1,,97.62,288,2,,,235,centre,97.62,ok,0,0,1,1,1,1,1,10,150
55988,game,3,,248.95,81,1,,97.62,288,2,,,235,centre,97.62,ok,0,0,1,1,1,1,1,10,150
56073,game,3,218.49,,81,1,83.13,97.62,288,2,,,235,centre,97.62,ok,0,0,1,1,1,1,1,10,150
56075,game,3,218.49,218.49,81,1,83.13,97.62,288,2,,,235,centre,97.62,ok,0,0,1,1,1,1,1,10,150
56076,game,3,218.49,218.49,81,1,83.13,97.62,288,2,,,235,centre,97.62,ok,0,0,1,1,1,1,1,10,150
56102,game,3,218.49,218.49,81,1,83.13,97.62,288,2,,,235,centre,97.62,ok,0,0,1,1,1,1,1,10,150
56103,game,3,218.49,218.49,81,1,83.13,97.62,288,2,,,235,centre,97.62,ok,0,0,1,1,1,1,1,10,150
56173,game,3,218.49,218.49,81,1,83.13,83.13,288,2,,,235,centre,83.13,ok,0,0,1,1,1,1,1,10,150
56177,game,3,,218.49,81,1,83.13,83.13,288,2,,,235,centre,83.13,ok,0,0,1,1,1,1,1,10,150
56188,game,3,,218.49,81,1,83.78,83.13,288,2,,,235,centre,83.13,ok,0,0,1,1,1,1,1,10,150
56279,game,3,,218.49,81,1,,83.78,288,2,,,235,centre,83.78,ok,0,0,1,1,1,1,1,10,150
56283,game,3,,218.49,81,1,,83.78,288,2,,,235,centre,83.78,ok,0,0,1,1,1,1,1,10,150
56284,game,3,,218.49,81,1,,83.78,288,2,,,235,centre,83.78,ok,0,0,1,1,1,1,1,10,150
56309,game,3,,218.49,81,1,,83.78,288,2,,,235,centre,83.78,ok,0,0,1,1,1,1,1,10,150
56310,game,3,,218.49,81,1,,83.78,288,2,,,235,centre,83.78,ok,0,0,1,1,1,1,1,10,150
56377,game,3,,218.49,81,1,,83.78,288,2,,,235,centre,83.78,ok,0,0,1,1,1,1,1,10,150
56381,game,3,,218.49,81,1,,83.78,288,2,,,235,centre,83.78,ok,0,0,1,1,1,1,1,10,150
56480,game,3,,218.49,81,1,,83.78,288,2,,,235,centre,83.78,ok,0,0,1,1,1,1,1,10,150
56481,game,3,,218.49,81,1,,83.78,288,2,,,235,centre,83.78,ok,0,0,1,1,1,1,1,10,150
56501,game,3,,218.49,81,1,92.46,83.78,288,2,,,235,centre,83.78,ok,0,0,1,1,1,1,1,10,150
56502,game,3,,218.49,81,1,92.46,83.78,288,2,,,235,centre,83.78,ok,0,0,1,1,1,1,1,10,150
56503,game,3,,218.49,81,1,92.46,83.78,288,2,,,235,centre,83.78,ok,0,0,1,1,1,1,1,10,150
56525,game,3,,218.49,81,1,92.46,83.78,288,2,,,235,centre,83.78,ok,0,0,1,1,1,1,1,10,150
56585,game,3,,,81,1,91.22,92.46,288,2,,,235,centre,92.46,ok,0,0,1,1,1,1,1,10,150
56587,game,3,,,81,1,91.22,92.46,288,2,,,235,centre,92.46,ok,0,0,1,1,1,1,1,10,150
56594,game,3,,,81,1,91.22,92.46,288,2,,,235,centre,92.46,ok,0,0,1,1,1,1,1,10,150
56688,game,3,,,81,1,91.22,91.22,288,2,,,235,centre,91.22,ok,0,0,1,1,1,1,1,10,150
56689,game,3,,,81,1,91.22,91.22,288,2,,,235,centre,91.22,ok,0,0,1,1,1,1,1,10,150
56712,game,3,,,81,1,91.22,91.22,288,2,,,235,centre,91.22,ok,0,0,1,1,1,1,1,10,150
56714,game,3,,,81,1,,91.22,288,2,,,235,centre,91.22,ok,0,0,1,1,1,1,1,10,150
56715,game,3,,,81,1,,91.22,288,2,,,235,centre,91.22,ok,0,0,1,1,1,1,1,10,150
56743,game,3,,,81,1,89.52,91.22,288,2,,,235,centre,91.22,ok,0,0,1,1,1,1,1,10,150
56797,game,3,,,81,1,89.52,89.52,288,2,,,235,centre,89.52,ok,0,0,1,1,1,1,1,10,150
56831,game,3,,,81,1,89.52,89.52,288,2,,,235,centre,89.52,ok,0,0,1,1,1,1,1,10,150
56832,game,3,,,81,1,,89.52,288,2,,,235,centre,89.52,ok,0,0,1,1,1,1,1,10,150
56854,game,3,,,81,1,,89.52,288,2,,,235,centre,89.52,ok,0,0,1,1,1,1,1,10,150
56905,game,3,,,81,1,,89.52,288,2,,,235,centre,89.52,ok,0,0,1,1,1,1,1,10,150
56906,game,3,,,81,1,,89.52,288,2,,,235,centre,89.52,ok,0,0,1,1,1,1,1,10,150
56926,game,3,,,81,1,,89.52,288,2,,,235,centre,89.52,ok,0,0,1,1,1,1,1,10,150
56997,game,3,,,81,1,,89.52,288,2,169.32,,235,centre,89.52,ok,0,0,1,1,1,1,1,10,150
57005,game,3,,,81,1,,89.52,288,2,,,236,centre,89.52,ok,0,0,1,1,1,1,1,10,150
57010,game,3,,,81,1,,89.52,288,2,,,236,centre,89.52,ok,0,0,1,1,1,1,1,10,150
57011,game,3,,,81,1,,89.52,288,2,,,236,centre,89.52,ok,0,0,1,1,1,1,1,10,150
57096,game,3,,,81,1,,89.52,288,2,,,236,centre,89.52,ok,0,0,1,1,1,1,1,10,150
57097,game,3,,,81,1,,89.52,288,2,,,236,centre,89.52,ok,0,0,1,1,1,1,1,10,150
57204,game,3,,,81,1,,,288,2,,,236,,,ok,1,0,1,1,,,1,10,150
57205,game,3,,,81,1,,,288,2,,,236,,,ok,1,0,1,1,,,1,10,150
57226,game,3,,,81,1,,,288,2,,,236,,,ok,1,0,1,1,,,1,10,150
57227,game,3,,,81,1,,,288,2,,,236,,,ok,1,0,1,1,,,1,10,150
57300,game,3,,,81,1,,,288,2,,,236,,,ok,1,1,1,1,,,1,10,150
57305,game,3,,,81,1,168.81,,288,2,,,236,,,ok,1,2,1,1,,,1,10,150
57306,game,3,,,81,1,168.81,,288,2,,,236,,,ok,1,2,1,1,,,1,10,150
57329,game,3,,,81,1,,,288,2,,,236,,,ok,1,2,1,1,,,1,10,150
57330,game,3,,,81,1,,,288,2,,,236,,,ok,1,3,1,1,,,1,10,150
57412,game,3,,,81,1,,,288,2,,,236,,,ok,1,4,1,1,,,1,10,150
57413,game,3,,,81,1,,,288,2,,,236,,,ok,1,4,1,1,,,1,10,150
57427,game,3,,,81,1,,,288,2,,,236,,,ok,1,4,1,1,,,1,10,150
57433,game,3,,,81,1,,,288,2,,,236,,,ok,1,4,1,1,,,1,10,150
57507,game,3,,,81,1,,,288,2,,,236,,,ok,1,5,1,1,,,1,10,150
57513,game,3,,,81,1,,,288,2,,,236,,,ok,1,6,1,1,,,1,10,150
57526,game,3,,,81,1,,,288,2,,,236,,,ok,1,7,1,1,,,1,10,150
57608,game,3,,,81,1,,,288,2,,,236,,,ok,1,8,1,1,,,1,10,150
57610,game,3,,,81,1,,,288,2,,,236,,,ok,1,9,1,1,,,1,10,150
57611,game,3,,,81,1,,,288,2,,,236,,,ok,1,9,1,1,,,1,10,150
57708,game,3,,,81,1,,,288,2,,,236,,,ok,1,10,1,1,,,1,10,150
57709,game,3,,,81,1,,,288,2,,,236,,,ok,1,10,1,1,,,1,10,150
57724,game,3,,,81,1,,,288,2,,,236,,,ok,1,11,1,1,,,1,10,150
57724,game,3,,,81,1,,,288,2,,,236,,,ok,1,11,1,1,,,1,10,150
57812,game,3,,,81,1,,,288,2,,,236,,,ok,1,12,1,1,,,1,10,150
57813,game,3,,,81,1,,,288,2,,,236,,,ok,1,12,1,1,,,1,10,150
57828,game,3,,,81,1,,,288,2,178.7,,236,,,ok,1,13,1,1,,,1,10,150
57829,game,3,,,81,1,,,288,2,46.85,,237,,,ok,1,14,1,1,,,1,10,150
57918,game,3,,,81,1,,,288,2,,46.85,244,right,46.85,ok,0,0,1,1,2,0,1,10,150
57921,game,3,,,81,1,,,288,2,,46.85,244,right,46.85,ok,0,0,1,1,2,0,1,10,150
57936,game,3,,,81,1,,,288,2,,46.85,244,right,46.85,ok,0,0,1,1,2,0,1,10,150
58017,game,3,,,81,1,126.74,,288,2,,46.85,244,right,46.85,ok,0,0,1,1,2,0,1,10,150
58018,game,3,,,81,1,126.74,,288,2,,46.85,244,right,46.85,ok,0,0,1,1,2,0,1,10,150
58047,game,3,,,81,1,126.74,,288,2,,46.85,244,right,46.85,ok,0,0,1,1,2,0,1,10,150
58061,game,3,,,81,1,126.74,,288,2,,46.85,244,right,46.85,ok,0,0,1,1,2,0,1,10,150
58074,game,3,,,81,1,126.74,126.74,288,2,,46.85,244,right,46.85,ok,0,0,1,1,2,0,1,10,150
58118,game,3,115.04,,81,1,133.07,126.74,288,2,,46.85,244,right,46.85,ok,0,0,1,1,2,0,1,10,150
58119,game,3,115.04,,81,1,133.07,126.74,288,2,,46.85,244,right,46.85,ok,0,0,1,1,2,0,1,10,150
58146,game,3,115.04,,81,1,133.07,126.74,288,2,,46.85,244,right,46.85,ok,0,0,1,1,2,0,1,10,150
58221,game,3,115.04,,87,1,133.07,133.07,288,2,,46.85,244,right,46.85,ok,0,0,1,1,2,0,1,10,150
58222,game,3,115.04,,87,1,133.07,133.07,288,2,,46.85,244,right,46.85,ok,0,0,1,1,2,0,1,10,150
58249,game,3,,,87,1,,133.07,288,2,,46.85,244,right,46.85,ok,0,0,1,1,2,0,1,10,150
58250,game,3,,,87,1,,133.07,288,2,,46.85,244,right,46.85,ok,0,0,1,1,2,0,1,10,150
58251,game,3,,,87,1,,133.07,288,2,,46.85,244,right,46.85,ok,0,0,1,1,2,0,1,10,150
58325,game,3,,,87,1,,133.07,288,2,,,244,centre,133.07,ok,0,0,1,1,1,2,1,10,150
58326,game,3,,,87,1,,133.07,288,2,,,244,centre,133.07,ok,0,0,1,1,1,2,1,10,150
58355,game,3,,,87,1,,133.07,288,2,,,244,centre,133.07,ok,0,0,1,1,1,2,1,10,150
58356,game,3,,,87,1,,133.07,288,2,,,244,centre,133.07,ok,0,0,1,1,1,2,1,10,150
58426,game,3,114.46,,87,1,,133.07,288,2,,,244,centre,133.07,ok,0,0,1,1,1,2,1,10,150
58434,game,3,114.46,,87,1,,133.07,288,2,,,244,centre,133.07,ok,0,0,1,1,1,2,1,10,150
58452,game,3,,,88,1,,133.07,288,2,,,244,centre,133.07,ok,0,0,1,1,1,2,1,10,150
58453,game,3,,,88,1,,133.07,288,2,,,244,centre,133.07,ok,0,0,1,1,1,2,1,10,150
58474,game,3,,,88,1,,133.07,288,2,,,244,centre,133.07,ok,0,0,1,1,1,2,1,10,150
58530,game,3,,,88,1,,133.07,288,2,,,244,centre,133.07,ok,0,0,1,1,1,2,1,10,150
58539,game,3,,,88,1,,133.07,288,2,,,244,centre,133.07,ok,0,0,1,1,1,2,1,10,150
58633,game,3,,,88,1,191.87,,288,2,,,244,,,ok,1,0,1,1,,,1,10,150
58634,game,3,,,88,1,191.87,,288,2,,,244,,,ok,1,0,1,1,,,1,10,150
58664,game,3,,,88,1,191.87,,288,2,,,244,,,ok,1,0,1,1,,,1,10,150
58687,game,3,,,88,1,191.87,,288,2,,,244,,,ok,1,0,1,1,,,1,10,150
58688,game,3,,,88,1,191.87,,288,2,,,244,,,ok,1,0,1,1,,,1,10,150
58689,game,3,,,88,1,,,289,2,,,244,,,ok,1,1,1,1,,,1,10,150
58691,game,3,,,88,1,,,289,2,,,244,,,ok,1,2,1,1,,,1,10,150
58778,game,3,,,88,1,,,289,2,,,244,,,ok,1,3,1,1,,,1,10,150
58780,game,3,,,88,1,,,289,2,,,244,,,ok,1,4,1,1,,,1,10,150
58785,game,3,,,88,1,,,289,2,,,244,,,ok,1,4,1,1,,,1,10,150
58861,game,3,,,88,1,,,289,2,,,244,,,ok,1,5,1,1,,,1,10,150
58862,game,3,,,88,1,,,289,2,,,244,,,ok,1,5,1,1,,,1,10,150
58886,game,3,,,88,1,,,289,2,,,244,,,ok,1,5,1,1,,,1,10,150
58938,game,3,118.4,,88,1,,,289,2,,,244,,,ok,1,6,1,1,,,1,10,150
58939,game,3,118.4,,88,1,,,289,2,,,244,,,ok,1,6,1,1,,,1,10,150
58973,game,3,118.4,,88,1,,,289,2,,,244,,,ok,1,6,1,1,,,1,10,150
59041,game,3,,118.4,88,1,,,289,2,,,244,left,118.4,ok,0,0,1,1,0,2,1,10,150
59042,game,3,,118.4,88,1,,,289,2,,,244,left,118.4,ok,0,0,1,1,0,2,1,10,150
59069,game,3,,118.4,88,1,,,289,2,,,244,left,118.4,ok,0,0,1,1,0,2,1,10,150
59084,game,3,,118.4,88,1,,,289,2,,,244,left,118.4,ok,0,0,1,1,0,2,1,10,150
59098,game,3,,118.4,88,1,,,289,2,,,244,left,118.4,ok,0,0,1,1,0,2,1,10,150
59099,game,3,,118.4,88,1,,,289,2,,,244,left,118.4,ok,0,0,1,1,0,2,1,10,150
59177,game,3,,118.4,88,1,,,289,2,,,244,left,118.4,ok,0,0,1,1,0,2,1,10,150
59182,game,3,,118.4,88,1,,,289,2,45.48,,244,left,118.4,ok,0,0,1,1,0,2,1,10,150
59207,game,3,,118.4,88,1,,,289,2,45.48,,244,left,118.4,ok,0,0,1,1,0,2,1,10,150
59225,game,3,,118.4,88,1,,,289,2,45.48,45.48,244,right,45.48,ok,0,0,1,1,2,0,1,10,150
59269,game,3,,118.4,88,1,,,289,2,,45.48,244,right,45.48,ok,0,0,1,1,2,0,1,10,150
59274,game,3,,118.4,88,1,,,289,2,,45.48,244,right,45.48,ok,0,0,1,1,2,0,1,10,150
59309,game,3,,118.4,88,1,134.08,,289,2,,45.48,244,right,45.48,ok,0,0,1,1,2,0,1,10,150
59369,game,3,,118.4,88,1,,134.08,289,2,,45.48,244,right,45.48,ok,0,0,1,1,2,0,1,10,150
59370,game,3,,118.4,88,1,,134.08,289,2,,45.48,244,right,45.48,ok,0,0,1,1,2,0,1,10,150
59384,game,3,,118.4,88,1,,134.08,289,2,,45.48,244,right,45.48,ok,0,0,1,1,2,0,1,10,150
59451,game,3,,,88,1,,134.08,289,2,,45.48,244,right,45.48,ok,0,0,1,1,2,0,1,10,150
59464,game,3,,,88,1,,134.08,289,2,,45.48,244,right,45.48,ok,0,0,1,1,2,0,1,10,150
59555,game,3,,,88,1,,134.08,289,2,,45.48,244,right,45.48,ok,0,0,2,0,2,0,1,10,150
59556,game,3,,,88,1,,134.08,289,2,,45.48,244,right,45.48,ok,0,0,2,0,2,0,1,10,150
59580,game,3,,,88,1,,134.08,289,2,,45.48,244,right,45.48,ok,0,0,2,0,2,0,1,10,150
59581,game,3,,,88,1,,134.08,289,2,,45.48,244,right,45.48,ok,0,0,2,0,2,0,1,10,150
59582,game,3,,,88,1,,134.08,289,2,,45.48,244,right,45.48,ok,0,0,2,0,2,0,1,10,150
59656,game,3,,,88,1,,134.08,289,2,,,244,centre,134.08,ok,0,0,2,0,1,2,1,10,150
59658,game,3,,,88,1,,134.08,289,2,,,244,centre,134.08,ok,0,0,2,0,1,2,1,10,150
59661,game,3,123.07,,88,1,,134.08,289,2,,,244,centre,134.08,ok,0,0,2,0,1,2,1,10,150
59683,game,3,123.07,123.07,88,1,,134.08,289,2,152,,244,left,123.07,ok,0,0,2,0,0,2,1,10,150
59684,game,3,123.07,123.07,88,1,,134.08,289,2,152,,245,left,123.07,ok,0,0,2,0,0,2,1,10,150
59766,game,3,123.07,123.07,88,1,,,289,2,,152,251,left,123.07,ok,0,0,2,0,0,2,1,10,150
59771,game,3,123.07,123.07,88,1,,,289,2,,152,251,left,123.07,ok,0,0,2,0,0,2,1,10,150
59864,game,3,,123.07,88,1,,,289,2,,152,251,left,123.07,ok,0,0,2,0,0,2,1,10,150
59865,game,3,,123.07,88,1,,,289,2,,152,251,left,123.07,ok,0,0,2,0,0,2,1,10,150
59886,game,3,,123.07,88,1,,,289,2,,152,251,left,123.07,ok,0,0,2,0,0,2,1,10,150
59967,game,3,120.63,123.07,88,1,,,289,2,,152,251,left,123.07,ok,0,0,2,0,0,2,1,10,150
59969,game,3,120.63,123.07,88,1,,,289,2,,152,251,left,123.07,ok,0,0,2,0,0,2,1,10,150
59990,game,3,120.63,123.07,88,1,,,289,2,,152,251,left,123.07,ok,0,0,2,0,0,2,1,10,150
59991,game,3,120.63,123.07,88,1,,,289,2,,152,251,left,123.07,ok,0,0,2,0,0,2,1,10,150
60004,game,3,120.63,123.07,88,1,,,289,2,,152,251,left,123.07,ok,0,0,2,0,0,2,1,10,150
60067,game,3,,120.63,88,1,,,289,2,,152,251,left,120.63,ok,0,0,0,2,0,2,1,10,150
60068,game,3,,120.63,88,1,,,289,2,,152,251,left,120.63,ok,0,0,0,2,0,2,1,10,150
60090,game,3,,120.63,88,1,,,289,2,,152,251,left,120.63,ok,0,0,0,2,0,2,1,10,150
60091,game,3,,120.63,88,1,,,289,2,,152,251,left,120.63,ok,0,0,0,2,0,2,1,10,150
60092,game,3,,120.63,88,1,,,289,2,,152,251,left,120.63,ok,0,0,0,2,0,2,1,10,150
60169,game,3,,120.63,88,1,142.64,,289,2,,,251,left,120.63,ok,0,0,0,2,0,2,1,10,150
60181,game,3,,120.63,88,1,142.64,142.64,289,2,,,251,left,120.63,ok,0,0,0,2,0,2,1,10,150
60227,game,3,,120.63,88,1,142.64,142.64,289,2,,,251,left,120.63,ok,0,0,0,2,0,2,1,10,150
60229,game,3,,120.63,88,1,142.64,142.64,289,2,,,251,left,120.63,ok,0,0,0,2,0,2,1,10,150
60243,game,3,,120.63,88,1,142.64,142.64,289,2,,,251,left,120.63,ok,0,0,0,2,0,2,1,10,150
60268,game,3,,120.63,88,1,,142.64,289,2,,,251,left,120.63,ok,0,0,0,2,0,2,1,10,150
60373,game,3,,120.63,88,1,,142.64,289,2,,,251,left,120.63,ok,0,0,0,2,0,2,1,10,150
60375,game,3,,120.63,88,1,,142.64,289,2,,,251,left,120.63,ok,0,0,0,2,0,2,1,10,150
60389,game,3,,120.63,88,1,,142.64,289,2,,,251,left,120.63,ok,0,0,0,2,0,2,1,10,150
60402,game,3,,120.63,88,1,,142.64,289,2,,,251,left,120.63,ok,0,0,0,2,0,2,1,10,150
60475,game,3,,,88,1,,142.64,289,2,,,251,centre,142.64,ok,0,0,0,2,1,2,1,10,150
60476,game,3,,,88,1,,142.64,289,2,,,251,centre,142.64,ok,0,0,0,2,1,2,1,10,150
60491,game,3,,,88,1,,142.64,289,2,,,251,centre,142.64,ok,0,0,0,2,1,2,1,10,150
60505,game,3,,,88,1,,142.64,289,2,,,251,centre,142.64,ok,0,0,0,2,1,2,1,10,150
60506,game,3,,,88,1,,142.64,289,2,,,251,centre,142.64,ok,0,0,0,2,1,2,1,10,150
60580,game,3,,,88,1,,142.64,289,2,,,251,centre,142.64,ok,0,0,0,2,1,2,1,10,150
60581,game,3,,,88,1,164.19,142.64,289,2,,,251,centre,142.64,ok,0,0,0,2,1,2,1,10,150
60680,game,3,,,88,1,,164.19,289,2,,,251,centre,164.19,ok,1,0,0,2,,,1,10,150
60680,game,3,,,88,1,,164.19,289,2,,,251,centre,164.19,ok,1,0,0,2,,,1,10,150
60702,game,3,,,88,1,,164.19,289,2,,,251,centre,164.19,ok,1,1,0,2,,,1,10,150
60703,game,3,,,88,1,,164.19,289,2,,,251,centre,164.19,ok,1,2,0,2,,,1,10,150
60704,game,3,,,88,1,,164.19,289,2,,,251,centre,164.19,ok,1,2,0,2,,,1,10,150
60727,game,3,122.61,,88,1,,164.19,289,2,128.59,,251,centre,164.19,ok,1,3,0,2,,,1,10,150
60729,game,3,122.61,122.61,88,1,,164.19,289,2,128.59,128.59,251,left,122.61,ok,0,0,0,2,0,2,1,10,150
60734,game,3,122.61,122.61,88,1,,164.19,289,2,128.59,128.59,251,left,122.61,ok,0,0,0,2,0,2,1,10,150
60821,game,3,,122.61,88,1,,164.19,289,2,,128.59,251,left,122.61,ok,0,0,0,2,0,2,1,10,150
60822,game,3,,122.61,88,1,,164.19,289,2,,128.59,251,left,122.61,ok,0,0,0,2,0,2,1,10,150
60843,game,3,,122.61,88,1,,164.19,289,2,,128.59,251,left,122.61,ok,0,0,0,2,0,2,1,10,150
60900,game,3,,122.61,88,1,,164.19,289,2,,128.59,251,left,122.61,ok,0,0,0,2,0,2,1,10,150
60904,game,3,,122.61,88,1,,164.19,289,2,,128.59,251,left,122.61,ok,0,0,0,2,0,2,1,10,150
60987,game,3,,122.61,88,1,211.24,164.19,289,2,,128.59,251,left,122.61,ok,0,0,0,2,0,2,1,10,150
60989,game,3,,122.61,88,1,211.24,164.19,289,2,,128.59,251,left,122.61,ok,0,0,0,2,0,2,1,10,150
61009,game,3,,122.61,88,1,211.24,164.19,289,2,,128.59,251,left,122.61,ok,0,0,0,2,0,2,1,10,150
61090,game,3,,122.61,88,1,,211.24,296,2,,128.59,251,left,122.61,ok,0,0,0,2,0,2,1,10,150
61092,game,3,,122.61,88,1,,211.24,296,2,,128.59,251,left,122.61,ok,0,0,0,2,0,2,1,10,150
61111,game,3,,122.61,88,1,,211.24,296,2,,128.59,251,left,122.61,ok,0,0,0,2,0,2,1,10,150
61112,game,3,,122.61,88,1,,211.24,296,2,,128.59,251,left,122.61,ok,0,0,0,2,0,2,1,10,150
61191,game,3,,,88,1,,211.24,296,2,,,251,centre,211.24,ok,1,0,0,2,,,1,10,150
61192,game,3,,,88,1,,211.24,296,2,,,251,centre,211.24,ok,1,0,0,2,,,1,10,150
61212,game,3,,,88,1,,211.24,296,2,,,251,centre,211.24,ok,1,0,0,2,,,1,10,150
61214,game,3,,,88,1,,211.24,296,2,,,251,centre,211.24,ok,1,1,0,2,,,1,10,150
61215,game,3,,,88,1,153.39,211.24,296,2,,,251,centre,211.24,ok,1,1,0,2,,,1,10,150